Customer_ID,Customer_Status,Churn,Churn_Score,Churn_Category,Churn_Reason,Satisfaction_Score,CLTV,Age,Gender,Senior_Citizen,Tenure_in_Months,Contract,Monthly_Charge,Total_Charges,Total_Revenue,Internet_Service,Internet_Type,Phone_Service,Unlimited_Data,Avg_Monthly_GB_Download,Avg_Monthly_Long_Distance_Charges,City,State,Country,Payment_Method
3256-EZDBI,Stayed,0,80,,,4,6285,71,Male,1,51,Month-to-Month,$29.45,"$1,459.35","$1,459.35",1,DSL,0,1,21,$0.00,Greenville,California,United States,Credit Card
9220-CXRSC,Stayed,0,80,,,3,5266,56,Female,0,69,Two Year,$61.40,"$4,059.85","$6,755.68",1,DSL,1,1,19,$39.07,Heber,California,United States,Credit Card
9137-UIYPG,Stayed,0,80,,,3,5447,33,Female,0,35,Month-to-Month,$106.90,"$3,756.45","$4,785.13",1,Fiber Optic,1,0,56,$26.09,Butte City,California,United States,Bank Withdrawal
8232-CTLKO,Stayed,0,80,,,3,5979,58,Female,0,66,Two Year,$59.75,"$3,996.80","$4,550.54",1,DSL,1,1,16,$8.39,Ocotillo,California,United States,Bank Withdrawal
0260-ZDLGK,Churned,1,65,Competitor,Competitor made better offer,1,3585,50,Female,0,9,Month-to-Month,$72.90,$651.40,$970.81,1,Cable,1,1,11,$35.49,San Dimas,California,United States,Credit Card
6424-ELEYH,Churned,1,65,Competitor,Competitor had better devices,1,3972,39,Female,0,3,Month-to-Month,$74.75,$229.50,$335.04,1,Fiber Optic,1,1,13,$35.18,Lebec,California,United States,Credit Card
4010-YLMVT,Stayed,0,80,,,4,5056,25,Female,0,56,Month-to-Month,$106.60,"$5,893.95","$7,281.07",1,Fiber Optic,1,1,51,$24.77,Yucaipa,California,United States,Credit Card
0923-PNFUB,Churned,1,65,Attitude,Attitude of support person,2,4852,55,Female,0,3,Month-to-Month,$83.75,$247.25,$386.33,1,Fiber Optic,1,1,4,$46.36,Westlake Village,California,United States,Bank Withdrawal
9143-CANJF,Stayed,0,80,,,3,2200,29,Female,0,24,Month-to-Month,$55.15,"$1,319.85","$1,976.73",1,DSL,1,1,85,$27.37,Topaz,California,United States,Bank Withdrawal
4884-LEVMQ,Stayed,0,80,,,5,2165,39,Male,0,39,Two Year,$20.45,$790.00,"$2,209.21",0,,1,0,0,$36.39,Valley Springs,California,United States,Bank Withdrawal
9670-BPNXF,Stayed,0,80,,,3,2935,48,Female,0,45,One Year,$62.55,"$2,796.45","$3,174.45",1,DSL,1,1,8,$8.40,Glennville,California,United States,Credit Card
8495-PRWFH,Stayed,0,80,,,4,5831,66,Female,1,42,Month-to-Month,$55.65,"$2,421.75","$3,555.75",1,Cable,1,1,30,$27.00,Waterford,California,United States,Bank Withdrawal
0619-OLYUR,Stayed,0,80,,,3,6437,32,Male,0,72,Two Year,$111.90,"$8,071.05","$11,514.81",1,Fiber Optic,1,1,27,$47.83,Garden Grove,California,United States,Credit Card
4283-FUTGF,Churned,1,65,Dissatisfaction,Network reliability,3,3715,67,Male,1,19,Month-to-Month,$79.85,"$1,471.75","$1,790.57",1,Fiber Optic,1,1,15,$16.78,El Sobrante,California,United States,Bank Withdrawal
7794-JASDG,Joined,0,80,,,3,2250,37,Male,0,1,Month-to-Month,$50.75,$50.75,$96.52,1,DSL,1,1,20,$45.77,Winchester,California,United States,Credit Card
3656-TKRVZ,Churned,1,65,Competitor,Competitor offered more data,2,5787,19,Female,0,3,Month-to-Month,$55.35,$165.20,$168.92,1,DSL,1,1,52,$1.24,Chula Vista,California,United States,Bank Withdrawal
5546-BYZSM,Stayed,0,80,,,5,2839,52,Female,0,41,Month-to-Month,$20.45,$775.60,"$1,410.28",0,,1,0,0,$15.48,Oak View,California,United States,Bank Withdrawal
6693-FRIRW,Stayed,0,80,,,3,5948,61,Male,0,18,Month-to-Month,$101.30,"$1,794.65","$1,930.73",1,Fiber Optic,1,1,20,$7.56,Newport Beach,California,United States,Credit Card
7291-CDTMJ,Joined,0,80,,,3,3075,40,Male,0,1,Month-to-Month,$19.65,$19.65,$33.50,0,,1,0,0,$13.85,Laguna Beach,California,United States,Bank Withdrawal
6521-YYTYI,Churned,1,65,Other,Moved,3,2578,59,Male,0,1,Month-to-Month,$93.30,$93.30,$101.29,1,Fiber Optic,1,1,30,$7.99,Navarro,California,United States,Bank Withdrawal
0958-YHXGP,Stayed,0,80,,,4,4562,25,Female,0,7,Month-to-Month,$69.90,$497.30,$714.23,1,Fiber Optic,1,1,42,$30.99,Oakland,California,United States,Credit Card
2740-TVLFN,Joined,0,80,,,3,3043,42,Male,0,1,Month-to-Month,$50.15,$50.15,$90.02,1,DSL,1,1,2,$39.87,Manteca,California,United States,Bank Withdrawal
5148-ORICT,Stayed,0,80,,,3,4781,23,Female,0,64,Two Year,$74.35,"$4,759.55","$5,913.47",1,Cable,1,1,42,$18.03,Olivehurst,California,United States,Mailed Check
4918-QLLIW,Churned,1,65,Other,Don't know,2,2755,23,Male,0,3,Month-to-Month,$53.40,$188.70,$331.74,1,DSL,1,1,82,$47.68,Santa Monica,California,United States,Credit Card
5351-QESIO,Joined,0,80,,,5,4276,64,Male,0,1,Month-to-Month,$24.20,$24.20,$24.20,1,Cable,0,1,17,$0.00,San Diego,California,United States,Mailed Check
5429-LWCMV,Stayed,0,80,,,5,4041,52,Female,0,12,Month-to-Month,$89.15,"$1,057.55","$1,544.31",1,Fiber Optic,1,0,6,$34.73,Gardena,California,United States,Bank Withdrawal
6313-GIDIT,Churned,1,65,Price,Price too high,2,6280,73,Male,1,53,Month-to-Month,$54.45,"$2,854.55","$2,834.39",1,DSL,0,1,25,$0.00,Point Arena,California,United States,Bank Withdrawal
2154-KVJFF,Churned,1,65,Dissatisfaction,Limited range of services,3,2813,42,Female,0,15,Month-to-Month,$79.75,"$1,111.85","$1,754.30",1,Fiber Optic,1,1,21,$42.83,Stevinson,California,United States,Bank Withdrawal
7315-WYOAW,Stayed,0,80,,,3,5985,29,Male,0,13,Month-to-Month,$100.75,"$1,313.25","$2,010.84",1,Fiber Optic,1,0,41,$44.43,Santa Monica,California,United States,Bank Withdrawal
3935-TBRZZ,Stayed,0,80,,,3,3037,54,Male,0,44,One Year,$25.70,"$1,110.50","$1,785.02",0,,1,0,0,$15.33,Twentynine Palms,California,United States,Credit Card
6682-QJDGB,Churned,1,65,Competitor,Competitor made better offer,1,2810,20,Male,0,40,Month-to-Month,$55.25,"$2,139.20","$2,462.40",1,DSL,1,1,76,$8.08,San Diego,California,United States,Mailed Check
8785-EPNCG,Churned,1,65,Competitor,Competitor made better offer,1,5671,42,Male,0,11,Month-to-Month,$23.15,$245.20,$585.21,0,,1,0,0,$30.91,Sacramento,California,United States,Credit Card
9552-TGUZV,Stayed,0,80,,,3,5413,57,Male,0,8,Month-to-Month,$75.00,$658.10,$823.46,1,Fiber Optic,1,1,18,$20.67,Upland,California,United States,Credit Card
5018-LXQQG,Stayed,0,80,,,3,4631,47,Female,0,30,Month-to-Month,$66.30,"$1,923.50","$2,417.90",1,DSL,1,1,17,$16.48,Torrance,California,United States,Bank Withdrawal
4580-TMHJU,Churned,1,65,Other,Don't know,2,2152,57,Female,0,43,Month-to-Month,$56.15,"$2,499.30","$4,101.05",1,DSL,1,1,20,$37.25,Avenal,California,United States,Bank Withdrawal
9122-UMROB,Joined,0,80,,,4,4270,29,Male,0,1,Month-to-Month,$20.30,$20.30,$31.14,0,,1,0,0,$10.84,Los Angeles,California,United States,Credit Card
6693-DJWTY,Stayed,0,80,,,3,5964,46,Female,0,35,One Year,$55.60,"$2,016.45","$2,456.05",1,DSL,1,1,56,$12.56,Inglewood,California,United States,Credit Card
9084-OAYKL,Stayed,0,80,,,4,4758,29,Male,0,58,Two Year,$20.80,"$1,212.25","$4,055.41",0,,1,0,0,$49.02,Little River,California,United States,Credit Card
6595-COKXZ,Churned,1,65,Attitude,Attitude of service provider,3,4879,63,Female,0,1,Month-to-Month,$44.45,$44.45,$92.76,1,Cable,1,1,22,$48.31,Plymouth,California,United States,Mailed Check
3066-RRJIO,Churned,1,65,Competitor,Competitor made better offer,3,5341,29,Female,0,1,Month-to-Month,$69.95,$69.95,$82.99,1,Fiber Optic,1,1,46,$13.04,San Francisco,California,United States,Credit Card
3955-JBZZM,Stayed,0,80,,,3,2317,45,Male,0,20,Month-to-Month,$78.80,"$1,641.30","$2,549.10",1,Fiber Optic,1,1,24,$45.39,Hermosa Beach,California,United States,Bank Withdrawal
9314-IJWSQ,Stayed,0,80,,,3,2452,46,Female,0,14,Month-to-Month,$84.80,"$1,203.90","$1,576.02",1,Fiber Optic,1,1,53,$26.58,Meridian,California,United States,Bank Withdrawal
5539-HIVAK,Stayed,0,80,,,4,3136,79,Female,1,28,Month-to-Month,$25.70,$734.60,"$1,450.56",0,,1,0,0,$25.57,Friant,California,United States,Mailed Check
2959-MJHIC,Churned,1,65,Dissatisfaction,Product dissatisfaction,1,4167,60,Male,0,4,Month-to-Month,$80.35,$307.40,$437.12,1,Fiber Optic,1,1,13,$32.43,Hinkley,California,United States,Bank Withdrawal
3766-EJLFL,Stayed,0,80,,,4,6391,55,Female,0,68,Two Year,$109.05,"$7,508.55","$8,761.11",1,Fiber Optic,1,1,53,$18.42,Mill Creek,California,United States,Bank Withdrawal
3439-GVUSX,Joined,0,80,,,3,4570,45,Male,0,1,Month-to-Month,$24.40,$24.40,$24.40,1,DSL,0,1,29,$0.00,Lookout,California,United States,Credit Card
6652-YFFJO,Stayed,0,80,,,5,2775,42,Female,0,11,Month-to-Month,$64.90,$716.10,$865.26,1,Cable,1,1,17,$13.56,Tuolumne,California,United States,Bank Withdrawal
8132-YPVBX,Stayed,0,80,,,5,3291,28,Female,0,6,Month-to-Month,$85.95,$514.60,$758.44,1,Fiber Optic,1,1,51,$40.64,Salinas,California,United States,Credit Card
1442-OKRJE,Stayed,0,80,,,4,4663,40,Male,0,66,One Year,$103.15,"$7,031.30","$9,635.00",1,Fiber Optic,1,1,19,$39.45,Los Angeles,California,United States,Bank Withdrawal
2400-XIWIO,Stayed,0,80,,,3,5054,30,Female,0,71,Two Year,$90.10,"$6,310.90","$7,896.33",1,Cable,1,1,71,$22.33,Lucerne,California,United States,Bank Withdrawal
2499-AJYUA,Stayed,0,80,,,5,5933,69,Female,1,72,Two Year,$110.80,"$7,882.25","$9,023.45",1,Fiber Optic,1,1,2,$15.85,Benton,California,United States,Credit Card
6876-ADESB,Churned,1,65,Competitor,Competitor offered higher download speeds,1,3913,22,Male,0,1,Month-to-Month,$48.95,$48.95,$83.35,1,Cable,1,1,52,$34.40,Etna,California,United States,Bank Withdrawal
6968-GMKPR,Stayed,0,80,,,3,5167,39,Female,0,55,Month-to-Month,$81.55,"$4,509.50","$5,738.20",1,Fiber Optic,1,1,4,$22.34,French Gulch,California,United States,Bank Withdrawal
1187-WILMM,Stayed,0,80,,,3,5004,39,Male,0,63,Two Year,$89.40,"$5,597.65","$8,404.30",1,DSL,1,1,29,$44.55,Lindsay,California,United States,Credit Card
9840-EFJQB,Joined,0,80,,,4,4237,43,Female,0,1,Month-to-Month,$74.35,$74.35,$98.76,1,Fiber Optic,1,1,4,$24.41,Sylmar,California,United States,Bank Withdrawal
4195-SMMNX,Churned,1,65,Attitude,Attitude of support person,2,5627,62,Male,0,2,Month-to-Month,$20.35,$33.20,$97.26,0,,1,0,0,$32.03,Hydesville,California,United States,Mailed Check
3396-DKDEL,Stayed,0,80,,,4,4388,45,Female,0,70,Two Year,$115.15,"$8,250.00","$9,045.20",1,Fiber Optic,1,1,53,$11.36,King City,California,United States,Credit Card
5125-CNDSP,Stayed,0,80,,,3,6406,48,Male,0,63,One Year,$40.60,"$2,588.95","$2,588.95",1,DSL,0,1,28,$0.00,Big Creek,California,United States,Bank Withdrawal
0696-UKTOX,Stayed,0,80,,,4,2496,64,Male,0,23,Month-to-Month,$54.15,"$1,312.45","$1,545.65",1,Cable,1,0,27,$8.40,North Hills,California,United States,Bank Withdrawal
8642-GVWRF,Churned,1,65,Competitor,Competitor had better devices,1,3039,25,Female,0,2,Month-to-Month,$79.70,$165.00,$222.72,1,Fiber Optic,1,1,26,$28.86,Capitola,California,United States,Bank Withdrawal
0871-OPBXW,Joined,0,80,,,3,5191,57,Female,0,2,Month-to-Month,$20.05,$39.25,$52.95,0,,1,0,0,$6.85,Escondido,California,United States,Mailed Check
9831-BPFRI,Churned,1,65,Dissatisfaction,Poor expertise of online support,2,3849,50,Female,0,39,One Year,$89.55,"$3,474.45","$4,851.93",1,Fiber Optic,1,1,30,$35.32,Ferndale,California,United States,Bank Withdrawal
6384-VMJHP,Stayed,0,80,,,4,5127,23,Female,0,72,Two Year,$73.00,"$5,265.20","$6,922.64",1,Cable,1,1,69,$23.02,Bethel Island,California,United States,Credit Card
8076-FEZKJ,Stayed,0,80,,,3,5039,58,Male,0,10,One Year,$19.50,$225.85,$382.95,0,,1,0,0,$15.71,Silverado,California,United States,Credit Card
0374-FIUCA,Stayed,0,80,,,3,5368,59,Male,0,65,Two Year,$20.40,"$1,414.45","$2,939.35",0,,1,0,0,$23.46,Orange,California,United States,Credit Card
0454-OKRCT,Stayed,0,80,,,4,5542,32,Male,0,33,Two Year,$80.60,"$2,651.10","$3,801.15",1,Fiber Optic,1,1,27,$34.85,Palo Alto,California,United States,Bank Withdrawal
2866-IKBTM,Joined,0,80,,,4,3968,57,Female,0,1,Month-to-Month,$19.55,$19.55,$60.18,0,,1,0,0,$40.63,Dana Point,California,United States,Credit Card
4680-KUTAJ,Stayed,0,80,,,4,5014,73,Female,1,11,Two Year,$55.60,$580.80,$596.51,1,DSL,1,1,3,$2.81,Beverly Hills,California,United States,Bank Withdrawal
8777-MBMTS,Stayed,0,80,,,4,4872,65,Female,1,65,Two Year,$105.85,"$6,725.50","$9,097.35",1,Fiber Optic,1,1,9,$36.49,West Covina,California,United States,Credit Card
5236-XMZJY,Stayed,0,80,,,3,3048,27,Female,0,42,Month-to-Month,$59.65,"$2,536.55","$3,463.91",1,Cable,1,1,26,$22.08,Los Angeles,California,United States,Bank Withdrawal
5568-DMXZS,Stayed,0,80,,,5,5227,36,Female,0,8,Month-to-Month,$65.45,$554.45,$853.41,1,Cable,1,1,16,$37.37,San Diego,California,United States,Bank Withdrawal
9136-ALYBR,Churned,1,65,Price,Extra data charges,3,2121,44,Male,0,1,Month-to-Month,$24.45,$24.45,$24.45,1,Cable,0,1,2,$0.00,Fontana,California,United States,Mailed Check
4536-PLEQY,Stayed,0,80,,,3,2540,44,Male,0,12,Month-to-Month,$85.05,$999.80,"$1,535.00",1,Fiber Optic,1,1,20,$44.60,Los Angeles,California,United States,Credit Card
3173-NVMPX,Stayed,0,80,,,5,4291,51,Female,0,9,Month-to-Month,$55.30,$501.20,$711.44,1,DSL,1,1,22,$23.36,Newport Beach,California,United States,Credit Card
8189-DUKMV,Stayed,0,80,,,5,3233,52,Female,0,4,One Year,$20.50,$79.05,$257.97,0,,1,0,0,$44.73,Rancho Cordova,California,United States,Bank Withdrawal
2796-NNUFI,Stayed,0,80,,,5,5480,56,Female,0,46,Two Year,$19.95,$927.10,"$2,328.72",0,,1,0,0,$30.47,Palos Verdes Peninsula,California,United States,Credit Card
8285-ABVLB,Stayed,0,79,,,4,4311,34,Female,0,70,Two Year,$19.85,"$1,328.35","$4,158.76",0,,1,0,0,$40.91,Santa Barbara,California,United States,Credit Card
6821-BUXUX,Churned,1,65,Competitor,Competitor made better offer,1,2110,28,Female,0,13,Month-to-Month,$96.65,"$1,244.50","$1,465.76",1,Fiber Optic,1,1,41,$17.02,Temecula,California,United States,Bank Withdrawal
5789-LDFXO,Stayed,0,79,,,3,5448,60,Male,0,24,One Year,$24.60,$592.65,"$1,728.57",0,,1,0,0,$47.33,Baker,California,United States,Bank Withdrawal
9362-MWODR,Stayed,0,79,,,3,5056,63,Female,0,40,Month-to-Month,$64.10,"$2,460.35","$3,265.55",1,DSL,1,1,10,$20.13,San Mateo,California,United States,Credit Card
5820-PTRYM,Stayed,0,79,,,4,4368,75,Female,1,56,One Year,$68.45,"$4,014.00","$5,515.92",1,Cable,1,1,18,$26.82,Chula Vista,California,United States,Credit Card
5049-MUBWG,Stayed,0,79,,,3,4705,24,Male,0,26,One Year,$75.00,"$1,908.35","$3,198.21",1,DSL,1,1,76,$49.61,Carmel By The Sea,California,United States,Bank Withdrawal
2927-QRRQV,Stayed,0,79,,,4,4120,44,Male,0,46,One Year,$94.65,"$4,312.50","$4,778.48",1,Fiber Optic,1,1,3,$10.13,Scott Bar,California,United States,Bank Withdrawal
4480-QQRHC,Stayed,0,79,,,3,4899,72,Female,1,8,Two Year,$74.05,$600.15,$617.59,1,Fiber Optic,1,1,13,$2.18,Hydesville,California,United States,Bank Withdrawal
1257-SXUXQ,Stayed,0,79,,,3,4573,20,Male,0,5,Month-to-Month,$19.45,$86.05,$126.25,0,,1,0,0,$8.04,Jenner,California,United States,Credit Card
3729-OWRVL,Stayed,0,79,,,3,4295,80,Male,1,65,Two Year,$110.35,"$7,246.15","$10,121.10",1,Fiber Optic,1,1,27,$44.23,Pixley,California,United States,Bank Withdrawal
5730-RIITO,Stayed,0,79,,,3,4757,73,Female,1,43,Two Year,$33.45,"$1,500.25","$1,540.25",1,DSL,0,0,18,$0.00,Willows,California,United States,Credit Card
9504-YAZWB,Stayed,0,79,,,4,4218,28,Female,0,53,Two Year,$20.25,"$1,048.45","$2,556.83",0,,1,0,0,$28.46,Mountain Center,California,United States,Credit Card
0822-GAVAP,Churned,1,65,Competitor,Competitor made better offer,1,3146,19,Female,0,2,Month-to-Month,$34.70,$62.25,$62.25,1,DSL,0,1,76,$0.00,Posey,California,United States,Bank Withdrawal
9795-SHUHB,Stayed,0,79,,,3,5313,26,Female,0,66,Two Year,$58.20,"$3,810.80","$5,412.62",1,Cable,1,1,59,$24.27,The Sea Ranch,California,United States,Credit Card
0936-NQLJU,Stayed,0,79,,,3,5062,40,Female,0,41,Two Year,$20.65,$875.55,"$1,221.59",0,,1,0,0,$8.44,Mokelumne Hill,California,United States,Credit Card
7908-QCBCA,Churned,1,65,Competitor,Competitor had better devices,1,2404,47,Female,0,1,Month-to-Month,$69.40,$69.40,$112.86,1,Fiber Optic,1,0,12,$33.46,Atwater,California,United States,Mailed Check
1307-TVUFB,Stayed,0,79,,,4,2399,66,Male,1,42,One Year,$79.35,"$3,344.10","$3,911.52",1,Fiber Optic,1,1,19,$13.51,Santa Ynez,California,United States,Bank Withdrawal
7442-YGZFK,Joined,0,79,,,4,4796,31,Male,0,1,Month-to-Month,$49.80,$49.80,$53.77,1,DSL,1,1,11,$3.97,Campo,California,United States,Credit Card
1194-SPVSP,Joined,0,79,,,3,3625,20,Male,0,1,Month-to-Month,$19.65,$19.65,$47.53,0,,1,0,0,$27.88,Soquel,California,United States,Bank Withdrawal
4174-LPGTI,Churned,1,65,Other,Moved,3,2517,49,Female,0,41,One Year,$66.50,"$2,728.60","$4,041.42",1,DSL,1,1,28,$32.02,Beaumont,California,United States,Bank Withdrawal
6322-HRPFA,Stayed,0,79,,,3,4986,42,Male,0,49,Month-to-Month,$59.60,"$2,970.30","$3,229.51",1,Cable,1,1,30,$5.29,Los Angeles,California,United States,Credit Card
3654-ARMGP,Stayed,0,79,,,4,4730,60,Female,0,61,Two Year,$88.65,"$5,321.25","$6,515.63",1,DSL,1,1,22,$19.58,Los Angeles,California,United States,Credit Card
6891-JPYFF,Stayed,0,79,,,3,4275,57,Female,0,48,Month-to-Month,$105.25,"$4,997.50","$6,455.52",1,Fiber Optic,1,1,53,$30.41,San Jose,California,United States,Credit Card
7036-ZZKBD,Stayed,0,79,,,4,3282,56,Male,0,31,Month-to-Month,$66.40,"$2,019.80","$2,804.10",1,Cable,1,1,28,$25.30,Lincoln,California,United States,Credit Card
4495-LHSSK,Stayed,0,79,,,3,3425,25,Female,0,18,Month-to-Month,$57.65,$992.70,"$1,307.88",1,DSL,1,1,30,$17.51,Camp Nelson,California,United States,Credit Card
7284-ZZLOH,Stayed,0,79,,,3,2929,37,Male,0,45,Two Year,$53.30,"$2,296.25","$4,333.40",1,DSL,1,0,4,$43.27,Alta,California,United States,Credit Card
7647-GYYKX,Stayed,0,79,,,3,5646,48,Female,0,54,Two Year,$20.35,"$1,092.35","$3,356.57",0,,1,0,0,$41.93,San Marcos,California,United States,Bank Withdrawal
7169-YWAMK,Stayed,0,79,,,3,5504,52,Male,0,72,Two Year,$68.40,"$4,855.35","$6,004.47",1,DSL,1,1,26,$15.96,Sunol,California,United States,Bank Withdrawal
5099-BAILX,Churned,1,65,Competitor,Competitor made better offer,2,2728,77,Male,1,43,Month-to-Month,$110.75,"$4,687.90","$5,312.26",1,Fiber Optic,1,1,5,$14.52,Santa Barbara,California,United States,Bank Withdrawal
4295-YURET,Stayed,0,79,,,4,6357,78,Female,1,56,Two Year,$72.60,"$4,084.35","$4,556.43",1,DSL,1,0,19,$5.93,San Quentin,California,United States,Credit Card
5348-CAGXB,Stayed,0,79,,,4,2325,60,Male,0,12,Month-to-Month,$89.55,"$1,021.75","$1,422.07",1,Fiber Optic,1,1,22,$33.36,Irvine,California,United States,Bank Withdrawal
5380-WJKOV,Churned,1,65,Competitor,Competitor offered higher download speeds,2,2941,51,Male,0,34,Month-to-Month,$106.35,"$3,549.25","$4,286.71",1,Fiber Optic,1,1,28,$21.69,Los Angeles,California,United States,Bank Withdrawal
1073-XXCZD,Stayed,0,79,,,4,6228,54,Male,0,55,Two Year,$25.70,"$1,443.65","$2,115.20",0,,1,0,0,$12.21,Bakersfield,California,United States,Bank Withdrawal
6036-TTFYU,Stayed,0,79,,,3,4298,48,Female,0,16,Month-to-Month,$19.60,$314.45,"$1,037.38",0,,1,0,0,$46.86,Thousand Oaks,California,United States,Credit Card
7312-XSBAT,Joined,0,79,,,4,2908,47,Male,0,1,Month-to-Month,$49.75,$49.75,$91.54,1,DSL,1,1,14,$41.79,Bakersfield,California,United States,Bank Withdrawal
7596-IIWYC,Stayed,0,79,,,3,5250,62,Female,0,27,Two Year,$20.25,$538.20,"$1,503.99",0,,1,0,0,$35.77,Fiddletown,California,United States,Bank Withdrawal
3472-OAOOR,Stayed,0,79,,,3,3422,23,Male,0,19,Month-to-Month,$34.95,$610.20,$610.20,1,Cable,0,1,52,$0.00,Mission Hills,California,United States,Credit Card
2516-VQRRV,Churned,1,65,Price,Long distance charges,3,3350,77,Female,1,2,Month-to-Month,$75.45,$158.40,$205.32,1,Fiber Optic,1,1,25,$23.46,Culver City,California,United States,Credit Card
6988-CJEYV,Stayed,0,79,,,3,6148,56,Male,0,49,Month-to-Month,$98.70,"$4,920.55","$7,148.09",1,Fiber Optic,1,1,27,$45.46,Crows Landing,California,United States,Bank Withdrawal
7272-QDCKA,Stayed,0,79,,,3,5137,31,Male,0,28,One Year,$100.20,"$2,688.45","$2,991.89",1,Fiber Optic,1,1,13,$12.36,Oroville,California,United States,Bank Withdrawal
9907-SWKKF,Churned,1,65,Competitor,Competitor had better devices,1,4842,69,Female,1,1,Month-to-Month,$25.05,$25.05,$25.05,1,DSL,0,1,21,$0.00,Twain,California,United States,Credit Card
3092-IGHWF,Churned,1,65,Competitor,Competitor made better offer,2,4421,34,Male,0,67,One Year,$87.40,"$5,918.80","$7,821.60",1,Cable,1,1,10,$28.40,San Diego,California,United States,Bank Withdrawal
3452-SRFEG,Stayed,0,79,,,5,4516,39,Male,0,49,Month-to-Month,$74.60,"$3,720.35","$4,887.53",1,Fiber Optic,1,1,18,$23.82,La Verne,California,United States,Bank Withdrawal
1436-ZMJAN,Stayed,0,79,,,5,2709,62,Female,0,10,Month-to-Month,$67.80,$653.15,"$1,023.95",1,Cable,1,1,7,$37.08,Gerber,California,United States,Credit Card
3910-MRQOY,Stayed,0,79,,,3,5398,28,Female,0,72,Two Year,$19.40,"$1,496.45","$2,423.09",0,,1,0,0,$12.87,Orick,California,United States,Bank Withdrawal
5522-NYKPB,Stayed,0,79,,,3,3153,26,Male,0,25,Month-to-Month,$85.90,"$2,199.05","$2,493.80",1,Fiber Optic,1,1,59,$11.79,Burney,California,United States,Bank Withdrawal
2595-KIWPV,Stayed,0,79,,,3,4052,48,Male,0,27,Two Year,$19.70,$509.30,"$1,380.86",0,,1,0,0,$32.28,Tecate,California,United States,Credit Card
4484-GLZOU,Churned,1,65,Other,Don't know,2,4839,20,Female,0,52,Month-to-Month,$105.05,"$5,624.85","$6,147.93",1,Fiber Optic,1,1,48,$10.59,San Dimas,California,United States,Bank Withdrawal
8807-ARQET,Stayed,0,79,,,5,2454,59,Female,0,41,Month-to-Month,$40.35,"$1,677.85","$1,677.85",1,Cable,0,1,21,$0.00,Angels Camp,California,United States,Bank Withdrawal
4012-YCFAI,Stayed,0,79,,,3,6174,45,Male,0,60,Two Year,$61.35,"$3,766.20","$5,099.40",1,DSL,1,1,16,$22.22,Riverside,California,United States,Credit Card
1120-BMWUB,Churned,1,65,Other,Don't know,3,5091,36,Female,0,16,Month-to-Month,$53.90,$834.15,$983.91,1,DSL,1,0,8,$6.86,Los Angeles,California,United States,Credit Card
7168-HDQHG,Stayed,0,79,,,5,3043,56,Female,0,36,Month-to-Month,$19.20,$702.90,"$1,443.42",0,,1,0,0,$20.57,Brownsville,California,United States,Bank Withdrawal
2971-SGAFL,Stayed,0,79,,,4,5631,34,Female,0,13,Month-to-Month,$78.75,$995.35,"$1,544.55",1,DSL,1,0,23,$38.40,Millbrae,California,United States,Bank Withdrawal
9878-TNQGW,Churned,1,65,Competitor,Competitor made better offer,3,3533,51,Male,0,2,Month-to-Month,$80.95,$171.15,$205.81,1,Fiber Optic,1,1,14,$17.33,Davenport,California,United States,Bank Withdrawal
2235-EZAIK,Stayed,0,79,,,4,4288,21,Female,0,72,Two Year,$79.20,"$5,401.90","$7,035.42",1,DSL,1,0,59,$22.41,Badger,California,United States,Credit Card
6689-TCZHQ,Churned,1,65,Attitude,Attitude of support person,3,4054,70,Female,1,5,Month-to-Month,$78.95,$378.40,$439.75,1,Fiber Optic,1,1,20,$12.27,Claremont,California,United States,Bank Withdrawal
1095-JUDTC,Churned,1,65,Competitor,Competitor offered higher download speeds,2,5214,78,Female,1,47,Month-to-Month,$95.05,"$4,504.55","$5,172.89",1,Fiber Optic,1,1,11,$14.22,Woodbridge,California,United States,Bank Withdrawal
7799-LGRDP,Stayed,0,79,,,4,2017,42,Female,0,43,Two Year,$25.70,"$1,188.20","$2,285.99",0,,1,0,0,$25.53,Lakewood,California,United States,Credit Card
3757-NJYBX,Churned,1,65,Other,Moved,2,4113,77,Male,1,32,Month-to-Month,$106.35,"$3,520.75","$3,774.19",1,Fiber Optic,1,1,3,$7.92,Nipomo,California,United States,Bank Withdrawal
4455-BFSPD,Stayed,0,79,,,3,5177,35,Female,0,61,One Year,$101.15,"$6,383.90","$8,587.83",1,Fiber Optic,1,1,23,$36.13,Escondido,California,United States,Bank Withdrawal
3594-BDSOA,Stayed,0,79,,,5,3071,44,Female,0,24,One Year,$20.40,$482.80,"$1,343.44",0,,1,0,0,$35.86,Novato,California,United States,Credit Card
8749-CLJXC,Joined,0,79,,,5,2067,56,Male,0,1,Month-to-Month,$20.05,$20.05,$33.56,0,,1,0,0,$13.51,Ahwahnee,California,United States,Credit Card
6490-FGZAT,Stayed,0,79,,,5,3266,33,Male,0,6,Month-to-Month,$20.65,$109.30,$303.34,0,,1,0,0,$32.34,Strathmore,California,United States,Credit Card
9135-HSWOC,Stayed,0,79,,,5,5431,28,Male,0,64,Two Year,$19.70,"$1,274.05","$2,229.57",0,,1,0,0,$14.93,Fremont,California,United States,Bank Withdrawal
4559-UWIHT,Stayed,0,79,,,5,4965,37,Male,0,14,Month-to-Month,$82.65,"$1,185.00","$1,822.98",1,Fiber Optic,1,1,10,$45.57,Atascadero,California,United States,Bank Withdrawal
3891-PUQOD,Churned,1,65,Dissatisfaction,Service dissatisfaction,1,5020,40,Female,0,1,Month-to-Month,$59.20,$59.20,$72.78,1,DSL,1,1,24,$13.58,Los Angeles,California,United States,Bank Withdrawal
9953-ZMKSM,Stayed,0,79,,,4,4530,28,Male,0,63,Two Year,$25.25,"$1,559.30","$1,811.93",0,,1,0,0,$4.01,Pinole,California,United States,Mailed Check
0365-GXEZS,Stayed,0,79,,,5,2831,55,Male,0,18,Month-to-Month,$78.20,"$1,468.75","$2,040.97",1,Fiber Optic,1,1,19,$31.79,Copperopolis,California,United States,Bank Withdrawal
3090-LETTY,Joined,0,78,,,4,3172,54,Male,0,2,Month-to-Month,$60.95,$134.60,$164.36,1,DSL,1,1,12,$14.88,San Diego,California,United States,Bank Withdrawal
9488-FYQAU,Stayed,0,78,,,4,5700,64,Female,0,63,Two Year,$109.25,"$6,841.40","$7,513.61",1,Fiber Optic,1,1,23,$10.67,Artesia,California,United States,Bank Withdrawal
8869-LIHMK,Stayed,0,78,,,3,5213,51,Female,0,64,Two Year,$115.10,"$7,334.05","$10,169.89",1,Fiber Optic,1,1,4,$44.31,King City,California,United States,Bank Withdrawal
5968-HYJRZ,Stayed,0,78,,,4,3629,28,Male,0,47,Two Year,$24.55,"$1,160.45","$1,897.41",0,,1,0,0,$15.68,Kerman,California,United States,Credit Card
2979-SXESE,Churned,1,66,Other,Moved,1,4103,57,Female,0,17,Month-to-Month,$94.40,"$1,607.20","$2,045.63",1,Cable,1,1,12,$25.79,Berkeley,California,United States,Bank Withdrawal
2057-BOYKM,Stayed,0,78,,,4,5153,70,Female,1,72,Two Year,$96.60,"$6,827.50","$8,849.98",1,Fiber Optic,1,1,20,$28.09,Inglewood,California,United States,Bank Withdrawal
1724-BQUHA,Churned,1,66,Attitude,Attitude of support person,2,2718,67,Male,1,5,Month-to-Month,$89.50,$477.70,$706.30,1,Fiber Optic,1,1,6,$45.72,Los Gatos,California,United States,Bank Withdrawal
5018-HEKFO,Stayed,0,78,,,3,5594,51,Female,0,10,Month-to-Month,$24.50,$270.15,$440.25,0,,1,0,0,$17.01,Rowland Heights,California,United States,Credit Card
4360-PNRQB,Stayed,0,78,,,5,4030,27,Male,0,18,Month-to-Month,$75.60,"$1,395.05","$1,668.29",1,Fiber Optic,1,1,42,$15.18,Yucca Valley,California,United States,Bank Withdrawal
1867-TJHTS,Stayed,0,78,,,4,5709,47,Female,0,58,Month-to-Month,$79.80,"$4,526.85","$5,844.03",1,Fiber Optic,1,1,14,$22.71,Sacramento,California,United States,Bank Withdrawal
0027-KWYKW,Stayed,0,78,,,4,3585,30,Female,0,23,Month-to-Month,$83.75,"$1,849.95","$2,652.88",1,Fiber Optic,1,1,30,$34.91,Alpaugh,California,United States,Bank Withdrawal
4860-IJUDE,Stayed,0,78,,,3,2070,34,Male,0,13,Month-to-Month,$73.75,$956.65,"$1,347.43",1,Fiber Optic,1,1,5,$30.06,Ripon,California,United States,Credit Card
4720-VSTSI,Churned,1,66,Attitude,Attitude of support person,2,3997,54,Female,0,44,Month-to-Month,$84.80,"$3,862.55","$5,630.03",1,Fiber Optic,1,1,6,$40.17,Monterey Park,California,United States,Bank Withdrawal
5965-GGPRW,Stayed,0,78,,,3,4427,41,Male,0,72,Two Year,$105.25,"$7,609.75","$10,205.35",1,Fiber Optic,1,1,14,$36.05,Hayward,California,United States,Bank Withdrawal
4628-CTTLA,Churned,1,66,Dissatisfaction,Lack of self-service on Website,1,4917,23,Male,0,57,Month-to-Month,$39.30,"$2,111.45","$2,191.45",1,DSL,0,0,59,$0.00,Sanger,California,United States,Bank Withdrawal
9788-HNGUT,Stayed,0,78,,,3,5949,45,Male,0,72,Two Year,$116.95,"$8,594.40","$9,881.04",1,Fiber Optic,1,1,3,$17.87,Cabazon,California,United States,Credit Card
1723-HKXJQ,Churned,1,66,Other,Don't know,2,5545,64,Male,0,42,Month-to-Month,$101.75,"$4,273.45","$5,062.63",1,Fiber Optic,1,1,16,$18.79,San Diego,California,United States,Bank Withdrawal
6907-FLBER,Joined,0,78,,,5,3259,62,Male,0,1,Month-to-Month,$54.30,$54.30,$98.32,1,DSL,1,0,24,$34.02,Burbank,California,United States,Bank Withdrawal
8237-ULIXL,Stayed,0,78,,,3,4067,21,Female,0,72,Two Year,$24.85,"$1,871.85","$2,827.29",0,,1,0,0,$13.27,San Francisco,California,United States,Credit Card
2809-ILCYT,Stayed,0,78,,,5,3428,56,Female,0,25,One Year,$26.80,$733.55,$823.55,0,,1,0,0,$3.60,Sequoia National Park,California,United States,Credit Card
2696-NARTR,Churned,1,66,Other,Moved,2,3634,40,Male,0,11,Month-to-Month,$73.85,$926.25,"$1,420.59",1,Fiber Optic,1,1,25,$44.94,Corona Del Mar,California,United States,Bank Withdrawal
5032-USPKF,Stayed,0,78,,,3,2604,57,Female,0,38,One Year,$84.10,"$3,187.65","$4,141.83",1,DSL,1,1,13,$25.11,Indio,California,United States,Bank Withdrawal
7129-ACFOG,Stayed,0,78,,,4,2182,56,Female,0,5,Month-to-Month,$53.80,$283.95,$540.95,1,Cable,1,0,22,$49.40,Mountain Ranch,California,United States,Bank Withdrawal
2038-LLMLM,Stayed,0,78,,,5,4304,35,Female,0,48,Month-to-Month,$103.85,"$4,946.05","$5,450.05",1,Fiber Optic,1,1,12,$10.50,El Centro,California,United States,Bank Withdrawal
3167-SNQPL,Stayed,0,78,,,5,4036,71,Male,1,38,One Year,$101.15,"$3,741.85","$4,817.25",1,Fiber Optic,1,1,27,$28.30,Pine Valley,California,United States,Bank Withdrawal
3023-GFLBR,Churned,1,66,Attitude,Attitude of service provider,2,3336,63,Female,0,33,Month-to-Month,$86.15,"$2,745.70","$3,218.92",1,Fiber Optic,1,1,28,$14.34,San Bernardino,California,United States,Credit Card
1045-LTCYT,Stayed,0,78,,,3,2158,54,Female,0,8,Month-to-Month,$21.05,$139.75,$484.15,0,,1,0,0,$43.05,San Jose,California,United States,Credit Card
5917-RYRMG,Stayed,0,78,,,4,3836,79,Male,1,32,One Year,$19.80,$587.70,"$1,416.18",0,,1,0,0,$25.89,Jolon,California,United States,Credit Card
4701-LKOZD,Stayed,0,78,,,4,5150,64,Female,0,70,Two Year,$89.75,"$6,367.20","$8,544.30",1,Cable,1,0,7,$29.53,Foresthill,California,United States,Credit Card
2034-CGRHZ,Churned,1,66,Attitude,Attitude of support person,3,5245,73,Male,1,24,Month-to-Month,$102.95,"$2,496.70","$2,574.22",1,Fiber Optic,1,1,26,$3.23,San Francisco,California,United States,Credit Card
3887-PBQAO,Stayed,0,78,,,4,5741,48,Female,0,45,One Year,$25.90,"$1,216.60","$2,228.65",0,,1,0,0,$22.49,Hermosa Beach,California,United States,Credit Card
3038-PQIUY,Stayed,0,78,,,4,4933,39,Female,0,38,Month-to-Month,$66.15,"$2,522.40","$3,287.72",1,DSL,1,1,13,$20.14,Dulzura,California,United States,Bank Withdrawal
5846-QFDFI,Stayed,0,78,,,3,3648,21,Female,0,33,Month-to-Month,$88.60,"$2,888.70","$3,252.03",1,Fiber Optic,1,1,73,$11.01,Pine Valley,California,United States,Credit Card
5886-VLQVU,Stayed,0,78,,,3,4945,30,Male,0,35,Month-to-Month,$89.85,"$3,161.20","$4,050.25",1,Fiber Optic,1,0,51,$24.83,Grand Terrace,California,United States,Bank Withdrawal
1346-UFHAX,Stayed,0,78,,,3,5577,59,Female,0,13,Month-to-Month,$80.00,"$1,029.35","$1,467.32",1,Fiber Optic,1,0,15,$33.69,Woodbridge,California,United States,Credit Card
5451-MHQOF,Stayed,0,78,,,3,5623,64,Male,0,56,One Year,$24.45,"$1,431.65","$3,275.73",0,,1,0,0,$32.93,Los Angeles,California,United States,Mailed Check
8205-OTCHB,Churned,1,66,Dissatisfaction,Network reliability,3,3099,51,Male,0,22,One Year,$43.75,$903.60,$903.60,1,DSL,0,1,16,$0.00,Riverside,California,United States,Bank Withdrawal
0278-YXOOG,Churned,1,66,Attitude,Attitude of support person,3,2604,30,Male,0,5,Month-to-Month,$21.05,$113.85,$285.15,0,,1,0,0,$34.26,Inglewood,California,United States,Credit Card
0754-UKWQP,Churned,1,66,Competitor,Competitor had better devices,1,3790,63,Male,0,2,Month-to-Month,$95.85,$197.70,$272.56,1,Fiber Optic,1,1,18,$37.43,Cool,California,United States,Bank Withdrawal
8606-OEGQZ,Stayed,0,78,,,4,3416,45,Female,0,18,Two Year,$25.30,$454.65,$998.61,0,,1,0,0,$30.22,Escalon,California,United States,Credit Card
2430-USGXP,Churned,1,66,Price,Lack of affordable download/upload speed,1,4766,44,Male,0,24,Month-to-Month,$101.05,"$2,391.80","$3,222.68",1,Fiber Optic,1,1,23,$34.62,Santa Fe Springs,California,United States,Bank Withdrawal
3320-VEOYC,Stayed,0,78,,,3,3502,65,Male,1,14,Month-to-Month,$95.60,"$1,273.30","$1,799.98",1,Fiber Optic,1,1,10,$37.62,Beverly Hills,California,United States,Bank Withdrawal
0902-XKXPN,Stayed,0,78,,,3,5463,29,Male,0,69,Two Year,$20.20,"$1,376.50","$3,001.45",0,,1,0,0,$23.55,Redding,California,United States,Bank Withdrawal
2877-VDUER,Stayed,0,78,,,3,5691,36,Female,0,35,One Year,$40.90,"$1,383.60","$1,383.60",1,DSL,0,1,30,$0.00,Camp Nelson,California,United States,Credit Card
7379-POKDZ,Churned,1,66,Competitor,Competitor had better devices,1,3038,31,Male,0,3,Month-to-Month,$70.30,$208.85,$288.98,1,Fiber Optic,1,1,11,$26.71,Lancaster,California,United States,Bank Withdrawal
7854-EKTJL,Churned,1,66,Attitude,Attitude of support person,3,2843,31,Female,0,2,Month-to-Month,$19.60,$35.85,$95.47,0,,1,0,0,$29.81,Salinas,California,United States,Bank Withdrawal
2533-TIBIX,Stayed,0,78,,,4,5825,59,Male,0,15,Month-to-Month,$30.20,$469.65,$469.65,1,Cable,0,1,16,$0.00,Oak Run,California,United States,Bank Withdrawal
4482-FTFFX,Stayed,0,78,,,4,5232,23,Male,0,5,Month-to-Month,$56.15,$291.45,$425.75,1,DSL,1,1,71,$26.86,Penngrove,California,United States,Bank Withdrawal
3489-HHPFY,Joined,0,78,,,5,2115,40,Female,0,2,Month-to-Month,$84.05,$134.05,$178.51,1,Fiber Optic,1,1,13,$22.23,Amboy,California,United States,Bank Withdrawal
3777-XROBG,Stayed,0,78,,,4,4125,52,Female,0,58,Two Year,$19.55,"$1,079.65","$3,603.81",0,,1,0,0,$43.52,Echo Lake,California,United States,Credit Card
5893-KCLGT,Stayed,0,78,,,4,5478,56,Female,0,72,Two Year,$19.75,"$1,567.00","$2,636.14",0,,1,0,0,$15.21,Sunland,California,United States,Credit Card
0771-CHWSK,Stayed,0,78,,,3,4838,56,Male,0,66,Two Year,$74.60,"$4,798.40","$7,806.02",1,DSL,1,1,11,$45.57,Brawley,California,United States,Credit Card
9396-ZSFLL,Stayed,0,78,,,4,3762,64,Female,0,15,Month-to-Month,$48.85,$631.40,$803.01,1,DSL,1,1,19,$13.58,Carpinteria,California,United States,Credit Card
4980-URKXC,Stayed,0,78,,,4,5744,26,Male,0,36,One Year,$20.85,$720.05,"$1,174.01",0,,1,0,0,$12.61,Fort Irwin,California,United States,Bank Withdrawal
1084-UQCHV,Churned,1,66,Attitude,Attitude of support person,2,2901,35,Male,0,1,Month-to-Month,$69.75,$69.75,$97.72,1,Fiber Optic,1,1,18,$27.97,Angelus Oaks,California,United States,Bank Withdrawal
6897-RWMUB,Stayed,0,78,,,4,4436,23,Male,0,61,Two Year,$68.05,"$4,158.25","$6,739.16",1,DSL,1,1,59,$42.31,Chino,California,United States,Bank Withdrawal
4097-YODCF,Stayed,0,78,,,4,5382,35,Male,0,34,One Year,$103.80,"$3,470.80","$3,616.32",1,Fiber Optic,1,1,16,$4.28,Fawnskin,California,United States,Bank Withdrawal
7064-FRRSW,Stayed,0,78,,,4,3061,71,Male,1,48,One Year,$99.00,"$4,744.35","$5,026.11",1,Fiber Optic,1,1,2,$5.87,Tarzana,California,United States,Bank Withdrawal
8728-SKJLR,Stayed,0,78,,,3,3277,45,Male,0,41,Month-to-Month,$74.25,"$3,089.10","$3,133.38",1,Fiber Optic,1,1,6,$1.08,Olancha,California,United States,Bank Withdrawal
9730-DRTMJ,Stayed,0,78,,,5,3278,26,Male,0,32,One Year,$72.80,"$2,333.05","$2,826.17",1,DSL,1,1,46,$15.41,Coarsegold,California,United States,Credit Card
1982-FEBTD,Stayed,0,78,,,5,5939,27,Female,0,23,Two Year,$25.60,$514.75,"$1,102.17",0,,1,0,0,$25.54,Newport Beach,California,United States,Credit Card
6333-YDVLT,Stayed,0,78,,,4,6351,61,Male,0,65,One Year,$110.00,"$7,138.65","$9,290.80",1,Fiber Optic,1,1,10,$33.11,Oakland,California,United States,Credit Card
8398-TBIYD,Stayed,0,78,,,3,4520,45,Female,0,72,Two Year,$84.70,"$6,185.15","$6,795.71",1,Fiber Optic,1,1,22,$8.48,Castro Valley,California,United States,Bank Withdrawal
1349-WXNGG,Churned,1,66,Attitude,Attitude of support person,2,4710,57,Male,0,1,Month-to-Month,$20.05,$20.05,$32.05,0,,1,0,0,$12.00,Glendale,California,United States,Bank Withdrawal
4581-LNWUM,Stayed,0,78,,,3,3000,47,Female,0,13,Month-to-Month,$49.15,$649.40,$649.40,1,DSL,0,1,27,$0.00,San Pablo,California,United States,Bank Withdrawal
0617-AQNWT,Churned,1,66,Competitor,Competitor made better offer,1,6347,61,Female,0,64,Two Year,$47.85,"$3,147.50","$3,147.50",1,DSL,0,1,27,$0.00,North Hills,California,United States,Bank Withdrawal
4334-HOWRP,Stayed,0,78,,,3,4049,70,Male,1,72,Two Year,$64.95,"$4,546.00","$4,576.00",1,DSL,0,0,7,$0.00,Cambria,California,United States,Credit Card
3550-SAHFP,Churned,1,66,Price,Price too high,2,5456,51,Female,0,33,Month-to-Month,$83.35,"$2,757.85","$3,467.42",1,Fiber Optic,1,0,30,$20.29,Saint Helena,California,United States,Bank Withdrawal
5766-ZJYBB,Churned,1,66,Dissatisfaction,Service dissatisfaction,2,4152,52,Male,0,1,Month-to-Month,$19.40,$19.40,$22.54,0,,1,0,0,$3.14,Brisbane,California,United States,Mailed Check
7009-LGECI,Stayed,0,78,,,4,4164,24,Female,0,4,Month-to-Month,$50.55,$235.65,$323.93,1,DSL,1,1,41,$22.07,Westlake Village,California,United States,Bank Withdrawal
1465-LNTLJ,Stayed,0,78,,,5,4537,78,Male,1,8,Two Year,$64.40,$581.70,$786.26,1,Cable,1,1,12,$25.57,Santa Barbara,California,United States,Credit Card
7030-NJVDP,Stayed,0,77,,,3,5436,36,Male,0,24,Month-to-Month,$89.25,"$2,210.20","$2,455.72",1,Fiber Optic,1,1,8,$10.23,San Quentin,California,United States,Bank Withdrawal
3685-YLCMQ,Churned,1,66,Dissatisfaction,Service dissatisfaction,2,5411,34,Male,0,58,One Year,$104.65,"$6,219.60","$8,645.72",1,Fiber Optic,1,0,25,$41.14,Dobbins,California,United States,Bank Withdrawal
0871-URUWO,Churned,1,66,Competitor,Competitor had better devices,1,2003,36,Male,0,13,Month-to-Month,$102.25,"$1,359.00","$1,756.15",1,Fiber Optic,1,1,28,$30.55,Sheep Ranch,California,United States,Credit Card
9114-DPSIA,Stayed,0,77,,,3,4237,22,Male,0,72,Two Year,$81.00,"$5,750.00","$5,946.56",1,DSL,1,1,59,$2.73,Stockton,California,United States,Credit Card
7325-ENZFI,Stayed,0,77,,,3,3424,37,Female,0,39,One Year,$40.30,"$1,630.40","$1,630.40",1,DSL,0,1,19,$0.00,Santa Cruz,California,United States,Bank Withdrawal
4430-YHXGG,Stayed,0,77,,,5,2616,20,Female,0,4,Month-to-Month,$25.45,$84.20,$240.08,0,,1,0,0,$38.97,San Lorenzo,California,United States,Credit Card
8591-NXRCV,Stayed,0,77,,,4,3859,47,Female,0,41,Month-to-Month,$74.65,"$3,090.65","$4,464.93",1,DSL,1,0,12,$31.08,Malibu,California,United States,Bank Withdrawal
2674-MLXMN,Stayed,0,77,,,4,4241,73,Female,1,71,Two Year,$99.65,"$6,951.15","$9,387.38",1,Fiber Optic,1,1,13,$34.36,Richmond,California,United States,Credit Card
3452-FLHYD,Stayed,0,77,,,4,5682,47,Male,0,25,One Year,$20.95,$495.15,"$1,122.15",0,,1,0,0,$25.08,Lucerne,California,United States,Bank Withdrawal
7078-NVFAM,Stayed,0,77,,,4,3163,57,Female,0,32,Month-to-Month,$35.15,"$1,051.05","$1,051.05",1,Cable,0,1,14,$0.00,Pomona,California,United States,Bank Withdrawal
9269-CQOOL,Churned,1,66,Competitor,Competitor had better devices,1,3335,58,Male,0,3,Month-to-Month,$54.70,$169.45,$178.09,1,DSL,1,1,17,$2.88,Trinidad,California,United States,Credit Card
3813-DHBBB,Stayed,0,77,,,3,6395,39,Male,0,67,Two Year,$50.95,"$3,521.70","$3,521.70",1,DSL,0,1,6,$0.00,Cedarville,California,United States,Bank Withdrawal
0668-OGMHD,Stayed,0,77,,,4,3766,20,Female,0,21,Month-to-Month,$28.50,$629.35,$629.35,1,DSL,0,1,59,$0.00,Santa Rosa,California,United States,Bank Withdrawal
3658-QQJYD,Stayed,0,77,,,4,5974,56,Male,0,62,One Year,$74.30,"$4,698.05","$7,074.51",1,Cable,1,1,30,$38.33,Santa Monica,California,United States,Credit Card
5338-YHWYT,Stayed,0,77,,,3,5447,45,Male,0,37,Two Year,$61.45,"$2,302.35","$4,213.19",1,Cable,1,0,27,$49.99,San Diego,California,United States,Credit Card
5192-EBGOV,Churned,1,66,Competitor,Competitor had better devices,1,4880,68,Female,1,1,Month-to-Month,$85.70,$85.70,$131.51,1,Fiber Optic,1,1,21,$45.81,Brea,California,United States,Bank Withdrawal
9766-HGEDE,Stayed,0,77,,,5,2185,33,Female,0,17,One Year,$19.35,$307.00,$324.31,0,,1,0,0,$1.64,Paradise,California,United States,Mailed Check
5223-UZAVK,Stayed,0,77,,,5,4986,51,Male,0,64,One Year,$100.30,"$6,603.80","$7,240.60",1,Fiber Optic,1,1,2,$9.95,Thornton,California,United States,Credit Card
4553-DVPZG,Stayed,0,77,,,5,5049,30,Female,0,62,Month-to-Month,$101.35,"$6,164.70","$7,098.42",1,Fiber Optic,1,1,82,$15.06,Daly City,California,United States,Bank Withdrawal
1642-HMARX,Stayed,0,77,,,3,4113,45,Female,0,68,Two Year,$91.70,"$6,424.70","$7,488.90",1,DSL,1,1,5,$15.65,Topanga,California,United States,Bank Withdrawal
4906-ZHGPK,Stayed,0,77,,,3,5276,49,Male,0,54,One Year,$70.70,"$3,770.00","$6,386.30",1,DSL,1,1,28,$48.45,Los Angeles,California,United States,Bank Withdrawal
0306-JAELE,Churned,1,66,Competitor,Competitor made better offer,1,4192,61,Male,0,5,Month-to-Month,$96.10,$453.40,$608.85,1,Fiber Optic,1,1,11,$31.09,Fallbrook,California,United States,Bank Withdrawal
4274-OWWYO,Churned,1,66,Other,Deceased,3,5633,56,Male,0,1,Month-to-Month,$74.35,$74.35,$79.15,1,Fiber Optic,1,1,11,$4.80,Walnut Grove,California,United States,Bank Withdrawal
6034-ZRYCV,Churned,1,66,Competitor,Competitor offered more data,3,4481,51,Female,0,72,Two Year,$54.20,"$3,937.45","$3,937.45",1,Cable,0,1,15,$0.00,Sacramento,California,United States,Bank Withdrawal
4547-FZJWE,Stayed,0,77,,,4,5712,24,Male,0,55,One Year,$59.45,"$3,157.00","$5,186.35",1,DSL,1,0,69,$36.17,Forest Falls,California,United States,Credit Card
9646-NMHXE,Stayed,0,77,,,5,2021,63,Male,0,47,Two Year,$19.65,$973.10,"$1,280.48",0,,1,0,0,$6.54,San Geronimo,California,United States,Credit Card
4567-AKPIA,Stayed,0,77,,,5,4854,28,Female,0,41,One Year,$109.10,"$4,454.25","$5,291.06",1,Fiber Optic,1,1,59,$20.41,Canyon Dam,California,United States,Bank Withdrawal
0147-ESWWR,Stayed,0,77,,,4,3172,73,Female,1,39,Month-to-Month,$101.25,"$3,949.15","$4,735.00",1,Fiber Optic,1,1,21,$20.15,Atascadero,California,United States,Bank Withdrawal
1952-DVVSW,Stayed,0,77,,,5,3509,23,Female,0,10,One Year,$20.10,$184.40,$324.80,0,,1,0,0,$14.04,Colfax,California,United States,Credit Card
6371-NZYEG,Stayed,0,77,,,4,5511,38,Male,0,16,Two Year,$64.25,"$1,024.00","$1,396.96",1,DSL,1,1,27,$23.31,Long Beach,California,United States,Credit Card
7925-PNRGI,Stayed,0,77,,,3,3111,51,Female,0,45,Month-to-Month,$81.30,"$3,541.10","$4,000.55",1,DSL,1,1,11,$10.21,Chula Vista,California,United States,Credit Card
5443-SCMKX,Stayed,0,77,,,3,6166,49,Female,0,58,One Year,$94.30,"$5,610.15","$6,994.64",1,Fiber Optic,1,0,26,$21.38,Newbury Park,California,United States,Bank Withdrawal
6266-QHOJZ,Stayed,0,77,,,3,6421,47,Female,0,65,One Year,$89.85,"$5,844.65","$8,336.10",1,Fiber Optic,1,1,7,$38.33,Lomita,California,United States,Bank Withdrawal
7558-IMLMT,Stayed,0,77,,,4,5626,48,Male,0,67,Two Year,$20.80,"$1,411.90","$2,002.84",0,,1,0,0,$8.82,Stanton,California,United States,Credit Card
5087-SUURX,Churned,1,66,Dissatisfaction,Lack of self-service on Website,3,2601,46,Female,0,18,Month-to-Month,$39.05,$669.85,$669.85,1,Cable,0,1,30,$0.00,Yorba Linda,California,United States,Bank Withdrawal
0323-XWWTN,Joined,0,77,,,5,4315,44,Male,0,3,Two Year,$26.40,$121.25,$222.86,0,,1,0,0,$33.87,San Lucas,California,United States,Credit Card
9888-ZCUMM,Stayed,0,77,,,4,4120,48,Male,0,64,Two Year,$60.05,"$3,845.45","$3,845.45",1,DSL,0,1,19,$0.00,Los Angeles,California,United States,Bank Withdrawal
6806-YDEUL,Stayed,0,77,,,3,3288,67,Female,1,6,Two Year,$19.50,$106.80,$118.98,0,,1,0,0,$2.03,Sacramento,California,United States,Bank Withdrawal
6156-UZDLF,Stayed,0,77,,,3,5689,19,Female,0,26,One Year,$87.15,"$2,274.10","$3,466.44",1,Fiber Optic,1,0,41,$45.09,Pleasant Hill,California,United States,Credit Card
9053-EJUNL,Stayed,0,77,,,5,3259,35,Male,0,41,Month-to-Month,$89.20,"$3,645.75","$5,359.39",1,Fiber Optic,1,1,16,$41.85,Mecca,California,United States,Bank Withdrawal
0107-WESLM,Churned,1,66,Attitude,Attitude of support person,2,3874,32,Male,0,1,Month-to-Month,$19.85,$19.85,$51.62,0,,1,0,0,$31.77,West Point,California,United States,Bank Withdrawal
6762-NSODU,Stayed,0,77,,,4,4630,46,Female,0,46,Two Year,$19.40,$958.15,"$1,541.43",0,,1,0,0,$12.68,Los Angeles,California,United States,Credit Card
0607-DAAHE,Churned,1,66,Price,Long distance charges,3,6265,62,Male,0,53,Two Year,$19.75,"$1,052.35","$2,441.48",0,,1,0,0,$26.21,Olivehurst,California,United States,Bank Withdrawal
2410-CIYFZ,Joined,0,77,,,3,3000,42,Male,0,2,Month-to-Month,$20.40,$42.90,$141.96,0,,1,0,0,$49.53,Woodland,California,United States,Mailed Check
4146-SVFUD,Joined,0,77,,,4,4864,45,Male,0,1,Month-to-Month,$44.60,$44.60,$89.88,1,DSL,1,1,2,$45.28,Modesto,California,United States,Mailed Check
1777-JYQPJ,Joined,0,77,,,4,2515,19,Male,0,2,Month-to-Month,$24.30,$38.45,$38.45,1,DSL,0,1,59,$0.00,Colfax,California,United States,Mailed Check
2495-INZWQ,Churned,1,66,Attitude,Attitude of service provider,2,5605,44,Male,0,4,Month-to-Month,$44.55,$174.30,$184.30,1,Cable,0,0,20,$0.00,San Juan Bautista,California,United States,Bank Withdrawal
7521-YXVZY,Joined,0,77,,,5,4430,38,Male,0,3,Month-to-Month,$19.95,$58.30,$73.75,0,,1,0,0,$5.15,Placerville,California,United States,Mailed Check
7921-LMDFQ,Stayed,0,77,,,4,6034,69,Male,1,51,One Year,$94.00,"$4,905.75","$5,116.89",1,Fiber Optic,1,1,21,$4.14,Chula Vista,California,United States,Bank Withdrawal
1680-VDCWW,Stayed,0,77,,,4,5279,45,Male,0,12,One Year,$19.80,$202.25,$334.73,0,,1,0,0,$11.04,Los Angeles,California,United States,Bank Withdrawal
8937-RDTHP,Churned,1,66,Dissatisfaction,Poor expertise of phone support,2,2484,40,Male,0,1,Month-to-Month,$84.60,$84.60,$111.45,1,Fiber Optic,1,1,11,$26.85,Burbank,California,United States,Credit Card
3067-SVMTC,Stayed,0,77,,,3,5160,49,Female,0,68,One Year,$55.90,"$3,848.80","$6,914.52",1,Cable,1,0,14,$44.79,Imperial,California,United States,Bank Withdrawal
4795-UXVCJ,Stayed,0,77,,,3,5823,63,Male,0,26,One Year,$19.80,$457.30,"$1,645.50",0,,1,0,0,$45.70,Gonzales,California,United States,Credit Card
2484-DGXPZ,Churned,1,67,Attitude,Attitude of support person,3,2687,45,Female,0,31,Month-to-Month,$19.55,$658.95,"$1,591.12",0,,1,0,0,$30.07,San Dimas,California,United States,Credit Card
5832-TRLPB,Stayed,0,77,,,3,4422,30,Male,0,29,One Year,$75.35,"$2,243.90","$2,348.67",1,Cable,1,1,27,$3.69,Milpitas,California,United States,Bank Withdrawal
3612-YVGSJ,Stayed,0,77,,,5,4742,59,Female,0,71,Two Year,$24.45,"$1,681.60","$4,024.60",0,,1,0,0,$33.00,La Honda,California,United States,Credit Card
7614-QVWQL,Churned,1,67,Other,Moved,2,5375,57,Male,0,49,One Year,$51.80,"$2,541.25","$2,591.25",1,DSL,0,0,5,$0.00,Costa Mesa,California,United States,Bank Withdrawal
3620-MWJNE,Joined,0,77,,,3,5753,32,Male,0,2,Month-to-Month,$54.45,$87.30,$127.04,1,DSL,1,1,19,$19.87,Homeland,California,United States,Credit Card
7508-SMHXL,Stayed,0,77,,,4,4452,72,Female,1,15,One Year,$89.00,"$1,288.30","$1,267.66",1,Fiber Optic,1,1,21,$1.67,San Francisco,California,United States,Credit Card
3509-GWQGF,Stayed,0,77,,,3,5242,74,Male,1,24,One Year,$70.00,"$1,732.60","$2,634.12",1,Fiber Optic,1,0,13,$31.73,Ducor,California,United States,Credit Card
4237-CLSMM,Joined,0,77,,,4,4823,45,Male,0,2,Month-to-Month,$20.00,$38.00,$106.76,0,,1,0,0,$34.38,Highland,California,United States,Mailed Check
9644-KVCNC,Stayed,0,77,,,4,4928,49,Female,0,66,One Year,$92.15,"$6,056.90","$7,355.78",1,Fiber Optic,1,1,28,$19.68,Fountain Valley,California,United States,Bank Withdrawal
2482-CZGBB,Churned,1,67,Competitor,Competitor had better devices,1,3156,41,Male,0,10,Month-to-Month,$70.00,$740.00,"$1,012.80",1,Fiber Optic,1,1,27,$27.28,Anaheim,California,United States,Bank Withdrawal
8073-IJDCM,Churned,1,67,Price,Long distance charges,3,3830,44,Female,0,1,Month-to-Month,$20.30,$20.30,$46.67,0,,1,0,0,$26.37,Rescue,California,United States,Mailed Check
9631-RXVJM,Stayed,0,77,,,4,2682,33,Male,0,35,Two Year,$19.25,$677.90,$826.30,0,,1,0,0,$4.24,San Francisco,California,United States,Credit Card
0230-WEQUW,Stayed,0,77,,,4,5500,38,Male,0,66,Two Year,$56.60,"$3,789.20","$3,789.20",1,DSL,0,1,29,$0.00,Woodland Hills,California,United States,Bank Withdrawal
6248-BSHKG,Stayed,0,77,,,3,5897,42,Male,0,61,One Year,$20.40,"$1,226.45","$3,147.34",0,,1,0,0,$31.49,Soledad,California,United States,Credit Card
6833-JMZYP,Stayed,0,77,,,3,4521,54,Female,0,15,Month-to-Month,$94.00,"$1,505.45","$1,734.65",1,Fiber Optic,1,1,16,$15.28,Hesperia,California,United States,Credit Card
0621-TWIEM,Churned,1,67,Attitude,Attitude of support person,1,4097,28,Male,0,10,Month-to-Month,$45.55,$402.60,$747.00,1,Cable,1,1,69,$34.44,Newhall,California,United States,Bank Withdrawal
4291-TPNFG,Stayed,0,76,,,3,5219,56,Male,0,72,Two Year,$82.30,"$5,980.55","$8,229.43",1,DSL,1,0,30,$29.29,Raisin City,California,United States,Bank Withdrawal
0114-IGABW,Stayed,0,76,,,5,5224,40,Female,0,71,Two Year,$58.25,"$4,145.90","$4,145.90",1,Cable,0,1,29,$0.00,Cambria,California,United States,Bank Withdrawal
8898-KASCD,Stayed,0,76,,,3,3752,41,Male,0,39,One Year,$35.55,"$1,309.15","$1,309.15",1,DSL,0,1,14,$0.00,Biggs,California,United States,Credit Card
7138-GIRSH,Stayed,0,76,,,5,4145,63,Male,0,50,Two Year,$69.50,"$3,418.20","$4,764.47",1,DSL,1,1,2,$27.04,Camarillo,California,United States,Bank Withdrawal
2506-TNFCO,Churned,1,67,Dissatisfaction,Network reliability,2,5948,76,Female,1,1,Month-to-Month,$69.55,$69.55,$82.01,1,Fiber Optic,1,1,22,$12.46,Riverside,California,United States,Bank Withdrawal
8873-GLDMH,Stayed,0,76,,,4,4220,45,Female,0,6,Month-to-Month,$73.85,$401.30,$567.44,1,Fiber Optic,1,1,9,$27.69,Courtland,California,United States,Credit Card
1506-YJTYT,Stayed,0,76,,,3,5264,21,Male,0,45,Two Year,$73.85,"$3,371.00","$4,527.05",1,DSL,1,1,26,$25.69,Oakley,California,United States,Credit Card
4813-HQMGZ,Stayed,0,76,,,3,4969,54,Female,0,8,Month-to-Month,$90.25,$743.75,$822.79,1,Fiber Optic,1,0,4,$9.88,Ducor,California,United States,Bank Withdrawal
4873-ILOLJ,Churned,1,67,Competitor,Competitor had better devices,1,5546,64,Male,0,24,Month-to-Month,$90.35,"$2,238.50","$3,018.26",1,Fiber Optic,1,1,23,$32.49,Sunol,California,United States,Bank Withdrawal
5734-EJKXG,Stayed,0,76,,,3,5536,25,Female,0,61,One Year,$118.60,"$7,365.70","$9,731.28",1,Fiber Optic,1,1,42,$38.78,Goodyears Bar,California,United States,Bank Withdrawal
3308-MHOOC,Joined,0,76,,,3,3383,37,Male,0,1,Month-to-Month,$19.20,$19.20,$37.09,0,,1,0,0,$17.89,Scotia,California,United States,Credit Card
0899-LIIBW,Stayed,0,76,,,5,5891,21,Male,0,34,Month-to-Month,$100.85,"$3,527.30","$4,668.00",1,Fiber Optic,1,1,41,$33.55,Forks Of Salmon,California,United States,Bank Withdrawal
6910-HADCM,Churned,1,67,Attitude,Attitude of support person,2,5613,63,Female,0,1,Month-to-Month,$76.35,$76.35,$83.61,1,Cable,1,1,9,$7.26,Long Beach,California,United States,Bank Withdrawal
4277-PVRAN,Churned,1,67,Competitor,Competitor had better devices,1,5071,34,Female,0,8,Month-to-Month,$80.10,$679.30,$970.42,1,Fiber Optic,1,1,7,$36.39,Daly City,California,United States,Bank Withdrawal
9885-CSMWE,Churned,1,67,Dissatisfaction,Product dissatisfaction,1,2139,65,Female,1,1,Month-to-Month,$78.45,$78.45,$96.82,1,Fiber Optic,1,1,13,$18.37,Los Angeles,California,United States,Bank Withdrawal
4955-VCWBI,Stayed,0,76,,,5,4882,51,Female,0,43,One Year,$20.00,$817.95,"$2,331.55",0,,1,0,0,$35.20,Markleeville,California,United States,Credit Card
0220-EBGCE,Churned,1,67,Competitor,Competitor made better offer,1,3273,58,Male,0,2,Month-to-Month,$85.85,$167.30,$195.58,1,Fiber Optic,1,1,28,$14.14,Escondido,California,United States,Bank Withdrawal
7110-BDTWG,Stayed,0,76,,,4,6302,59,Female,0,71,Two Year,$47.05,"$3,263.60","$3,263.60",1,Cable,0,1,6,$0.00,San Jose,California,United States,Bank Withdrawal
7219-TLZHO,Stayed,0,76,,,5,3172,27,Female,0,4,Month-to-Month,$20.85,$62.90,$222.46,0,,1,0,0,$39.89,Montebello,California,United States,Credit Card
5832-EXGTT,Stayed,0,76,,,3,5517,28,Male,0,29,Month-to-Month,$60.20,"$1,834.15","$1,875.04",1,DSL,1,1,73,$1.41,Burbank,California,United States,Credit Card
0623-EJQEG,Stayed,0,76,,,3,5774,50,Male,0,65,One Year,$93.55,"$6,069.25","$6,276.05",1,Fiber Optic,1,0,16,$2.72,Murphys,California,United States,Bank Withdrawal
5148-HKFIR,Stayed,0,76,,,5,4404,49,Female,0,20,Two Year,$19.70,$406.95,$724.35,0,,1,0,0,$15.87,Piru,California,United States,Credit Card
5980-BDHPY,Stayed,0,76,,,3,5993,48,Male,0,72,Two Year,$87.10,"$6,230.10","$7,095.54",1,Cable,1,1,26,$12.02,Wendel,California,United States,Bank Withdrawal
4846-WHAFZ,Churned,1,67,Price,Extra data charges,2,2793,80,Female,1,37,Month-to-Month,$76.50,"$2,868.15","$3,102.36",1,Fiber Optic,1,1,14,$6.33,Whittier,California,United States,Bank Withdrawal
8591-TKMZH,Stayed,0,76,,,4,4952,40,Male,0,59,Two Year,$111.10,"$6,555.20","$9,275.10",1,Fiber Optic,1,1,57,$46.10,Claremont,California,United States,Credit Card
2091-GPPIQ,Stayed,0,76,,,5,5050,56,Female,0,72,Two Year,$78.95,"$5,730.15","$7,605.03",1,Cable,1,1,6,$26.04,Yuba City,California,United States,Bank Withdrawal
5968-XQIVE,Stayed,0,76,,,3,6016,32,Male,0,72,One Year,$89.70,"$6,588.95","$7,421.99",1,Fiber Optic,1,1,18,$11.57,Temecula,California,United States,Bank Withdrawal
4026-SKKHW,Joined,0,76,,,3,2166,35,Male,0,3,Month-to-Month,$50.25,$152.30,$236.87,1,Cable,1,1,21,$28.19,Dillon Beach,California,United States,Credit Card
8035-BUYVG,Churned,1,67,Attitude,Attitude of support person,1,5422,39,Male,0,40,One Year,$42.35,"$1,716.45","$1,716.45",1,DSL,0,1,21,$0.00,Running Springs,California,United States,Bank Withdrawal
4710-FDUIZ,Churned,1,67,Competitor,Competitor offered more data,2,5170,50,Male,0,56,One Year,$100.30,"$5,614.45","$7,178.85",1,Fiber Optic,1,0,7,$26.15,Santa Ana,California,United States,Credit Card
9469-WEJBT,Stayed,0,76,,,3,3347,56,Male,0,37,Month-to-Month,$90.35,"$3,419.30","$3,827.93",1,Fiber Optic,1,0,22,$6.99,Carnelian Bay,California,United States,Bank Withdrawal
2911-UREFD,Churned,1,67,Dissatisfaction,Lack of self-service on Website,1,5632,50,Female,0,39,Month-to-Month,$55.90,"$2,184.35","$2,184.35",1,DSL,0,1,13,$0.00,Santa Monica,California,United States,Bank Withdrawal
2692-BUCFV,Stayed,0,76,,,4,5285,79,Male,1,29,One Year,$101.45,"$2,948.60","$3,199.71",1,Fiber Optic,1,0,21,$6.59,Shingle Springs,California,United States,Bank Withdrawal
4423-YLHDV,Churned,1,67,Attitude,Attitude of support person,1,5570,22,Female,0,21,Month-to-Month,$104.40,"$2,200.25","$3,009.17",1,Fiber Optic,1,1,59,$38.52,Los Angeles,California,United States,Bank Withdrawal
9209-NWPGU,Stayed,0,76,,,3,5827,42,Male,0,44,One Year,$65.40,"$2,774.55","$4,313.67",1,Cable,1,1,2,$34.98,Niland,California,United States,Bank Withdrawal
9906-NHHVC,Stayed,0,76,,,3,5693,75,Female,1,65,Two Year,$53.50,"$3,517.90","$3,517.90",1,Cable,0,1,9,$0.00,Macdoel,California,United States,Bank Withdrawal
2080-GKCWQ,Joined,0,76,,,4,3969,54,Male,0,2,Month-to-Month,$74.95,$151.75,$159.27,1,Fiber Optic,1,1,16,$3.76,San Pablo,California,United States,Bank Withdrawal
0794-YVSGE,Stayed,0,76,,,3,5265,29,Male,0,72,Two Year,$20.30,"$1,401.15","$3,356.67",0,,1,0,0,$27.16,Pasadena,California,United States,Bank Withdrawal
7787-BNTZM,Stayed,0,76,,,5,5761,56,Male,0,6,Month-to-Month,$20.15,$130.50,$172.08,0,,1,0,0,$6.93,Comptche,California,United States,Bank Withdrawal
9367-OIUXP,Stayed,0,76,,,5,4676,28,Male,0,4,Month-to-Month,$20.70,$73.05,$254.53,0,,1,0,0,$45.37,Laton,California,United States,Credit Card
7941-RCJOW,Stayed,0,76,,,5,4309,34,Male,0,65,Two Year,$19.55,"$1,218.65","$4,124.15",0,,1,0,0,$44.70,Tehama,California,United States,Credit Card
4981-FLTMF,Stayed,0,76,,,3,4491,35,Female,0,57,Month-to-Month,$65.20,"$3,687.85","$3,775.63",1,DSL,1,1,15,$1.54,Springville,California,United States,Bank Withdrawal
7254-IQWOZ,Churned,1,67,Dissatisfaction,Network reliability,1,5258,30,Male,0,1,Month-to-Month,$69.65,$69.65,$98.35,1,Fiber Optic,1,1,69,$28.70,Redding,California,United States,Bank Withdrawal
0719-SYFRB,Churned,1,67,Competitor,Competitor offered higher download speeds,1,5670,52,Female,0,12,Month-to-Month,$61.65,$713.75,"$1,148.63",1,DSL,1,1,30,$36.24,Norco,California,United States,Mailed Check
6621-YOBKI,Stayed,0,76,,,4,2303,46,Male,0,5,Month-to-Month,$20.35,$92.75,$251.65,0,,1,0,0,$31.78,San Ardo,California,United States,Credit Card
7883-ROJOC,Stayed,0,76,,,5,5842,33,Female,0,19,Month-to-Month,$44.90,$839.65,"$1,495.34",1,Cable,1,1,22,$34.51,Point Reyes Station,California,United States,Credit Card
2662-NNTDK,Stayed,0,76,,,4,5826,50,Male,0,65,One Year,$24.80,"$1,600.95","$4,582.50",0,,1,0,0,$45.87,Coleville,California,United States,Credit Card
5515-IDEJJ,Churned,1,67,Competitor,Competitor made better offer,1,5441,46,Male,0,1,Month-to-Month,$19.90,$19.90,$65.67,0,,1,0,0,$45.77,San Diego,California,United States,Mailed Check
2908-WGAXL,Stayed,0,76,,,5,5243,40,Female,0,56,Two Year,$24.95,"$1,468.90","$3,096.26",0,,1,0,0,$29.06,Fullerton,California,United States,Credit Card
9408-SSNVZ,Churned,1,67,Other,Don't know,2,2227,39,Female,0,4,Month-to-Month,$70.15,$268.35,$364.26,1,Fiber Optic,1,1,17,$29.40,Stevenson Ranch,California,United States,Bank Withdrawal
7976-CICYS,Stayed,0,76,,,4,3027,49,Male,0,4,Month-to-Month,$20.70,$83.75,$191.91,0,,1,0,0,$27.04,Woodland Hills,California,United States,Credit Card
7463-IFMQU,Stayed,0,76,,,3,4747,44,Female,0,72,Two Year,$20.05,"$1,423.65","$4,824.93",0,,1,0,0,$47.24,Laton,California,United States,Bank Withdrawal
0178-SZBHO,Stayed,0,76,,,3,3760,54,Male,0,47,Month-to-Month,$87.20,"$4,017.45","$4,068.68",1,Fiber Optic,1,1,13,$1.09,Tuolumne,California,United States,Bank Withdrawal
9786-IJYDL,Stayed,0,76,,,4,5723,49,Female,0,35,Two Year,$113.20,"$3,914.05","$4,981.55",1,Fiber Optic,1,1,8,$30.50,Redway,California,United States,Credit Card
8740-XLHDR,Churned,1,67,Dissatisfaction,Network reliability,2,5824,30,Male,0,5,Month-to-Month,$43.25,$219.00,$219.00,1,Cable,0,1,59,$0.00,Greenwood,California,United States,Mailed Check
8818-DOPVL,Stayed,0,76,,,3,4103,65,Female,1,46,Two Year,$104.45,"$4,863.85","$6,720.89",1,Fiber Optic,1,1,30,$41.17,El Cerrito,California,United States,Bank Withdrawal
0815-MFZGM,Stayed,0,76,,,4,4545,54,Female,0,42,Two Year,$99.00,"$4,135.00","$4,190.02",1,Fiber Optic,1,1,17,$1.31,Morgan Hill,California,United States,Credit Card
7157-SMCFK,Stayed,0,76,,,4,5411,32,Male,0,61,Two Year,$19.75,"$1,124.20","$2,040.42",0,,1,0,0,$15.02,Valencia,California,United States,Mailed Check
8182-PNAGI,Churned,1,67,Price,Extra data charges,1,3624,50,Male,0,12,Month-to-Month,$50.25,$593.75,"$1,272.71",1,DSL,1,0,26,$46.58,Pico Rivera,California,United States,Bank Withdrawal
1167-OYZJF,Stayed,0,76,,,5,4934,65,Female,1,67,Two Year,$20.05,"$1,263.05","$4,565.37",0,,1,0,0,$49.94,Santa Monica,California,United States,Bank Withdrawal
5174-RNGBH,Churned,1,67,Dissatisfaction,Network reliability,3,5515,27,Female,0,9,Month-to-Month,$66.25,$620.55,$853.84,1,Cable,1,0,69,$24.81,Live Oak,California,United States,Mailed Check
9763-GRSKD,Stayed,0,76,,,3,5764,37,Male,0,13,Month-to-Month,$49.95,$587.45,"$1,123.29",1,DSL,1,0,22,$29.68,Los Angeles,California,United States,Mailed Check
4134-BSXLX,Stayed,0,76,,,3,3851,32,Male,0,28,Month-to-Month,$60.90,"$1,785.65","$2,593.73",1,Cable,1,1,24,$28.86,Riverside,California,United States,Mailed Check
7143-BQIBA,Stayed,0,76,,,3,3415,32,Male,0,10,Month-to-Month,$62.25,$612.95,$689.45,1,DSL,1,1,17,$7.65,Petaluma,California,United States,Bank Withdrawal
1976-CFOCS,Churned,1,67,Competitor,Competitor had better devices,1,4531,69,Female,1,1,Month-to-Month,$46.00,$46.00,$53.74,1,DSL,1,1,19,$7.74,Dana Point,California,United States,Bank Withdrawal
6476-YHMGA,Stayed,0,76,,,5,3851,63,Female,0,15,Month-to-Month,$76.50,"$1,155.60","$1,752.15",1,DSL,1,1,18,$39.77,Benton,California,United States,Bank Withdrawal
2055-PDADH,Churned,1,67,Other,Don't know,3,2491,71,Female,1,3,Month-to-Month,$70.40,$204.70,$211.48,1,Fiber Optic,1,1,3,$2.26,Big Bend,California,United States,Bank Withdrawal
2302-ANTDP,Churned,1,67,Competitor,Competitor offered more data,1,5915,76,Female,1,48,Month-to-Month,$117.45,"$5,438.90","$7,504.82",1,Fiber Optic,1,1,5,$43.04,Hat Creek,California,United States,Bank Withdrawal
8709-KRDVL,Stayed,0,76,,,5,4643,44,Female,0,33,Month-to-Month,$100.00,"$3,320.60","$3,867.41",1,Fiber Optic,1,1,30,$16.57,Scott Bar,California,United States,Bank Withdrawal
8216-AZUUZ,Stayed,0,76,,,5,3265,42,Female,0,42,Two Year,$100.40,"$4,303.65","$4,832.85",1,Fiber Optic,1,1,26,$12.60,San Francisco,California,United States,Bank Withdrawal
0274-JKUJR,Stayed,0,76,,,3,3332,21,Male,0,7,Month-to-Month,$58.85,$465.70,$465.70,1,Cable,0,1,47,$0.00,Los Angeles,California,United States,Credit Card
2882-DDZPG,Stayed,0,76,,,4,4862,27,Female,0,12,Month-to-Month,$19.45,$227.45,$657.17,0,,1,0,0,$35.81,San Carlos,California,United States,Bank Withdrawal
3211-ILJTT,Churned,1,67,Competitor,Competitor had better devices,1,4469,35,Male,0,17,Month-to-Month,$70.40,"$1,214.05","$1,446.61",1,Fiber Optic,1,1,11,$13.68,Taft,California,United States,Bank Withdrawal
8847-GEOOQ,Stayed,0,76,,,5,5359,34,Male,0,60,Month-to-Month,$60.20,"$3,582.40","$3,582.40",1,DSL,0,1,2,$0.00,Fontana,California,United States,Bank Withdrawal
0657-DOGUM,Stayed,0,76,,,4,4077,35,Female,0,48,One Year,$60.60,"$2,985.25","$5,231.81",1,DSL,1,0,13,$44.72,Rancho Cucamonga,California,United States,Bank Withdrawal
2688-BHGOG,Stayed,0,76,,,5,5811,73,Male,1,9,Two Year,$79.55,$718.55,$952.20,1,Fiber Optic,1,0,15,$24.85,Olancha,California,United States,Bank Withdrawal
3097-IDVPU,Stayed,0,76,,,5,5749,51,Male,0,19,Month-to-Month,$50.10,$910.45,"$1,210.38",1,DSL,1,0,13,$9.47,Los Angeles,California,United States,Credit Card
3522-CDKHF,Stayed,0,76,,,3,3131,21,Female,0,32,Month-to-Month,$75.50,"$2,324.70","$2,942.30",1,Fiber Optic,1,1,47,$19.30,Stockton,California,United States,Bank Withdrawal
1248-DYXUB,Stayed,0,76,,,5,5320,42,Male,0,52,Two Year,$24.80,"$1,229.10","$3,326.26",0,,1,0,0,$40.33,Lemon Grove,California,United States,Credit Card
2469-DTSGX,Stayed,0,75,,,5,5388,72,Female,1,72,Two Year,$111.65,"$7,943.45","$11,169.77",1,Fiber Optic,1,1,14,$44.81,Somis,California,United States,Bank Withdrawal
7576-OYWBN,Churned,1,67,Competitor,Competitor had better devices,1,2930,71,Male,1,3,Month-to-Month,$76.05,$231.80,$322.55,1,Fiber Optic,1,1,28,$30.25,San Mateo,California,United States,Bank Withdrawal
8593-WHYHV,Churned,1,67,Other,Don't know,1,4934,46,Male,0,3,Month-to-Month,$85.30,$264.80,$307.64,1,Fiber Optic,1,1,21,$14.28,Los Angeles,California,United States,Bank Withdrawal
7544-ZVIKX,Stayed,0,75,,,5,5870,33,Male,0,58,One Year,$105.05,"$6,004.85","$7,966.41",1,Fiber Optic,1,1,10,$33.82,Roseville,California,United States,Bank Withdrawal
1768-ZAIFU,Churned,1,67,Competitor,Competitor made better offer,1,5688,74,Female,1,1,Month-to-Month,$25.20,$25.20,$25.20,1,Cable,0,1,5,$0.00,Rio Dell,California,United States,Bank Withdrawal
4397-FRLTA,Stayed,0,75,,,4,5535,35,Female,0,4,Month-to-Month,$20.15,$84.50,$214.66,0,,1,0,0,$32.54,Corona,California,United States,Credit Card
2930-UOTMB,Churned,1,68,Competitor,Competitor offered higher download speeds,1,4403,29,Female,0,31,Month-to-Month,$65.25,"$1,994.30","$3,079.64",1,Cable,1,0,52,$31.14,Riverside,California,United States,Credit Card
5129-JLPIS,Stayed,0,75,,,3,5822,27,Male,0,25,Month-to-Month,$105.50,"$2,686.05","$2,946.05",1,Fiber Optic,1,1,48,$10.40,Los Angeles,California,United States,Bank Withdrawal
4452-QIIEB,Stayed,0,75,,,5,3565,41,Male,0,7,Month-to-Month,$43.90,$278.40,$488.68,1,DSL,1,1,6,$30.04,Glendora,California,United States,Credit Card
5175-WLYXL,Stayed,0,75,,,5,2444,56,Male,0,22,Month-to-Month,$78.85,"$1,600.25","$2,317.95",1,Fiber Optic,1,0,10,$30.35,Fallbrook,California,United States,Credit Card
0667-NSRGI,Stayed,0,75,,,4,2478,45,Female,0,48,One Year,$69.55,"$3,435.60","$4,253.04",1,DSL,1,1,15,$17.03,Lodi,California,United States,Credit Card
0716-BQNDX,Stayed,0,75,,,3,4276,77,Male,1,57,Two Year,$93.75,"$5,625.55","$5,751.52",1,Fiber Optic,1,1,11,$2.21,Madera,California,United States,Bank Withdrawal
2001-EWBQU,Stayed,0,75,,,5,6186,23,Female,0,60,Two Year,$104.70,"$6,333.80","$8,612.00",1,Fiber Optic,1,0,51,$35.47,Stockton,California,United States,Bank Withdrawal
4210-QFJMF,Churned,1,68,Competitor,Competitor made better offer,1,5762,41,Female,0,4,Month-to-Month,$79.15,$317.25,$464.89,1,Fiber Optic,1,1,23,$36.91,Fallbrook,California,United States,Bank Withdrawal
9475-NNDGC,Stayed,0,75,,,3,4068,50,Male,0,71,One Year,$113.15,"$7,953.25","$9,881.61",1,Fiber Optic,1,1,3,$27.16,Etna,California,United States,Bank Withdrawal
3474-BAFSJ,Stayed,0,75,,,4,4133,27,Male,0,57,Two Year,$57.50,"$3,265.95","$3,415.95",1,DSL,0,0,69,$0.00,West Hollywood,California,United States,Bank Withdrawal
8878-HMWBV,Churned,1,68,Competitor,Competitor had better devices,1,5598,47,Male,0,3,Month-to-Month,$49.15,$169.05,$301.42,1,DSL,1,0,29,$40.79,Nice,California,United States,Bank Withdrawal
0406-BPDVR,Churned,1,68,Price,Lack of affordable download/upload speed,2,6405,75,Female,1,54,One Year,$101.50,"$5,373.10","$7,181.56",1,Fiber Optic,1,1,8,$33.49,Visalia,California,United States,Credit Card
6288-LBEAR,Stayed,0,75,,,5,3619,22,Female,0,23,Month-to-Month,$79.10,"$1,783.75","$2,132.89",1,Fiber Optic,1,1,46,$15.18,Yountville,California,United States,Credit Card
4291-HPAXL,Joined,0,75,,,3,4840,63,Male,0,1,Month-to-Month,$19.85,$19.85,$48.95,0,,1,0,0,$29.10,Galt,California,United States,Credit Card
5447-VYTKW,Stayed,0,75,,,3,2191,53,Male,0,27,Month-to-Month,$53.45,"$1,461.45","$1,868.88",1,Cable,1,1,28,$15.09,Los Angeles,California,United States,Credit Card
1184-PJVDB,Churned,1,68,Competitor,Competitor had better devices,1,5640,38,Male,0,10,Month-to-Month,$79.95,$857.20,$970.20,1,Fiber Optic,1,1,4,$11.30,Amador City,California,United States,Bank Withdrawal
2346-DJQTB,Stayed,0,75,,,4,5097,54,Female,0,35,Month-to-Month,$24.15,$812.50,$852.50,1,DSL,0,0,21,$0.00,Fairfax,California,United States,Bank Withdrawal
1641-BYBTK,Stayed,0,75,,,4,3478,38,Male,0,6,Month-to-Month,$20.20,$98.35,$199.81,0,,1,0,0,$16.91,Stockton,California,United States,Credit Card
3450-WXOAT,Stayed,0,75,,,5,3150,36,Male,0,46,Month-to-Month,$45.20,"$2,065.15","$3,175.13",1,Cable,1,1,16,$24.13,Bakersfield,California,United States,Credit Card
2368-GAKKQ,Stayed,0,75,,,4,6424,28,Female,0,70,Two Year,$113.65,"$7,939.25","$9,151.65",1,Fiber Optic,1,1,30,$17.32,Sylmar,California,United States,Bank Withdrawal
2883-ILGWO,Stayed,0,75,,,5,5838,68,Male,1,57,Two Year,$104.90,"$5,913.95","$7,833.10",1,Fiber Optic,1,0,15,$32.12,Compton,California,United States,Bank Withdrawal
3280-MRDOF,Stayed,0,75,,,3,3415,69,Male,1,30,Two Year,$69.10,"$2,093.90","$2,670.42",1,DSL,1,1,30,$19.92,Los Angeles,California,United States,Credit Card
3717-FDJFU,Stayed,0,75,,,3,3353,19,Male,0,5,Two Year,$20.45,$106.90,$252.65,0,,1,0,0,$29.15,Montgomery Creek,California,United States,Credit Card
9432-RUVSL,Stayed,0,75,,,3,3262,43,Female,0,48,Two Year,$102.50,"$4,904.25","$5,818.17",1,Fiber Optic,1,1,21,$19.04,Kirkwood,California,United States,Credit Card
9600-UDOPK,Churned,1,68,Attitude,Attitude of support person,3,4095,33,Male,0,30,Month-to-Month,$94.05,"$2,866.45","$3,181.45",1,Fiber Optic,1,1,22,$10.50,San Francisco,California,United States,Credit Card
0013-EXCHZ,Churned,1,68,Dissatisfaction,Network reliability,1,3464,75,Female,1,3,Month-to-Month,$83.90,$267.40,$289.54,1,Fiber Optic,1,1,11,$7.38,Camarillo,California,United States,Credit Card
4847-TAJYI,Stayed,0,75,,,3,2578,77,Female,1,6,One Year,$89.35,$567.80,$616.16,1,Fiber Optic,1,1,19,$8.06,Chula Vista,California,United States,Bank Withdrawal
0953-LGOVU,Stayed,0,75,,,4,2562,19,Male,0,12,Month-to-Month,$35.50,$432.25,$432.25,1,DSL,0,1,73,$0.00,Clearlake,California,United States,Mailed Check
5176-LDKUH,Stayed,0,75,,,4,3345,64,Female,0,48,One Year,$75.15,"$3,772.65","$5,753.13",1,Fiber Optic,1,1,23,$41.26,San Francisco,California,United States,Bank Withdrawal
6804-GDMOI,Churned,1,68,Competitor,Competitor offered more data,3,4183,39,Female,0,61,Two Year,$106.60,"$6,428.40","$8,943.43",1,Fiber Optic,1,1,28,$41.23,Brea,California,United States,Bank Withdrawal
9046-DQMTP,Stayed,0,75,,,3,5876,49,Male,0,35,Month-to-Month,$20.75,$739.90,"$1,367.10",0,,1,0,0,$17.92,Kyburz,California,United States,Bank Withdrawal
8950-MTZNV,Joined,0,75,,,5,3256,61,Male,0,1,Month-to-Month,$44.95,$44.95,$58.58,1,DSL,1,1,13,$13.63,Carson,California,United States,Mailed Check
3707-LRWZD,Churned,1,68,Other,Moved,2,3553,44,Female,0,32,One Year,$84.05,"$2,781.85","$4,070.17",1,Fiber Optic,1,1,14,$40.26,Oakland,California,United States,Bank Withdrawal
7167-PCEYD,Stayed,0,75,,,3,4260,31,Male,0,67,Two Year,$19.80,"$1,311.30","$1,627.54",0,,1,0,0,$4.72,Temecula,California,United States,Credit Card
1741-WTPON,Stayed,0,75,,,3,4937,42,Male,0,56,Two Year,$115.85,"$6,567.90","$8,856.06",1,Fiber Optic,1,1,27,$40.86,Westport,California,United States,Credit Card
1937-OTUKY,Stayed,0,75,,,3,4332,32,Female,0,72,Two Year,$98.20,"$7,015.90","$8,850.46",1,Fiber Optic,1,1,3,$25.48,Seaside,California,United States,Bank Withdrawal
0730-KOAVE,Stayed,0,75,,,3,4219,53,Male,0,30,Month-to-Month,$94.30,"$2,679.70","$3,929.50",1,Fiber Optic,1,1,28,$41.66,Redwood City,California,United States,Credit Card
9774-NRNAU,Stayed,0,75,,,3,5352,77,Male,1,27,One Year,$84.80,"$2,309.55","$3,215.94",1,DSL,1,1,21,$33.57,Cabazon,California,United States,Bank Withdrawal
5899-MQZZL,Churned,1,68,Competitor,Competitor offered higher download speeds,2,2189,25,Female,0,13,Month-to-Month,$75.00,$999.45,"$1,077.84",1,Fiber Optic,1,1,48,$6.03,San Ysidro,California,United States,Mailed Check
8908-NMQTX,Stayed,0,75,,,3,4369,36,Male,0,72,Two Year,$65.60,"$4,566.50","$4,566.50",1,Cable,0,1,9,$0.00,Walnut Creek,California,United States,Bank Withdrawal
3466-RITXD,Stayed,0,75,,,3,5461,34,Male,0,26,Month-to-Month,$92.40,"$2,349.80","$3,327.14",1,Fiber Optic,1,1,8,$37.59,Twin Bridges,California,United States,Credit Card
3255-GRXMG,Stayed,0,75,,,5,4403,58,Male,0,18,Month-to-Month,$45.65,$747.20,"$1,400.46",1,DSL,1,0,28,$34.07,Playa Del Rey,California,United States,Credit Card
6862-CQUMB,Stayed,0,75,,,4,2640,28,Male,0,37,Month-to-Month,$96.10,"$3,646.80","$4,454.88",1,Fiber Optic,1,1,41,$21.84,San Diego,California,United States,Credit Card
7767-UXAGJ,Churned,1,68,Competitor,Competitor made better offer,3,2928,37,Male,0,1,Month-to-Month,$50.45,$50.45,$78.70,1,Cable,1,1,9,$28.25,Colfax,California,United States,Bank Withdrawal
5893-PYOLZ,Stayed,0,75,,,5,4399,55,Male,0,56,Two Year,$81.80,"$4,534.45","$7,298.61",1,DSL,1,1,21,$49.36,San Leandro,California,United States,Credit Card
4079-ULGFR,Stayed,0,75,,,3,3705,22,Male,0,16,Month-to-Month,$20.00,$275.70,$341.78,0,,1,0,0,$4.13,Paicines,California,United States,Credit Card
7240-FQLHE,Churned,1,68,Attitude,Attitude of support person,2,5857,68,Female,1,18,Month-to-Month,$99.75,"$1,836.25","$2,291.11",1,Fiber Optic,1,1,15,$25.27,San Diego,California,United States,Bank Withdrawal
7730-IUTDZ,Churned,1,68,Dissatisfaction,Network reliability,1,4673,63,Male,0,43,Month-to-Month,$75.20,"$3,198.60","$4,660.60",1,Fiber Optic,1,1,11,$34.00,Chatsworth,California,United States,Bank Withdrawal
0282-NVSJS,Stayed,0,75,,,4,3353,70,Female,1,12,Month-to-Month,$29.30,$355.90,$355.90,1,DSL,0,1,14,$0.00,Aromas,California,United States,Mailed Check
8133-ANHHJ,Stayed,0,75,,,4,5023,77,Female,1,49,One Year,$103.00,"$5,166.20","$6,953.23",1,Fiber Optic,1,1,21,$36.47,Ventura,California,United States,Bank Withdrawal
4307-KTUMW,Churned,1,68,Attitude,Attitude of service provider,1,5543,27,Male,0,53,Month-to-Month,$93.90,"$5,029.20","$6,684.92",1,Fiber Optic,1,1,73,$31.24,Santa Barbara,California,United States,Bank Withdrawal
7394-LWLYN,Joined,0,75,,,3,4840,57,Female,0,2,Month-to-Month,$70.15,$123.80,$191.30,1,Fiber Optic,1,1,10,$33.75,Oakland,California,United States,Bank Withdrawal
9474-PHLYD,Churned,1,68,Dissatisfaction,Network reliability,1,5129,25,Female,0,15,Month-to-Month,$59.45,$892.65,"$1,437.75",1,DSL,1,1,48,$36.34,Sherman Oaks,California,United States,Bank Withdrawal
4883-KCPZJ,Stayed,0,75,,,3,4386,30,Female,0,22,Two Year,$25.25,$555.40,"$1,126.96",0,,1,0,0,$25.98,Deer Park,California,United States,Credit Card
5774-XZTQC,Stayed,0,75,,,4,4484,30,Female,0,7,Month-to-Month,$20.45,$150.75,$191.63,0,,1,0,0,$5.84,Lakewood,California,United States,Credit Card
6711-FLDFB,Churned,1,68,Competitor,Competitor had better devices,1,5159,62,Female,0,7,Month-to-Month,$74.90,$541.15,$868.68,1,Fiber Optic,1,1,25,$46.79,Big Oak Flat,California,United States,Bank Withdrawal
9214-EKVXR,Joined,0,75,,,4,4138,51,Female,0,1,Month-to-Month,$44.00,$44.00,$70.15,1,DSL,1,1,26,$26.15,San Francisco,California,United States,Credit Card
1794-SWWKL,Stayed,0,75,,,4,3974,22,Male,0,15,Month-to-Month,$59.65,$867.10,"$1,199.85",1,DSL,1,1,59,$24.36,Dorris,California,United States,Bank Withdrawal
2187-LZGPL,Churned,1,68,Attitude,Attitude of service provider,2,4414,36,Female,0,7,Month-to-Month,$40.10,$293.30,$293.30,1,DSL,0,1,19,$0.00,Walnut Creek,California,United States,Credit Card
4353-HYOJD,Stayed,0,75,,,3,5580,37,Female,0,27,Month-to-Month,$49.85,"$1,336.15","$1,857.79",1,DSL,1,1,30,$19.32,Monrovia,California,United States,Credit Card
3473-XIIIT,Churned,1,68,Competitor,Competitor had better devices,1,3794,61,Female,0,16,Month-to-Month,$100.00,"$1,534.75","$2,140.03",1,Cable,1,1,26,$37.83,Sacramento,California,United States,Bank Withdrawal
6166-ILMNY,Churned,1,68,Competitor,Competitor had better devices,1,5667,46,Female,0,2,Month-to-Month,$69.75,$144.55,$197.43,1,Fiber Optic,1,1,24,$26.44,Tomales,California,United States,Bank Withdrawal
5313-FPXWG,Stayed,0,75,,,5,4886,58,Male,0,51,One Year,$24.60,"$1,266.40","$2,970.85",0,,1,0,0,$34.36,Three Rivers,California,United States,Bank Withdrawal
6686-YPGHK,Churned,1,68,Other,Moved,3,3645,65,Male,1,47,Month-to-Month,$85.50,"$4,042.30","$5,811.56",1,Fiber Optic,1,0,20,$36.58,Long Beach,California,United States,Credit Card
3324-OIRTO,Stayed,0,74,,,4,6101,23,Male,0,71,One Year,$104.65,"$7,288.40","$8,292.34",1,Fiber Optic,1,1,59,$14.14,Glennville,California,United States,Bank Withdrawal
6352-TWCAU,Churned,1,68,Competitor,Competitor made better offer,1,5874,32,Female,0,35,Month-to-Month,$86.45,"$3,029.10","$3,696.55",1,Fiber Optic,1,1,17,$19.07,San Diego,California,United States,Bank Withdrawal
4686-UXDML,Stayed,0,74,,,3,2113,24,Female,0,21,Month-to-Month,$99.85,"$1,992.55","$2,514.61",1,Fiber Optic,1,1,48,$24.86,Cutler,California,United States,Credit Card
1548-FEHVL,Stayed,0,74,,,4,6298,40,Male,0,61,Month-to-Month,$106.20,"$6,375.20","$8,062.46",1,Fiber Optic,1,1,29,$27.66,Weed,California,United States,Bank Withdrawal
6016-LVTJQ,Stayed,0,74,,,3,5099,39,Female,0,34,Month-to-Month,$20.65,$716.40,"$1,044.84",0,,1,0,0,$9.66,Long Beach,California,United States,Credit Card
0374-IOEGQ,Joined,0,74,,,4,3122,62,Female,0,3,Month-to-Month,$44.60,$122.70,$169.47,1,Cable,1,1,27,$15.59,Gonzales,California,United States,Bank Withdrawal
4854-CIDCF,Joined,0,74,,,4,2868,74,Female,1,3,Two Year,$73.85,$196.40,$336.35,1,Fiber Optic,1,1,25,$46.65,Los Angeles,California,United States,Bank Withdrawal
4006-HKYHO,Stayed,0,74,,,3,5841,24,Male,0,63,Two Year,$86.70,"$5,309.50","$7,173.04",1,DSL,1,1,47,$29.58,Bakersfield,California,United States,Bank Withdrawal
6152-ONASV,Stayed,0,74,,,3,4620,49,Female,0,68,One Year,$58.25,"$3,975.70","$6,934.98",1,DSL,1,0,30,$41.46,Landers,California,United States,Bank Withdrawal
0257-KXZGU,Stayed,0,74,,,3,5442,29,Female,0,32,Month-to-Month,$62.45,"$2,045.55","$3,110.51",1,DSL,1,1,51,$33.28,Santa Clara,California,United States,Bank Withdrawal
3680-CTHUH,Stayed,0,74,,,3,5680,22,Male,0,60,One Year,$116.60,"$7,049.50","$9,703.90",1,Fiber Optic,1,1,52,$44.24,Kneeland,California,United States,Credit Card
3507-GASNP,Stayed,0,74,,,3,5316,49,Male,0,60,Two Year,$19.95,"$1,189.90","$2,185.30",0,,1,0,0,$16.59,North Hollywood,California,United States,Credit Card
2672-HUYVI,Churned,1,68,Price,Long distance charges,2,2266,53,Female,0,6,Month-to-Month,$91.10,$455.30,$526.16,1,Fiber Optic,1,1,24,$11.81,Newman,California,United States,Bank Withdrawal
2697-NQBPF,Stayed,0,74,,,3,5503,51,Male,0,34,Month-to-Month,$105.35,"$3,540.65","$4,492.65",1,Fiber Optic,1,1,18,$28.00,Fulton,California,United States,Bank Withdrawal
9500-IWPXQ,Stayed,0,74,,,3,4666,52,Female,0,61,One Year,$79.40,"$4,820.55","$7,289.83",1,DSL,1,1,20,$40.48,West Sacramento,California,United States,Bank Withdrawal
4573-JKNAE,Stayed,0,74,,,5,2558,44,Male,0,12,Two Year,$19.35,$212.30,$419.06,0,,1,0,0,$17.23,Los Angeles,California,United States,Bank Withdrawal
6741-QRLUP,Stayed,0,74,,,3,5554,50,Female,0,63,Two Year,$80.30,"$4,995.35","$6,969.77",1,DSL,1,1,26,$31.34,Olema,California,United States,Credit Card
2262-SLNVK,Joined,0,74,,,4,2475,53,Female,0,1,Month-to-Month,$70.10,$70.10,$71.25,1,Fiber Optic,1,1,23,$1.15,Birds Landing,California,United States,Bank Withdrawal
1494-EJZDW,Stayed,0,74,,,5,2836,51,Female,0,10,Two Year,$20.15,$220.80,$407.00,0,,1,0,0,$18.62,Nice,California,United States,Credit Card
2316-ESMLS,Stayed,0,74,,,3,3882,54,Female,0,12,One Year,$33.15,$444.75,$444.75,1,DSL,0,1,27,$0.00,Fresno,California,United States,Credit Card
2977-CEBSX,Stayed,0,74,,,4,5813,61,Female,0,66,Two Year,$90.05,"$5,965.95","$6,842.43",1,DSL,1,1,24,$13.28,Coachella,California,United States,Credit Card
6298-QDFNH,Churned,1,68,Dissatisfaction,Product dissatisfaction,1,4718,48,Male,0,22,Month-to-Month,$79.35,"$1,730.35","$2,152.53",1,Fiber Optic,1,1,17,$19.19,Banning,California,United States,Bank Withdrawal
4816-LXZYW,Churned,1,68,Competitor,Competitor had better devices,1,5216,51,Female,0,23,Month-to-Month,$79.15,"$1,676.95","$2,446.07",1,Fiber Optic,1,1,11,$33.44,Long Beach,California,United States,Bank Withdrawal
5550-VFRLC,Churned,1,68,Dissatisfaction,Limited range of services,1,5056,70,Female,1,1,Month-to-Month,$69.85,$69.85,$153.30,1,Fiber Optic,1,0,30,$43.45,Moorpark,California,United States,Bank Withdrawal
5067-XJQFU,Stayed,0,74,,,5,4582,77,Male,1,66,One Year,$108.45,"$7,076.35","$8,514.49",1,Fiber Optic,1,1,9,$21.79,Los Angeles,California,United States,Bank Withdrawal
3458-IDMFK,Stayed,0,74,,,3,5161,29,Male,0,25,Two Year,$20.75,$499.40,"$1,233.90",0,,1,0,0,$29.38,Idyllwild,California,United States,Credit Card
5803-NQJZO,Stayed,0,74,,,3,5242,46,Male,0,72,Two Year,$67.80,"$4,804.65","$5,922.09",1,Cable,1,1,6,$15.52,Bakersfield,California,United States,Bank Withdrawal
5712-VBOXD,Stayed,0,74,,,3,5221,53,Female,0,4,Month-to-Month,$20.15,$68.45,$73.65,0,,1,0,0,$1.30,Santa Barbara,California,United States,Credit Card
5630-IXDXV,Stayed,0,74,,,4,3723,51,Female,0,47,Month-to-Month,$106.35,"$4,849.10","$5,532.48",1,Fiber Optic,1,1,10,$14.54,Reedley,California,United States,Bank Withdrawal
0178-CIIKR,Joined,0,74,,,3,5949,60,Female,0,3,Month-to-Month,$19.95,$58.00,$66.07,0,,1,0,0,$2.69,Crows Landing,California,United States,Credit Card
0754-EEBDC,Stayed,0,74,,,4,2347,25,Male,0,4,Two Year,$19.90,$76.65,$174.93,0,,1,0,0,$24.57,Covina,California,United States,Mailed Check
7233-IOQNP,Stayed,0,74,,,3,5409,34,Female,0,43,Month-to-Month,$34.00,"$1,505.35","$1,456.13",1,Cable,0,1,21,$0.00,Gazelle,California,United States,Bank Withdrawal
8319-QBEHW,Stayed,0,74,,,4,2715,32,Male,0,26,One Year,$39.95,"$1,023.75","$1,023.75",1,Cable,0,1,58,$0.00,San Jose,California,United States,Bank Withdrawal
0378-NHQXU,Churned,1,68,Other,Deceased,2,4041,31,Female,0,17,Month-to-Month,$88.25,"$1,460.65","$1,765.12",1,Fiber Optic,1,1,9,$17.91,South San Francisco,California,United States,Bank Withdrawal
1174-FGIFN,Stayed,0,74,,,3,5823,44,Female,0,28,One Year,$90.45,"$2,509.25","$3,245.09",1,Fiber Optic,1,1,19,$26.28,Squaw Valley,California,United States,Bank Withdrawal
0281-CNTZX,Stayed,0,74,,,3,5151,56,Male,0,63,Two Year,$19.95,"$1,234.80","$3,651.48",0,,1,0,0,$38.36,Pescadero,California,United States,Bank Withdrawal
7973-DZRKH,Stayed,0,74,,,3,6204,20,Female,0,66,Two Year,$90.95,"$5,930.05","$7,717.99",1,Fiber Optic,1,1,51,$27.09,Riverside,California,United States,Credit Card
8739-QOTTN,Joined,0,74,,,4,5761,35,Female,0,2,Month-to-Month,$20.35,$41.85,$52.69,0,,1,0,0,$5.42,Avalon,California,United States,Credit Card
0997-YTLNY,Stayed,0,74,,,3,3749,59,Female,0,19,Month-to-Month,$48.80,$953.65,"$1,030.22",1,Cable,1,1,26,$4.03,Escondido,California,United States,Credit Card
1635-FJFCC,Stayed,0,74,,,5,5846,46,Female,0,5,Month-to-Month,$44.05,$202.15,$257.10,1,DSL,1,1,29,$10.99,Acton,California,United States,Credit Card
2957-LOLHO,Churned,1,68,Competitor,Competitor made better offer,3,2887,49,Male,0,12,Month-to-Month,$45.40,$518.90,$652.34,1,DSL,1,1,14,$11.12,Fallbrook,California,United States,Bank Withdrawal
9134-WYRVP,Stayed,0,74,,,3,5311,51,Male,0,51,One Year,$86.35,"$4,267.15","$5,659.45",1,Fiber Optic,1,1,13,$27.30,Suisun City,California,United States,Credit Card
6480-YAGIY,Stayed,0,74,,,3,3091,57,Male,0,45,One Year,$112.20,"$5,031.85","$6,324.25",1,Fiber Optic,1,1,3,$28.72,San Francisco,California,United States,Credit Card
9592-ERDKV,Stayed,0,74,,,3,2322,43,Male,0,37,One Year,$79.25,"$2,911.80","$3,254.42",1,DSL,1,1,28,$9.26,Mc Farland,California,United States,Credit Card
3012-VFFMN,Stayed,0,74,,,3,4058,61,Female,0,7,Month-to-Month,$20.65,$158.95,$194.02,0,,1,0,0,$5.01,Richvale,California,United States,Credit Card
9931-DCEZH,Stayed,0,74,,,3,4711,55,Male,0,28,One Year,$54.40,"$1,516.60","$2,480.64",1,DSL,1,1,22,$34.43,Roseville,California,United States,Credit Card
8316-BBQAY,Stayed,0,74,,,3,6251,45,Female,0,65,Two Year,$59.95,"$3,921.10","$3,921.10",1,Cable,0,1,22,$0.00,Redwood City,California,United States,Credit Card
3230-JCNZS,Stayed,0,74,,,3,4305,43,Female,0,71,Two Year,$99.00,"$7,061.65","$8,178.48",1,Fiber Optic,1,1,17,$15.73,San Francisco,California,United States,Credit Card
9680-NIAUV,Stayed,0,74,,,4,5945,42,Female,0,72,Two Year,$109.70,"$8,129.30","$9,472.82",1,Fiber Optic,1,1,3,$18.66,West Hills,California,United States,Credit Card
7905-NJMXS,Stayed,0,74,,,4,5116,68,Male,1,7,Two Year,$64.20,$475.00,$497.33,1,Cable,1,1,26,$3.19,Williams,California,United States,Bank Withdrawal
0219-QAERP,Stayed,0,74,,,5,4006,33,Male,0,30,One Year,$19.80,$576.65,$870.95,0,,1,0,0,$9.81,Oxnard,California,United States,Credit Card
3653-NCRDJ,Stayed,0,74,,,4,5594,39,Male,0,43,One Year,$19.20,$776.25,"$1,410.48",0,,1,0,0,$14.97,Sacramento,California,United States,Credit Card
7826-VVKWT,Stayed,0,73,,,5,4309,69,Female,1,24,Two Year,$96.55,"$2,263.45","$2,762.17",1,Fiber Optic,1,1,23,$20.78,San Diego,California,United States,Bank Withdrawal
8984-HPEMB,Stayed,0,73,,,3,4296,58,Female,0,71,Two Year,$118.65,"$8,477.60","$9,748.50",1,Fiber Optic,1,1,21,$17.90,Lytle Creek,California,United States,Bank Withdrawal
5442-BHQNG,Joined,0,73,,,5,3430,32,Female,0,2,Month-to-Month,$70.35,$139.25,$228.79,1,Fiber Optic,1,1,9,$44.77,Brooks,California,United States,Bank Withdrawal
6695-FRVEC,Stayed,0,73,,,3,5356,60,Male,0,67,Two Year,$60.40,"$3,953.70","$5,412.09",1,Cable,1,0,13,$21.17,Burbank,California,United States,Bank Withdrawal
1074-AMIOH,Stayed,0,73,,,4,5989,38,Female,0,53,Month-to-Month,$108.25,"$5,935.10","$8,234.77",1,Fiber Optic,1,1,29,$43.39,San Francisco,California,United States,Bank Withdrawal
9220-ZNKJI,Stayed,0,73,,,3,4291,67,Female,1,55,Two Year,$88.80,"$4,805.30","$6,631.85",1,Fiber Optic,1,1,4,$33.21,Cobb,California,United States,Credit Card
6574-MCOEH,Stayed,0,73,,,5,3555,47,Female,0,33,One Year,$79.15,"$2,531.40","$3,593.87",1,Cable,1,0,18,$31.59,Escondido,California,United States,Bank Withdrawal
7610-TVOPG,Stayed,0,73,,,3,2723,48,Male,0,15,Month-to-Month,$26.35,$378.60,$498.00,0,,1,0,0,$7.96,West Point,California,United States,Bank Withdrawal
2560-PPCHE,Stayed,0,73,,,5,5742,22,Female,0,65,One Year,$105.05,"$6,744.25","$8,488.20",1,Fiber Optic,1,1,59,$26.83,Huntington Beach,California,United States,Bank Withdrawal
8393-DLHGA,Churned,1,68,Competitor,Competitor offered more data,1,2241,55,Male,0,25,Month-to-Month,$95.90,"$2,448.75","$2,580.50",1,Fiber Optic,1,1,4,$5.27,Palermo,California,United States,Bank Withdrawal
0661-KBKPA,Stayed,0,73,,,4,5052,43,Male,0,53,One Year,$78.75,"$3,942.45","$5,631.03",1,DSL,1,1,56,$31.86,Seaside,California,United States,Credit Card
3494-JCHRQ,Churned,1,69,Attitude,Attitude of support person,2,2699,38,Male,0,1,Month-to-Month,$70.05,$70.05,$97.94,1,Fiber Optic,1,1,20,$27.89,Van Nuys,California,United States,Bank Withdrawal
9391-EOYLI,Churned,1,69,Competitor,Competitor made better offer,2,5374,77,Male,1,12,Month-to-Month,$80.45,$950.20,"$1,033.84",1,Fiber Optic,1,1,19,$6.97,Lewiston,California,United States,Bank Withdrawal
3410-MHHUM,Stayed,0,73,,,5,5019,40,Female,0,44,One Year,$94.40,"$4,295.35","$5,422.59",1,Fiber Optic,1,0,27,$24.71,San Francisco,California,United States,Bank Withdrawal
6979-ZNSFF,Churned,1,69,Price,Price too high,1,2545,48,Female,0,8,Month-to-Month,$87.05,$762.10,"$1,126.82",1,Fiber Optic,1,1,8,$45.59,Pollock Pines,California,United States,Bank Withdrawal
7568-PODML,Churned,1,69,Competitor,Competitor had better devices,1,4954,34,Male,0,1,Month-to-Month,$45.30,$45.30,$45.30,1,DSL,0,1,18,$0.00,Watsonville,California,United States,Mailed Check
3387-VATUS,Churned,1,69,Attitude,Attitude of service provider,3,5701,44,Male,0,5,Month-to-Month,$94.85,$462.80,$663.55,1,Fiber Optic,1,1,19,$40.15,Aromas,California,United States,Bank Withdrawal
3580-HYCSP,Stayed,0,73,,,3,5780,44,Male,0,72,Two Year,$110.30,"$7,966.90","$10,343.62",1,Fiber Optic,1,1,51,$33.01,Midway City,California,United States,Bank Withdrawal
1834-ABKHQ,Stayed,0,73,,,4,4298,59,Female,0,52,One Year,$50.95,"$2,610.65","$3,132.21",1,Cable,1,1,29,$10.03,Upper Lake,California,United States,Bank Withdrawal
9364-YKUVW,Stayed,0,73,,,5,2681,53,Male,0,15,Month-to-Month,$19.80,$309.40,$551.35,0,,1,0,0,$16.13,Valley Center,California,United States,Mailed Check
2202-OUTMO,Stayed,0,73,,,4,3012,59,Female,0,34,Month-to-Month,$60.85,"$2,003.60","$2,421.80",1,DSL,1,1,26,$12.30,Caruthers,California,United States,Bank Withdrawal
9959-WOFKT,Stayed,0,73,,,3,4479,61,Male,0,71,Two Year,$106.70,"$7,382.25","$8,423.82",1,Fiber Optic,1,1,7,$14.67,Los Angeles,California,United States,Bank Withdrawal
2233-TXSIU,Stayed,0,73,,,3,3522,20,Male,0,17,One Year,$44.45,$792.15,$792.15,1,DSL,0,1,52,$0.00,Grass Valley,California,United States,Credit Card
9274-CNFMO,Churned,1,69,Competitor,Competitor offered more data,2,3716,76,Male,1,4,Month-to-Month,$74.95,$308.70,$421.14,1,Fiber Optic,1,1,27,$28.11,Pacoima,California,United States,Bank Withdrawal
5577-OTWWW,Churned,1,69,Other,Moved,2,2428,54,Female,0,15,Month-to-Month,$19.75,$297.30,$894.90,0,,1,0,0,$39.84,San Jose,California,United States,Bank Withdrawal
9330-IJWIO,Churned,1,69,Price,Price too high,1,2008,54,Female,0,13,Month-to-Month,$100.35,"$1,358.85","$1,412.90",1,Fiber Optic,1,1,26,$6.78,Kirkwood,California,United States,Bank Withdrawal
6729-GDNGC,Stayed,0,73,,,5,3111,71,Female,1,20,One Year,$80.70,"$1,614.20","$2,044.00",1,Fiber Optic,1,1,4,$21.49,Westport,California,United States,Bank Withdrawal
7563-BIUPC,Churned,1,69,Competitor,Competitor made better offer,2,5715,30,Male,0,5,Month-to-Month,$80.60,$415.55,$448.01,1,Fiber Optic,1,0,52,$5.78,San Diego,California,United States,Bank Withdrawal
6296-DDOOR,Stayed,0,73,,,4,4033,19,Female,0,19,One Year,$58.20,"$1,045.25","$1,507.90",1,Cable,1,1,69,$24.35,Laguna Beach,California,United States,Bank Withdrawal
6253-WRFHY,Stayed,0,73,,,3,4741,59,Male,0,13,One Year,$64.75,$877.35,"$1,050.51",1,DSL,1,1,21,$13.32,Marshall,California,United States,Bank Withdrawal
9972-VAFJJ,Stayed,0,73,,,3,6355,77,Female,1,53,One Year,$94.00,"$4,871.45","$7,396.37",1,Fiber Optic,1,1,25,$47.64,San Diego,California,United States,Bank Withdrawal
8249-THVEC,Stayed,0,73,,,4,4025,38,Male,0,51,One Year,$19.40,$997.75,"$2,916.88",0,,1,0,0,$37.63,Los Angeles,California,United States,Credit Card
5071-FBJFS,Stayed,0,73,,,3,3147,61,Female,0,4,Month-to-Month,$50.30,$217.10,$395.66,1,Cable,1,1,21,$44.64,Redding,California,United States,Bank Withdrawal
6119-SPUDB,Stayed,0,73,,,3,2653,40,Male,0,46,Two Year,$38.25,"$1,755.35","$1,755.35",1,DSL,0,1,2,$0.00,Woodland,California,United States,Credit Card
5199-FPUSP,Stayed,0,73,,,3,3044,64,Male,0,33,One Year,$34.05,"$1,113.95","$1,113.95",1,Cable,0,1,12,$0.00,Esparto,California,United States,Credit Card
2519-LBNQL,Stayed,0,73,,,4,4040,80,Male,1,60,One Year,$104.35,"$6,339.45","$7,675.22",1,Fiber Optic,1,1,15,$22.95,Artesia,California,United States,Bank Withdrawal
3298-QEICA,Stayed,0,73,,,4,4445,27,Female,0,23,Two Year,$34.60,$813.45,$813.45,1,DSL,0,1,42,$0.00,Fountain Valley,California,United States,Credit Card
7721-DVEKZ,Joined,0,73,,,3,4639,42,Female,0,1,Month-to-Month,$19.65,$19.65,$43.32,0,,1,0,0,$23.67,Thousand Oaks,California,United States,Credit Card
5499-ECUTN,Stayed,0,73,,,4,3404,49,Female,0,47,One Year,$66.05,"$3,021.45","$3,369.77",1,DSL,1,0,11,$6.56,Shafter,California,United States,Credit Card
2651-ZCBXV,Stayed,0,73,,,3,6370,49,Male,0,54,Two Year,$108.00,"$5,760.65","$6,719.69",1,Fiber Optic,1,1,4,$17.76,Burbank,California,United States,Credit Card
8869-TORSS,Churned,1,69,Dissatisfaction,Poor expertise of phone support,1,2681,51,Female,0,48,One Year,$60.35,"$2,896.40","$4,524.08",1,DSL,1,1,13,$33.91,Santa Rosa,California,United States,Credit Card
5206-XZZQI,Stayed,0,73,,,4,6113,56,Male,0,53,Month-to-Month,$80.60,"$4,348.10","$7,006.78",1,Fiber Optic,1,0,29,$49.21,Orange,California,United States,Credit Card
2097-YVPKN,Stayed,0,73,,,5,5707,56,Male,0,65,Two Year,$25.75,"$1,654.75","$1,931.51",0,,1,0,0,$4.90,Healdsburg,California,United States,Credit Card
1840-BIUOG,Stayed,0,73,,,3,2989,23,Male,0,20,One Year,$68.70,"$1,416.20","$2,066.20",1,DSL,1,1,52,$32.50,Hayward,California,United States,Bank Withdrawal
6586-PSJOX,Stayed,0,73,,,4,3608,62,Male,0,15,One Year,$55.20,$864.55,$969.00,1,DSL,1,0,11,$1.63,Earlimart,California,United States,Credit Card
8610-WFCJF,Churned,1,69,Competitor,Competitor offered higher download speeds,1,5732,53,Female,0,49,Month-to-Month,$95.60,"$4,783.50","$7,215.37",1,Fiber Optic,1,1,9,$49.63,Palo Alto,California,United States,Bank Withdrawal
2995-UPRYS,Churned,1,69,Other,Moved,3,5098,74,Female,1,40,One Year,$99.20,"$4,062.20","$4,852.60",1,Fiber Optic,1,1,22,$19.76,Long Beach,California,United States,Credit Card
1951-IEYXM,Stayed,0,73,,,3,4528,57,Male,0,72,Two Year,$90.60,"$6,441.85","$8,959.69",1,Cable,1,1,11,$34.97,Rancho Cucamonga,California,United States,Credit Card
0212-ISBBF,Stayed,0,73,,,3,2875,51,Female,0,22,Month-to-Month,$50.35,"$1,098.85","$1,098.85",1,Cable,0,1,22,$0.00,Berkeley,California,United States,Bank Withdrawal
0564-MUUQK,Stayed,0,73,,,3,3186,28,Female,0,20,Month-to-Month,$95.50,"$1,916.20","$2,690.40",1,Fiber Optic,1,1,48,$38.71,Imperial Beach,California,United States,Bank Withdrawal
7495-OOKFY,Churned,1,69,Competitor,Competitor made better offer,3,5302,74,Female,1,8,Month-to-Month,$80.65,$633.30,"$1,024.10",1,Fiber Optic,1,1,17,$48.85,Los Angeles,California,United States,Credit Card
9650-VBUOG,Stayed,0,73,,,3,3772,44,Male,0,38,Two Year,$25.05,$963.95,"$2,221.75",0,,1,0,0,$33.10,Tranquillity,California,United States,Credit Card
3400-ESFUW,Churned,1,69,Competitor,Competitor offered more data,1,5463,28,Male,0,55,Two Year,$57.55,"$3,046.40","$3,590.40",1,DSL,1,0,48,$8.80,Cupertino,California,United States,Bank Withdrawal
8280-MQRQN,Churned,1,69,Dissatisfaction,Network reliability,3,2806,39,Female,0,1,Month-to-Month,$50.45,$50.45,$74.15,1,Cable,1,1,17,$23.70,Arnold,California,United States,Mailed Check
3992-YWPKO,Churned,1,69,Competitor,Competitor had better devices,1,5750,55,Female,0,6,Month-to-Month,$109.90,$669.45,$791.61,1,Fiber Optic,1,1,10,$20.36,Atwater,California,United States,Credit Card
1028-FFNJK,Stayed,0,73,,,5,4828,79,Male,1,30,Month-to-Month,$101.50,"$2,917.65","$4,358.25",1,Fiber Optic,1,1,24,$48.02,Burbank,California,United States,Bank Withdrawal
8200-LGKSR,Stayed,0,73,,,3,5350,47,Male,0,71,Two Year,$83.20,"$6,126.10","$8,617.49",1,DSL,1,1,12,$35.09,Azusa,California,United States,Bank Withdrawal
5131-PONJI,Stayed,0,72,,,3,5804,62,Male,0,49,Month-to-Month,$90.40,"$4,494.65","$5,069.91",1,Fiber Optic,1,1,20,$11.74,Upper Lake,California,United States,Credit Card
0784-ZQJZX,Stayed,0,72,,,4,5730,22,Male,0,72,Two Year,$19.90,"$1,529.65","$3,828.61",0,,1,0,0,$31.93,Spreckels,California,United States,Credit Card
8443-WVPSS,Churned,1,69,Dissatisfaction,Service dissatisfaction,1,4243,58,Male,0,10,Month-to-Month,$99.85,$990.90,"$1,423.70",1,Fiber Optic,1,1,12,$43.28,Galt,California,United States,Bank Withdrawal
6818-WOBHJ,Churned,1,69,Competitor,Competitor had better devices,1,5651,70,Female,1,68,Month-to-Month,$89.60,"$6,127.60","$7,768.44",1,Fiber Optic,1,1,24,$24.13,Fulton,California,United States,Bank Withdrawal
2545-EBUPK,Joined,0,72,,,3,5039,70,Female,1,2,Two Year,$84.05,$186.05,$229.85,1,Fiber Optic,1,1,22,$21.90,Los Angeles,California,United States,Bank Withdrawal
4257-GAESD,Stayed,0,72,,,5,2270,25,Female,0,6,Month-to-Month,$45.00,$298.70,$298.70,1,Cable,0,1,52,$0.00,Dinuba,California,United States,Credit Card
0690-SRQID,Stayed,0,72,,,3,4925,20,Male,0,4,Month-to-Month,$19.65,$67.55,$140.67,0,,1,0,0,$18.28,Stockton,California,United States,Credit Card
5494-HECPR,Churned,1,69,Other,Moved,2,2502,34,Female,0,1,Month-to-Month,$80.25,$80.25,$113.17,1,Fiber Optic,1,1,3,$32.92,Mi Wuk Village,California,United States,Bank Withdrawal
7706-YLMQA,Stayed,0,72,,,4,6072,30,Female,0,70,One Year,$19.70,"$1,341.50","$2,041.50",0,,1,0,0,$10.00,Madera,California,United States,Bank Withdrawal
1097-FSPVW,Stayed,0,72,,,3,5387,42,Female,0,42,Month-to-Month,$54.55,"$2,455.05","$3,805.77",1,DSL,1,1,8,$32.16,Pioneertown,California,United States,Credit Card
5619-PTMIK,Stayed,0,72,,,3,3358,25,Female,0,46,Month-to-Month,$53.10,"$2,459.80","$4,517.84",1,DSL,1,1,82,$44.74,Lemon Grove,California,United States,Bank Withdrawal
8792-AOROI,Stayed,0,72,,,3,2985,23,Female,0,8,Two Year,$65.50,$564.35,$753.79,1,DSL,1,1,41,$23.68,Glendora,California,United States,Credit Card
5181-OABFK,Stayed,0,72,,,3,4173,59,Female,0,56,Two Year,$61.30,"$3,346.80","$4,410.24",1,Cable,1,1,53,$18.99,Rescue,California,United States,Credit Card
3301-LSLWQ,Stayed,0,72,,,3,5590,32,Female,0,29,Month-to-Month,$66.10,"$1,912.15","$2,430.38",1,Cable,1,1,26,$17.87,Vallejo,California,United States,Bank Withdrawal
8910-LEDAG,Stayed,0,72,,,3,3583,72,Male,1,34,Two Year,$71.55,"$2,427.35","$2,868.67",1,Fiber Optic,1,1,8,$12.98,Prather,California,United States,Credit Card
2346-LOCWC,Stayed,0,72,,,4,6186,52,Female,0,58,Two Year,$20.50,"$1,191.40","$2,654.36",0,,1,0,0,$25.86,Arbuckle,California,United States,Credit Card
7216-KAOID,Stayed,0,72,,,4,2446,27,Male,0,41,One Year,$19.50,$798.20,"$2,418.93",0,,1,0,0,$39.53,Santa Rosa,California,United States,Bank Withdrawal
1460-UZPRJ,Stayed,0,72,,,4,5971,39,Male,0,60,Two Year,$19.95,"$1,258.15","$3,066.55",0,,1,0,0,$30.14,Heber,California,United States,Credit Card
5186-EJEGL,Stayed,0,72,,,3,3628,24,Male,0,9,Month-to-Month,$69.50,$653.25,$963.12,1,DSL,1,1,51,$34.43,Escondido,California,United States,Credit Card
1744-JHKYS,Stayed,0,72,,,4,3421,49,Female,0,34,Month-to-Month,$24.70,$780.20,"$1,171.88",0,,1,0,0,$11.52,Pasadena,California,United States,Bank Withdrawal
8548-AWOFC,Stayed,0,72,,,3,5956,21,Male,0,66,Month-to-Month,$63.85,"$4,264.60","$4,770.82",1,DSL,1,1,69,$7.67,Huntington Beach,California,United States,Bank Withdrawal
0265-PSUAE,Stayed,0,72,,,4,3337,57,Female,0,16,Month-to-Month,$100.70,"$1,522.70","$1,959.02",1,Fiber Optic,1,1,76,$27.27,Lotus,California,United States,Bank Withdrawal
8984-EYLLL,Stayed,0,72,,,4,5682,29,Male,0,64,Two Year,$105.25,"$6,823.40","$9,371.25",1,Fiber Optic,1,1,30,$40.18,San Diego,California,United States,Bank Withdrawal
3247-MHJKM,Joined,0,72,,,3,3586,27,Male,0,1,Month-to-Month,$20.20,$20.20,$62.35,0,,1,0,0,$42.15,Upland,California,United States,Mailed Check
9769-TSBZE,Stayed,0,72,,,3,5265,54,Female,0,70,Two Year,$66.00,"$4,891.50","$6,154.00",1,DSL,1,0,57,$16.75,Tupman,California,United States,Bank Withdrawal
2061-VVFST,Stayed,0,72,,,4,3924,57,Female,0,37,Month-to-Month,$19.50,$805.20,"$2,477.23",0,,1,0,0,$45.19,Whittier,California,United States,Bank Withdrawal
0788-DXBFY,Stayed,0,72,,,3,4801,54,Male,0,58,One Year,$19.55,"$1,108.80","$2,728.74",0,,1,0,0,$27.93,Tustin,California,United States,Bank Withdrawal
7089-XXAYG,Stayed,0,72,,,5,2315,37,Male,0,25,One Year,$38.10,$970.40,"$1,070.40",1,Cable,0,0,24,$0.00,Rocklin,California,United States,Credit Card
0052-YNYOT,Stayed,0,72,,,5,5462,28,Female,0,67,One Year,$20.55,"$1,343.40","$2,861.91",0,,1,0,0,$23.12,Calexico,California,United States,Bank Withdrawal
9850-OWRHQ,Churned,1,69,Dissatisfaction,Lack of self-service on Website,1,5657,55,Female,0,3,Month-to-Month,$74.10,$228.00,$276.87,1,Fiber Optic,1,1,24,$16.29,Torrance,California,United States,Credit Card
9574-BOSMD,Stayed,0,72,,,4,5668,50,Male,0,68,Two Year,$25.40,"$1,620.20","$2,908.98",0,,1,0,0,$19.09,Arvin,California,United States,Bank Withdrawal
8017-UVSZU,Stayed,0,72,,,5,3359,62,Female,0,40,Month-to-Month,$56.60,"$2,379.10","$4,310.70",1,DSL,1,1,23,$48.29,Calabasas,California,United States,Credit Card
0825-CPPQH,Stayed,0,72,,,4,4241,26,Female,0,71,Two Year,$19.10,"$1,372.45","$4,172.69",0,,1,0,0,$39.44,Laytonville,California,United States,Credit Card
3946-JEWRQ,Stayed,0,72,,,5,4977,21,Male,0,47,One Year,$95.20,"$4,563.00","$5,626.71",1,Fiber Optic,1,0,85,$20.93,Sherman Oaks,California,United States,Credit Card
9839-ETQOE,Stayed,0,72,,,3,3176,41,Male,0,43,Month-to-Month,$40.45,"$1,912.85","$1,912.85",1,DSL,0,1,25,$0.00,Vista,California,United States,Bank Withdrawal
7693-QPEFS,Stayed,0,72,,,3,4368,75,Male,1,52,Two Year,$72.95,"$3,829.75","$6,023.63",1,Fiber Optic,1,1,11,$42.19,Davenport,California,United States,Bank Withdrawal
2737-YNGYW,Churned,1,69,Attitude,Attitude of support person,3,2856,29,Female,0,2,Month-to-Month,$80.55,$184.10,$251.88,1,Fiber Optic,1,1,41,$33.89,Hemet,California,United States,Bank Withdrawal
5939-SXWHM,Stayed,0,72,,,3,2111,59,Male,0,48,Two Year,$26.30,"$1,245.05","$2,240.09",0,,1,0,0,$20.73,Millville,California,United States,Bank Withdrawal
5846-ABOBJ,Stayed,0,72,,,3,4766,24,Male,0,71,Two Year,$24.45,"$1,730.65","$4,116.96",0,,1,0,0,$33.61,Los Angeles,California,United States,Bank Withdrawal
1309-BXVOQ,Churned,1,69,Price,Long distance charges,1,3584,27,Male,0,21,Month-to-Month,$106.10,"$2,249.95","$2,708.38",1,Fiber Optic,1,1,59,$21.83,Old Station,California,United States,Bank Withdrawal
4355-CVPVS,Stayed,0,72,,,5,4170,49,Female,0,56,One Year,$88.90,"$4,968.00","$5,694.32",1,Fiber Optic,1,1,28,$12.97,California Hot Springs,California,United States,Bank Withdrawal
6718-BDGHG,Stayed,0,72,,,3,4000,64,Female,0,43,One Year,$64.85,"$2,908.20","$3,466.34",1,DSL,1,1,8,$12.98,Gold Run,California,United States,Bank Withdrawal
2812-REYAT,Stayed,0,72,,,5,5579,56,Female,0,49,One Year,$20.05,$923.10,"$2,006.00",0,,1,0,0,$22.10,Chilcoot,California,United States,Bank Withdrawal
2749-CTKAJ,Stayed,0,72,,,5,2173,37,Male,0,22,One Year,$20.15,$419.90,"$1,477.22",0,,1,0,0,$48.06,Long Beach,California,United States,Credit Card
4360-QRAVE,Stayed,0,72,,,5,2494,75,Male,1,37,Two Year,$36.65,"$1,315.00","$1,315.00",1,DSL,0,1,29,$0.00,Farmington,California,United States,Bank Withdrawal
2809-ZMYOQ,Stayed,0,72,,,5,4341,33,Female,0,32,Month-to-Month,$101.35,"$3,334.90","$4,663.86",1,Fiber Optic,1,1,28,$41.53,Camptonville,California,United States,Bank Withdrawal
4061-UKJWL,Joined,0,72,,,5,3666,35,Male,0,3,Month-to-Month,$45.45,$141.70,$202.81,1,Cable,1,1,17,$20.37,San Francisco,California,United States,Credit Card
4946-EDSEW,Churned,1,69,Attitude,Attitude of support person,1,5638,35,Female,0,11,Month-to-Month,$19.25,$180.30,$499.41,0,,1,0,0,$29.01,Compton,California,United States,Credit Card
9360-AHGNL,Churned,1,69,Dissatisfaction,Limited range of services,2,5863,74,Female,1,43,One Year,$109.55,"$4,830.25","$5,206.50",1,Fiber Optic,1,1,13,$8.75,Concord,California,United States,Credit Card
0909-SELIE,Stayed,0,72,,,4,4302,53,Male,0,61,Two Year,$80.80,"$4,860.85","$7,495.96",1,DSL,1,1,20,$43.48,Clearlake Oaks,California,United States,Bank Withdrawal
5275-PMFUT,Stayed,0,72,,,3,4036,52,Male,0,72,Two Year,$64.80,"$4,719.75","$4,719.75",1,DSL,0,1,18,$0.00,Chualar,California,United States,Credit Card
2592-YKDIF,Joined,0,72,,,3,5774,47,Female,0,1,Month-to-Month,$20.35,$20.35,$64.44,0,,1,0,0,$44.09,North Highlands,California,United States,Credit Card
3243-ZHOHY,Stayed,0,72,,,3,5052,35,Female,0,16,One Year,$20.10,$296.15,$626.55,0,,1,0,0,$20.65,Escondido,California,United States,Credit Card
4837-QUSFT,Stayed,0,72,,,4,4915,35,Female,0,65,One Year,$100.15,"$6,643.50","$9,023.80",1,Fiber Optic,1,1,6,$36.62,Oakley,California,United States,Bank Withdrawal
2931-XIQBR,Stayed,0,72,,,4,5905,41,Female,0,50,One Year,$103.05,"$5,153.50","$7,527.50",1,Fiber Optic,1,1,27,$47.48,Kelseyville,California,United States,Credit Card
5494-WOZRZ,Stayed,0,72,,,3,5770,40,Female,0,71,Two Year,$82.00,"$5,999.85","$8,713.47",1,DSL,1,1,23,$38.22,Mission Viejo,California,United States,Credit Card
9780-FKVVF,Stayed,0,72,,,3,3613,60,Male,0,6,Month-to-Month,$59.15,$336.70,$457.36,1,DSL,1,1,5,$20.11,Firebaugh,California,United States,Bank Withdrawal
9518-RWHZL,Churned,1,69,Competitor,Competitor had better devices,1,5452,39,Female,0,64,One Year,$100.05,"$6,254.20","$8,054.52",1,Fiber Optic,1,1,18,$28.13,Penryn,California,United States,Credit Card
1619-YWUBB,Stayed,0,72,,,5,6146,38,Female,0,68,Two Year,$24.95,"$1,614.90","$3,426.42",0,,1,0,0,$26.64,Avery,California,United States,Credit Card
7243-LCGGZ,Joined,0,72,,,5,3901,28,Female,0,1,Month-to-Month,$20.90,$20.90,$31.11,0,,1,0,0,$10.21,Alhambra,California,United States,Mailed Check
5627-TVBPP,Stayed,0,72,,,4,3726,44,Female,0,35,One Year,$20.10,$644.50,"$1,537.70",0,,1,0,0,$25.52,Big Bear Lake,California,United States,Credit Card
8336-TAVKX,Stayed,0,71,,,3,4032,68,Female,1,72,Two Year,$78.45,"$5,682.25","$6,821.29",1,DSL,1,1,13,$15.82,Berry Creek,California,United States,Bank Withdrawal
7858-GTZSP,Stayed,0,71,,,5,2061,33,Female,0,12,Month-to-Month,$86.55,"$1,066.90","$1,401.90",1,Fiber Optic,1,0,25,$18.75,San Lucas,California,United States,Bank Withdrawal
4701-AHWMW,Churned,1,69,Attitude,Attitude of service provider,1,6041,30,Male,0,55,Month-to-Month,$54.55,"$2,978.30","$3,028.30",1,DSL,0,0,42,$0.00,Susanville,California,United States,Bank Withdrawal
0640-YJTPY,Stayed,0,71,,,5,4974,19,Male,0,72,Two Year,$21.00,"$1,493.75","$1,904.15",0,,1,0,0,$5.70,Smartville,California,United States,Bank Withdrawal
3391-JSQEW,Stayed,0,71,,,4,2454,32,Male,0,40,Month-to-Month,$50.15,"$2,058.50","$2,993.47",1,DSL,1,1,28,$24.30,San Jose,California,United States,Credit Card
6980-CDGFC,Stayed,0,71,,,5,5972,57,Female,0,67,One Year,$20.85,"$1,327.40","$1,857.37",0,,1,0,0,$7.91,Aptos,California,United States,Bank Withdrawal
7945-PRBVF,Stayed,0,71,,,3,3967,47,Male,0,35,Two Year,$21.45,$705.45,"$1,307.45",0,,1,0,0,$17.20,Nevada City,California,United States,Bank Withdrawal
5792-JALQC,Stayed,0,71,,,3,5085,78,Female,1,52,Two Year,$59.85,"$3,103.25","$4,852.09",1,DSL,1,1,3,$34.00,San Rafael,California,United States,Bank Withdrawal
3941-XTSKM,Stayed,0,71,,,4,3844,32,Male,0,42,One Year,$45.10,"$2,049.05","$2,049.05",1,DSL,0,1,26,$0.00,Burnt Ranch,California,United States,Credit Card
0380-NEAVX,Stayed,0,71,,,5,5626,72,Male,1,34,One Year,$99.85,"$3,343.15","$4,533.15",1,Fiber Optic,1,1,12,$35.00,Newport Beach,California,United States,Bank Withdrawal
8085-MSNLK,Stayed,0,71,,,3,6193,21,Female,0,62,Two Year,$113.95,"$6,891.40","$9,537.56",1,Fiber Optic,1,1,51,$42.68,San Jose,California,United States,Credit Card
9667-TKTVZ,Joined,0,71,,,5,4916,38,Female,0,2,Month-to-Month,$54.35,$117.05,$168.67,1,Cable,1,1,7,$25.81,Los Osos,California,United States,Credit Card
6681-ZSEXG,Stayed,0,71,,,5,5477,34,Male,0,56,Two Year,$59.50,"$3,389.25","$5,380.05",1,DSL,1,1,17,$35.55,Rancho Cordova,California,United States,Credit Card
3384-CTMSF,Stayed,0,71,,,5,3142,61,Male,0,47,Month-to-Month,$104.10,"$5,135.15","$7,423.58",1,Fiber Optic,1,1,21,$48.69,Lincoln,California,United States,Bank Withdrawal
4291-SHSBH,Stayed,0,71,,,3,4704,25,Male,0,7,Month-to-Month,$69.55,$521.35,$584.00,1,Fiber Optic,1,1,52,$8.95,Modesto,California,United States,Bank Withdrawal
8174-TBVCF,Stayed,0,71,,,3,5072,30,Female,0,70,Two Year,$94.80,"$6,859.05","$8,711.95",1,DSL,1,1,59,$26.47,Stanton,California,United States,Credit Card
7426-WEIJX,Stayed,0,71,,,4,6214,71,Male,1,60,Two Year,$80.95,"$4,859.10","$5,903.37",1,Fiber Optic,1,1,11,$18.23,Olympic Valley,California,United States,Bank Withdrawal
3387-PLKUI,Stayed,0,71,,,5,2333,27,Female,0,13,Month-to-Month,$18.80,$251.25,$468.87,0,,1,0,0,$16.74,San Jose,California,United States,Credit Card
3254-YRILK,Churned,1,69,Competitor,Competitor had better devices,1,5683,74,Male,1,19,Month-to-Month,$88.20,"$1,775.80","$2,535.23",1,Fiber Optic,1,1,9,$39.97,Dobbins,California,United States,Bank Withdrawal
0265-EDXBD,Churned,1,69,Attitude,Attitude of support person,2,4105,76,Male,1,32,Month-to-Month,$74.90,"$2,303.35","$3,818.23",1,Fiber Optic,1,1,10,$47.34,San Diego,California,United States,Bank Withdrawal
6904-JLBGY,Stayed,0,71,,,4,4008,78,Female,1,72,Two Year,$117.35,"$8,436.25","$9,511.93",1,Fiber Optic,1,1,30,$14.94,Salinas,California,United States,Credit Card
9894-EZEWG,Churned,1,69,Competitor,Competitor had better devices,1,5996,31,Female,0,1,Month-to-Month,$74.30,$74.30,$113.96,1,Fiber Optic,1,1,8,$39.66,Walnut Grove,California,United States,Credit Card
2017-CCBLH,Stayed,0,71,,,3,3087,55,Female,0,8,Two Year,$20.00,$141.60,$329.28,0,,1,0,0,$23.46,Weott,California,United States,Credit Card
2592-SEIFQ,Churned,1,69,Competitor,Competitor offered higher download speeds,2,3503,36,Male,0,3,Month-to-Month,$24.75,$66.95,$66.95,1,DSL,0,1,18,$0.00,San Anselmo,California,United States,Bank Withdrawal
5774-QPLTF,Stayed,0,71,,,5,6391,40,Male,0,50,One Year,$20.35,$938.95,"$2,287.95",0,,1,0,0,$26.98,El Nido,California,United States,Credit Card
2589-AYCRP,Stayed,0,71,,,4,4934,63,Female,0,50,One Year,$19.75,$989.05,"$2,886.55",0,,1,0,0,$37.95,Cedar Glen,California,United States,Bank Withdrawal
3174-RKMOW,Stayed,0,71,,,3,5721,24,Male,0,35,Month-to-Month,$109.95,"$3,782.40","$5,441.00",1,Fiber Optic,1,1,73,$48.30,Glendale,California,United States,Bank Withdrawal
2550-QHZGP,Stayed,0,71,,,5,4271,48,Male,0,7,One Year,$19.50,$128.60,$342.66,0,,1,0,0,$30.58,Calexico,California,United States,Credit Card
8091-TTVAX,Stayed,0,71,,,3,6432,39,Male,0,58,One Year,$100.35,"$5,681.10","$6,011.12",1,Fiber Optic,1,1,10,$5.69,Los Angeles,California,United States,Credit Card
7134-HBPBS,Stayed,0,71,,,5,4474,65,Female,1,72,Two Year,$108.10,"$7,774.05","$9,708.69",1,Fiber Optic,1,1,20,$26.87,Adelanto,California,United States,Bank Withdrawal
1442-BQPVU,Stayed,0,71,,,4,2876,33,Female,0,13,Month-to-Month,$29.15,$357.15,$357.15,1,DSL,0,1,28,$0.00,Culver City,California,United States,Bank Withdrawal
5651-WYIPH,Stayed,0,71,,,3,3283,69,Female,1,18,One Year,$49.85,$865.75,"$1,606.09",1,Cable,1,1,23,$41.13,Vacaville,California,United States,Credit Card
3282-ZISZV,Stayed,0,71,,,5,3945,56,Male,0,32,One Year,$83.70,"$2,633.30","$3,832.66",1,DSL,1,1,15,$37.48,South El Monte,California,United States,Credit Card
5795-BKOYE,Stayed,0,71,,,4,5846,47,Female,0,69,One Year,$59.10,"$4,134.70","$5,133.82",1,DSL,1,1,19,$14.48,Sacramento,California,United States,Bank Withdrawal
0567-GGCAC,Stayed,0,71,,,3,2845,38,Female,0,7,Month-to-Month,$61.40,$438.90,$549.78,1,DSL,1,1,14,$15.84,Biola,California,United States,Bank Withdrawal
9191-MYQKX,Churned,1,70,Dissatisfaction,Service dissatisfaction,1,3457,34,Female,0,7,Month-to-Month,$75.15,$496.90,$557.73,1,Fiber Optic,1,1,53,$8.69,Lynwood,California,United States,Bank Withdrawal
0419-YAAPX,Stayed,0,71,,,4,4696,44,Male,0,49,Month-to-Month,$85.30,"$4,297.95","$4,994.24",1,Fiber Optic,1,1,23,$14.21,Grass Valley,California,United States,Credit Card
9512-PHSMG,Stayed,0,71,,,3,4907,27,Female,0,10,Month-to-Month,$20.55,$252.75,$356.95,0,,1,0,0,$10.42,Merced,California,United States,Credit Card
6370-ZVHDV,Stayed,0,71,,,4,4501,52,Female,0,61,Two Year,$25.30,"$1,554.90","$4,017.47",0,,1,0,0,$40.37,Buellton,California,United States,Bank Withdrawal
5261-QSHQM,Churned,1,70,Competitor,Competitor made better offer,1,4909,31,Female,0,4,Month-to-Month,$24.45,$86.60,$86.60,1,DSL,0,1,9,$0.00,Temecula,California,United States,Bank Withdrawal
4373-MAVJG,Churned,1,70,Competitor,Competitor made better offer,2,5148,64,Female,0,14,Month-to-Month,$90.90,"$1,259.00","$1,449.96",1,Fiber Optic,1,1,9,$13.64,San Diego,California,United States,Bank Withdrawal
5447-WZAFP,Stayed,0,71,,,4,5377,22,Female,0,53,One Year,$100.30,"$5,200.80","$5,642.29",1,Fiber Optic,1,1,73,$8.33,Carlsbad,California,United States,Mailed Check
0134-XWXCE,Stayed,0,71,,,5,3253,76,Female,1,44,One Year,$74.85,"$3,268.05","$3,589.82",1,DSL,1,1,17,$7.72,Santa Monica,California,United States,Bank Withdrawal
8619-IJNDK,Stayed,0,71,,,4,4374,64,Female,0,71,Two Year,$64.05,"$4,492.90","$4,827.31",1,DSL,1,1,29,$4.71,Santa Ana,California,United States,Credit Card
7595-EUIVN,Churned,1,70,Competitor,Competitor had better devices,1,3940,53,Female,0,1,Month-to-Month,$75.80,$75.80,$90.28,1,Fiber Optic,1,1,26,$14.48,Clearlake,California,United States,Bank Withdrawal
5126-RCXYW,Stayed,0,71,,,4,4451,41,Male,0,54,Two Year,$46.00,"$2,424.05","$2,514.05",1,DSL,0,0,19,$0.00,Alhambra,California,United States,Credit Card
5382-TEMLV,Stayed,0,71,,,3,5274,45,Male,0,45,Month-to-Month,$50.90,"$2,298.55","$3,171.10",1,DSL,1,1,16,$19.39,Lindsay,California,United States,Bank Withdrawal
4855-SNKMY,Churned,1,70,Competitor,Competitor made better offer,3,5955,31,Female,0,1,Month-to-Month,$44.10,$44.10,$48.51,1,DSL,1,1,30,$4.41,Los Angeles,California,United States,Bank Withdrawal
0516-UXRMT,Stayed,0,71,,,3,5801,27,Female,0,62,One Year,$92.05,"$5,755.80","$7,222.15",1,Fiber Optic,1,1,47,$23.88,Oxnard,California,United States,Bank Withdrawal
0562-HKHML,Stayed,0,71,,,4,5574,39,Male,0,71,Two Year,$23.90,"$1,626.40","$2,974.69",0,,1,0,0,$18.99,Alameda,California,United States,Credit Card
7853-GVUDZ,Churned,1,70,Price,Long distance charges,2,4277,55,Female,0,1,Month-to-Month,$20.15,$20.15,$23.24,0,,1,0,0,$3.09,Los Angeles,California,United States,Credit Card
8749-TZYEC,Stayed,0,71,,,3,6251,38,Male,0,72,Two Year,$24.80,"$1,874.30","$2,845.88",0,,1,0,0,$13.72,Yorba Linda,California,United States,Credit Card
7010-ZMVBF,Stayed,0,71,,,4,2047,39,Female,0,18,Month-to-Month,$20.45,$357.00,$619.80,0,,1,0,0,$14.60,Thermal,California,United States,Credit Card
6461-SZMCV,Stayed,0,71,,,4,4278,46,Female,0,71,Two Year,$87.95,"$6,365.35","$7,008.61",1,DSL,1,1,30,$9.06,Corte Madera,California,United States,Bank Withdrawal
4289-DTDKW,Churned,1,70,Competitor,Competitor had better devices,1,2576,54,Male,0,40,Month-to-Month,$101.30,"$4,113.10","$5,015.50",1,Cable,1,1,4,$22.56,Madera,California,United States,Bank Withdrawal
4670-TABXH,Stayed,0,71,,,3,5791,53,Male,0,72,Two Year,$109.75,"$7,758.90","$9,411.30",1,Fiber Optic,1,1,17,$22.95,Hawthorne,California,United States,Credit Card
3022-BEXHZ,Stayed,0,71,,,4,6060,19,Male,0,67,Two Year,$111.20,"$7,530.80","$10,275.12",1,Fiber Optic,1,1,47,$40.96,Sonoma,California,United States,Bank Withdrawal
1391-UBDAR,Stayed,0,71,,,3,3042,27,Male,0,11,Month-to-Month,$72.90,$818.45,"$1,020.08",1,Fiber Optic,1,1,76,$18.33,Riverside,California,United States,Bank Withdrawal
8481-YYXWG,Churned,1,70,Dissatisfaction,Network reliability,3,4584,30,Female,0,5,Month-to-Month,$89.35,$461.70,$512.25,1,Fiber Optic,1,1,69,$10.11,Hume,California,United States,Bank Withdrawal
3884-HCSWG,Churned,1,70,Attitude,Attitude of support person,1,4390,51,Female,0,17,Month-to-Month,$70.00,"$1,144.50","$1,354.72",1,Fiber Optic,1,0,17,$7.66,Camptonville,California,United States,Bank Withdrawal
1376-HHBDV,Stayed,0,71,,,3,4864,37,Female,0,30,Month-to-Month,$48.80,"$1,536.75","$1,858.95",1,DSL,1,1,13,$10.74,Santa Monica,California,United States,Credit Card
4083-BFNYK,Stayed,0,71,,,4,5148,74,Female,1,38,One Year,$95.00,"$3,591.25","$5,554.41",1,Fiber Optic,1,0,27,$49.82,Acton,California,United States,Credit Card
8612-GXIDD,Stayed,0,71,,,3,2219,55,Male,0,12,Two Year,$25.40,$313.00,$842.44,0,,1,0,0,$44.12,San Bernardino,California,United States,Bank Withdrawal
9133-AYJZG,Stayed,0,71,,,5,5781,40,Female,0,23,Month-to-Month,$98.70,"$2,249.10","$2,581.45",1,Fiber Optic,1,1,19,$14.45,Mill Valley,California,United States,Credit Card
9257-AZMTZ,Stayed,0,71,,,4,4529,22,Female,0,52,Two Year,$20.10,"$1,078.75","$1,188.58",0,,1,0,0,$2.44,Glendale,California,United States,Bank Withdrawal
7550-WIQVA,Stayed,0,71,,,4,4972,34,Male,0,50,One Year,$108.25,"$5,431.40","$7,510.40",1,Fiber Optic,1,1,19,$41.58,Rocklin,California,United States,Bank Withdrawal
0547-HURJB,Stayed,0,70,,,3,4001,19,Male,0,12,Month-to-Month,$21.05,$235.80,$468.36,0,,1,0,0,$19.38,Dixon,California,United States,Credit Card
5680-LQOGP,Stayed,0,70,,,3,5308,21,Female,0,68,Two Year,$82.45,"$5,646.60","$6,747.08",1,Cable,1,0,59,$14.86,Twin Bridges,California,United States,Credit Card
3373-DIUUN,Stayed,0,70,,,3,3047,58,Male,0,30,Two Year,$21.25,$711.90,"$1,911.90",0,,1,0,0,$40.00,Hinkley,California,United States,Credit Card
9003-CPATH,Stayed,0,70,,,4,2583,53,Male,0,42,Month-to-Month,$79.90,"$3,313.40","$3,687.25",1,Fiber Optic,1,1,14,$9.46,Carson,California,United States,Bank Withdrawal
0489-WMEMG,Stayed,0,70,,,3,5237,61,Female,0,23,One Year,$49.45,"$1,119.35","$1,713.90",1,Cable,1,1,53,$25.85,Korbel,California,United States,Bank Withdrawal
2984-AFWNC,Joined,0,70,,,3,2813,52,Female,0,3,Month-to-Month,$95.40,$293.15,$344.18,1,Fiber Optic,1,1,28,$17.01,Rough And Ready,California,United States,Bank Withdrawal
9885-AIBVB,Stayed,0,70,,,3,2568,62,Male,0,29,Month-to-Month,$85.80,"$2,440.25","$3,735.75",1,Fiber Optic,1,0,16,$39.50,Newcastle,California,United States,Bank Withdrawal
4250-WAROZ,Stayed,0,70,,,3,4353,70,Male,1,60,One Year,$93.25,"$5,774.55","$6,955.35",1,Fiber Optic,1,1,53,$19.68,Fresno,California,United States,Bank Withdrawal
1370-GGAWX,Stayed,0,70,,,5,3924,55,Female,0,46,One Year,$94.15,"$4,408.45","$5,934.73",1,Fiber Optic,1,1,3,$33.18,Beverly Hills,California,United States,Bank Withdrawal
5178-LMXOP,Churned,1,70,Price,Price too high,1,5795,71,Male,1,1,Month-to-Month,$95.10,$95.10,$99.99,1,Fiber Optic,1,1,11,$4.89,Gardena,California,United States,Bank Withdrawal
3956-MGXOG,Stayed,0,70,,,5,2951,62,Female,0,28,Month-to-Month,$80.60,"$2,244.95","$3,192.47",1,Fiber Optic,1,1,5,$33.84,Modesto,California,United States,Bank Withdrawal
1580-BMCMR,Stayed,0,70,,,3,4447,66,Male,1,19,Month-to-Month,$87.30,"$1,637.30","$2,203.50",1,Fiber Optic,1,1,16,$29.80,Tehachapi,California,United States,Bank Withdrawal
1024-VRZHF,Churned,1,70,Competitor,Competitor made better offer,1,2044,39,Male,0,11,Month-to-Month,$74.95,$825.70,"$1,063.08",1,Fiber Optic,1,1,30,$21.58,San Diego,California,United States,Bank Withdrawal
5393-HJZSM,Stayed,0,70,,,3,5324,54,Female,0,32,Month-to-Month,$76.30,"$2,404.15","$3,441.91",1,Cable,1,1,19,$32.43,San Francisco,California,United States,Bank Withdrawal
7615-ESMYF,Churned,1,70,Competitor,Competitor made better offer,3,5482,23,Female,0,2,Month-to-Month,$44.60,$97.10,$97.10,1,Cable,0,1,51,$0.00,San Diego,California,United States,Bank Withdrawal
3407-QGWLG,Joined,0,70,,,4,2948,23,Male,0,3,Month-to-Month,$20.05,$75.45,$189.00,0,,1,0,0,$37.85,Roseville,California,United States,Credit Card
0266-GMEAO,Stayed,0,70,,,3,5879,43,Male,0,72,Two Year,$114.30,"$8,058.55","$9,206.23",1,Fiber Optic,1,1,13,$15.94,Lompoc,California,United States,Credit Card
5839-SUYVZ,Stayed,0,70,,,3,2893,21,Male,0,16,Month-to-Month,$74.55,"$1,170.50","$1,783.62",1,Fiber Optic,1,1,82,$38.32,Orange,California,United States,Credit Card
2144-ESWKO,Stayed,0,70,,,3,5268,47,Male,0,43,One Year,$35.20,"$1,463.70","$1,463.70",1,Cable,0,1,4,$0.00,San Pedro,California,United States,Credit Card
3137-NYQQI,Stayed,0,70,,,4,3546,32,Male,0,17,One Year,$64.80,"$1,175.60","$1,946.55",1,DSL,1,1,11,$45.35,Palmdale,California,United States,Credit Card
8178-EYZUO,Churned,1,70,Price,Extra data charges,1,3378,48,Male,0,46,Month-to-Month,$93.70,"$4,154.80","$4,880.68",1,Fiber Optic,1,1,3,$15.78,San Francisco,California,United States,Bank Withdrawal
0771-WLCLA,Stayed,0,70,,,3,2683,49,Female,0,16,Month-to-Month,$112.95,"$1,882.55","$2,625.75",1,Fiber Optic,1,1,12,$46.45,Big Bear Lake,California,United States,Bank Withdrawal
3422-WJOYD,Stayed,0,70,,,5,5105,27,Male,0,28,One Year,$54.35,"$1,426.45","$2,398.09",1,DSL,1,0,48,$33.63,Oakland,California,United States,Credit Card
2351-RRBUE,Stayed,0,70,,,4,3575,20,Female,0,7,One Year,$20.65,$134.05,$425.53,0,,1,0,0,$41.64,Tulelake,California,United States,Mailed Check
7622-FWGEW,Stayed,0,70,,,3,6500,71,Male,1,56,Two Year,$85.65,"$4,824.45","$6,598.53",1,DSL,1,1,30,$31.68,Costa Mesa,California,United States,Bank Withdrawal
4090-KPJIP,Joined,0,70,,,5,3641,42,Female,0,3,Month-to-Month,$74.95,$212.40,$189.72,1,Fiber Optic,1,1,8,$1.64,Anaheim,California,United States,Bank Withdrawal
8884-FEEWR,Stayed,0,70,,,4,2858,22,Male,0,35,One Year,$20.60,$754.00,"$2,224.70",0,,1,0,0,$42.02,El Dorado Hills,California,United States,Bank Withdrawal
2302-OUZXB,Stayed,0,70,,,5,4552,62,Male,0,72,Two Year,$82.15,"$5,784.30","$7,369.02",1,DSL,1,1,5,$22.01,Ventura,California,United States,Bank Withdrawal
2360-RDGRO,Stayed,0,70,,,3,5089,48,Male,0,65,Month-to-Month,$104.25,"$6,812.95","$9,490.95",1,Fiber Optic,1,1,10,$41.20,Sutter,California,United States,Bank Withdrawal
2811-POVEX,Stayed,0,70,,,5,3937,74,Female,1,23,Two Year,$88.45,"$2,130.55","$2,177.24",1,Fiber Optic,1,1,53,$2.03,Live Oak,California,United States,Bank Withdrawal
6908-VVYHM,Stayed,0,70,,,5,6358,52,Male,0,65,Month-to-Month,$90.65,"$5,931.00","$7,330.60",1,Fiber Optic,1,0,2,$19.84,Pasadena,California,United States,Bank Withdrawal
9135-MGVPY,Stayed,0,70,,,3,5345,41,Male,0,69,Two Year,$84.70,"$5,878.90","$9,216.43",1,DSL,1,1,7,$48.37,Sanger,California,United States,Credit Card
4537-DKTAL,Joined,0,70,,,5,4372,26,Female,0,2,Month-to-Month,$45.55,$84.40,$178.20,1,DSL,1,0,71,$41.90,Darwin,California,United States,Bank Withdrawal
4671-VJLCL,Stayed,0,70,,,3,4595,36,Female,0,63,Two Year,$79.85,"$4,861.45","$5,669.11",1,DSL,1,1,17,$12.82,Los Angeles,California,United States,Credit Card
7881-INRLC,Churned,1,70,Competitor,Competitor offered more data,1,4898,34,Male,0,45,Month-to-Month,$100.85,"$4,740.00","$5,375.40",1,Fiber Optic,1,1,3,$14.12,San Mateo,California,United States,Credit Card
7530-HDYDS,Churned,1,70,Attitude,Attitude of support person,2,2885,26,Female,0,38,Month-to-Month,$84.25,"$3,264.50","$3,935.58",1,Fiber Optic,1,1,41,$17.66,Lakewood,California,United States,Credit Card
2205-YMZZJ,Churned,1,70,Competitor,Competitor made better offer,3,2015,75,Male,1,7,Month-to-Month,$84.80,$546.95,$823.52,1,Fiber Optic,1,0,13,$39.51,Clovis,California,United States,Bank Withdrawal
9685-WKZGT,Churned,1,70,Price,Extra data charges,3,2075,67,Male,1,14,Month-to-Month,$74.95,"$1,036.75","$1,225.94",1,Fiber Optic,1,1,11,$16.32,Carmichael,California,United States,Bank Withdrawal
1934-SJVJK,Churned,1,70,Price,Long distance charges,2,4103,35,Male,0,1,Month-to-Month,$20.15,$20.15,$60.66,0,,1,0,0,$40.51,Smith River,California,United States,Credit Card
8961-QDZZJ,Stayed,0,70,,,5,6245,35,Female,0,57,One Year,$95.00,"$5,535.80","$7,940.06",1,Fiber Optic,1,1,22,$42.18,Lake Arrowhead,California,United States,Bank Withdrawal
7279-NMVJC,Stayed,0,70,,,4,2093,38,Female,0,17,One Year,$19.90,$323.15,$758.69,0,,1,0,0,$25.62,Compton,California,United States,Bank Withdrawal
1346-PJWTK,Stayed,0,70,,,3,4806,63,Male,0,61,Month-to-Month,$94.15,"$5,731.85","$6,813.38",1,Fiber Optic,1,1,2,$17.73,Corona,California,United States,Credit Card
6583-KQJLK,Stayed,0,70,,,3,5868,66,Female,1,15,Two Year,$94.65,"$1,285.05","$1,852.65",1,Fiber Optic,1,1,19,$37.84,Twin Bridges,California,United States,Bank Withdrawal
8631-XVRZL,Stayed,0,70,,,4,4004,40,Male,0,9,One Year,$20.15,$163.70,$601.19,0,,1,0,0,$48.61,Kyburz,California,United States,Mailed Check
5989-OMNJE,Stayed,0,70,,,4,5623,42,Female,0,24,One Year,$57.60,"$1,367.75","$1,367.75",1,DSL,0,1,27,$0.00,Windsor,California,United States,Bank Withdrawal
5339-PXDVH,Stayed,0,70,,,3,3559,43,Male,0,4,Month-to-Month,$90.65,$367.95,$494.23,1,Fiber Optic,1,1,18,$31.57,Clipper Mills,California,United States,Bank Withdrawal
2560-WBWXF,Stayed,0,70,,,4,5987,45,Male,0,68,Two Year,$24.15,"$1,498.85","$4,068.57",0,,1,0,0,$37.79,March Air Reserve Base,California,United States,Bank Withdrawal
4140-MUHUG,Churned,1,70,Attitude,Attitude of service provider,2,3561,73,Female,1,3,Month-to-Month,$86.85,$220.95,$276.09,1,Fiber Optic,1,1,20,$18.38,Oak View,California,United States,Bank Withdrawal
3063-QFSZL,Churned,1,70,Competitor,Competitor had better devices,1,2294,37,Female,0,1,Month-to-Month,$55.40,$55.40,$68.41,1,Cable,1,1,4,$13.01,San Jose,California,United States,Bank Withdrawal
1508-DFXCU,Stayed,0,70,,,3,2916,32,Male,0,12,Month-to-Month,$81.45,$912.00,"$1,044.48",1,Fiber Optic,1,1,16,$11.04,Riverside,California,United States,Bank Withdrawal
1697-BCSHV,Stayed,0,70,,,5,6433,44,Female,0,58,Month-to-Month,$66.80,"$3,970.40","$6,528.20",1,DSL,1,1,19,$44.10,Guinda,California,United States,Bank Withdrawal
9229-RQABD,Stayed,0,70,,,4,3076,45,Male,0,18,One Year,$23.75,$424.50,$657.96,0,,1,0,0,$12.97,Salton City,California,United States,Credit Card
4712-UYOOI,Stayed,0,70,,,3,3402,21,Female,0,20,Month-to-Month,$20.00,$417.65,"$1,179.92",0,,1,0,0,$38.60,Santa Cruz,California,United States,Bank Withdrawal
2774-LVQUS,Churned,1,70,Competitor,Competitor made better offer,3,2596,65,Female,1,15,Month-to-Month,$83.05,"$1,258.30","$2,030.25",1,Fiber Optic,1,0,3,$44.13,Temecula,California,United States,Bank Withdrawal
8875-AKBYH,Stayed,0,70,,,4,4915,78,Male,1,20,Two Year,$84.35,"$1,745.20","$2,265.40",1,Fiber Optic,1,0,9,$25.51,Mineral,California,United States,Bank Withdrawal
2181-TIDSV,Stayed,0,70,,,3,6492,47,Male,0,68,Two Year,$19.95,"$1,303.25","$2,646.25",0,,1,0,0,$19.75,Glen Ellen,California,United States,Bank Withdrawal
0392-BZIUW,Stayed,0,70,,,3,5678,44,Female,0,72,Two Year,$105.00,"$7,589.80","$8,063.56",1,Fiber Optic,1,1,7,$6.58,Fresno,California,United States,Credit Card
5493-SDRDQ,Churned,1,70,Competitor,Competitor made better offer,1,4235,19,Male,0,2,Month-to-Month,$55.10,$113.35,$124.01,1,Cable,1,1,52,$5.33,Angels Camp,California,United States,Mailed Check
7492-TAFJD,Stayed,0,70,,,4,3345,26,Male,0,7,Two Year,$38.55,$280.00,$280.00,1,Cable,0,1,58,$0.00,Long Beach,California,United States,Credit Card
7075-BNDVQ,Stayed,0,70,,,4,3523,46,Female,0,4,Month-to-Month,$35.00,$135.75,$185.75,1,DSL,0,0,26,$0.00,Termo,California,United States,Credit Card
7721-JXEAW,Churned,1,70,Competitor,Competitor offered higher download speeds,2,4324,23,Male,0,59,Month-to-Month,$41.05,"$2,452.70","$2,452.70",1,DSL,0,1,69,$0.00,Elk Grove,California,United States,Bank Withdrawal
0744-GKNGE,Stayed,0,70,,,3,4915,31,Female,0,64,Month-to-Month,$86.80,"$5,327.25","$7,102.61",1,Fiber Optic,1,1,12,$27.74,Inglewood,California,United States,Bank Withdrawal
6953-PBDIN,Stayed,0,70,,,4,6466,50,Male,0,70,Two Year,$72.95,"$5,265.55","$8,026.15",1,DSL,1,0,25,$38.58,Fort Bidwell,California,United States,Bank Withdrawal
0434-CSFON,Stayed,0,70,,,3,4488,34,Female,0,47,Month-to-Month,$100.50,"$4,707.10","$6,500.15",1,Fiber Optic,1,1,14,$38.15,Los Angeles,California,United States,Bank Withdrawal
0523-VNGTF,Stayed,0,70,,,3,5185,78,Female,1,52,Two Year,$50.50,"$2,566.30","$2,566.30",1,DSL,0,1,23,$0.00,Sun Valley,California,United States,Bank Withdrawal
1395-OFUWC,Stayed,0,70,,,3,4741,44,Male,0,43,Month-to-Month,$29.30,"$1,224.05","$1,224.05",1,Cable,0,1,53,$0.00,Los Angeles,California,United States,Credit Card
3347-YJZZE,Stayed,0,70,,,4,4558,60,Male,0,29,Month-to-Month,$80.10,"$2,211.80","$2,406.97",1,DSL,1,1,27,$6.73,Los Osos,California,United States,Credit Card
3727-OWVYD,Stayed,0,70,,,3,2075,24,Male,0,35,One Year,$61.20,"$2,021.20","$3,364.50",1,DSL,1,1,82,$38.38,Campo,California,United States,Mailed Check
4807-IZYOZ,Stayed,0,70,,,3,4725,25,Female,0,51,Two Year,$20.65,"$1,020.75","$1,982.16",0,,1,0,0,$19.23,North Palm Springs,California,United States,Bank Withdrawal
8089-UZWLX,Stayed,0,70,,,5,4113,75,Female,1,71,Two Year,$104.05,"$7,413.55","$10,811.61",1,Fiber Optic,1,1,16,$47.86,El Nido,California,United States,Bank Withdrawal
4636-JGAAI,Stayed,0,70,,,3,4014,28,Male,0,34,Month-to-Month,$88.85,"$3,000.25","$3,475.23",1,Fiber Optic,1,1,48,$13.97,San Jose,California,United States,Credit Card
5156-UMKOW,Joined,0,69,,,3,5880,44,Female,0,3,Month-to-Month,$29.65,$90.05,$90.05,1,DSL,0,1,53,$0.00,San Simeon,California,United States,Mailed Check
3810-PJUHR,Stayed,0,69,,,3,6059,63,Male,0,70,Two Year,$25.35,"$1,715.15","$2,447.35",0,,1,0,0,$10.46,Morongo Valley,California,United States,Credit Card
5753-QQWPW,Stayed,0,69,,,3,4131,57,Female,0,28,One Year,$59.90,"$1,654.70","$1,971.66",1,DSL,1,1,11,$11.32,Aliso Viejo,California,United States,Bank Withdrawal
6242-FEGFD,Stayed,0,69,,,3,4454,43,Male,0,66,Two Year,$96.60,"$6,424.25","$8,836.55",1,Fiber Optic,1,1,20,$36.55,Stratford,California,United States,Credit Card
8311-UEUAB,Stayed,0,69,,,3,5420,24,Female,0,67,Two Year,$75.50,"$5,229.45","$5,320.57",1,DSL,1,1,82,$1.36,Rialto,California,United States,Bank Withdrawal
7696-AMHOD,Stayed,0,69,,,5,4200,23,Female,0,49,One Year,$78.00,"$3,824.20","$4,268.63",1,DSL,1,1,82,$9.07,Fallbrook,California,United States,Credit Card
5474-LAMUQ,Stayed,0,69,,,3,5689,56,Male,0,24,One Year,$20.10,$533.90,"$1,393.10",0,,1,0,0,$35.80,Los Angeles,California,United States,Credit Card
6549-YMFAW,Stayed,0,69,,,4,2302,70,Male,1,9,One Year,$21.25,$204.55,$219.49,0,,1,0,0,$1.66,Los Olivos,California,United States,Credit Card
9323-HGFWY,Stayed,0,69,,,3,3795,55,Female,0,27,One Year,$101.90,"$2,681.15","$3,221.69",1,Fiber Optic,1,1,27,$20.02,Porter Ranch,California,United States,Credit Card
4193-ORFCL,Churned,1,70,Competitor,Competitor had better devices,1,2740,80,Female,1,1,Month-to-Month,$45.10,$45.10,$60.34,1,DSL,1,1,14,$15.24,North Hollywood,California,United States,Credit Card
0625-AFOHS,Stayed,0,69,,,3,2784,40,Female,0,29,Two Year,$20.20,$558.80,"$1,557.56",0,,1,0,0,$34.44,Ferndale,California,United States,Credit Card
4929-XIHVW,Joined,0,69,,,5,4449,79,Male,1,2,One Year,$95.50,$181.65,$257.85,1,Fiber Optic,1,0,11,$33.10,Los Angeles,California,United States,Credit Card
3996-ZNWYK,Stayed,0,69,,,4,5819,77,Male,1,71,Two Year,$19.80,"$1,388.45","$3,668.97",0,,1,0,0,$32.12,Sacramento,California,United States,Credit Card
5448-VWNAM,Stayed,0,69,,,4,4198,49,Female,0,19,Month-to-Month,$75.90,"$1,375.60","$1,527.98",1,DSL,1,1,57,$8.02,Oroville,California,United States,Credit Card
7481-ATQQS,Churned,1,70,Attitude,Attitude of support person,2,5651,76,Female,1,49,Month-to-Month,$90.85,"$4,515.85","$6,714.97",1,Fiber Optic,1,1,15,$44.88,Boulder Creek,California,United States,Credit Card
4627-MIHJH,Stayed,0,69,,,3,4948,72,Female,1,69,Two Year,$110.25,"$7,467.55","$9,082.15",1,Fiber Optic,1,1,27,$23.40,Stockton,California,United States,Credit Card
1552-TKMXS,Stayed,0,69,,,3,2127,37,Female,0,42,Month-to-Month,$20.35,$869.90,"$1,119.80",0,,1,0,0,$5.95,Fresno,California,United States,Credit Card
2378-VTKDH,Stayed,0,69,,,5,4073,76,Male,1,65,Month-to-Month,$104.35,"$6,578.55","$7,136.90",1,Fiber Optic,1,1,7,$8.59,Woodland,California,United States,Bank Withdrawal
5378-IKEEG,Churned,1,70,Price,Price too high,3,3351,47,Female,0,1,Month-to-Month,$35.75,$35.75,$35.75,1,Cable,0,1,2,$0.00,Eagleville,California,United States,Bank Withdrawal
0781-LKXBR,Churned,1,70,Competitor,Competitor had better devices,1,4038,65,Male,1,9,Month-to-Month,$100.50,$918.60,"$1,356.99",1,Fiber Optic,1,1,15,$48.71,San Francisco,California,United States,Bank Withdrawal
3354-OADJP,Stayed,0,69,,,3,2237,37,Female,0,8,One Year,$54.25,$447.75,$789.99,1,DSL,1,1,27,$42.78,Bolinas,California,United States,Bank Withdrawal
3877-JRJIP,Churned,1,71,Attitude,Attitude of support person,2,4017,50,Male,0,1,Month-to-Month,$59.85,$59.85,$81.90,1,Cable,1,1,28,$22.05,Hawthorne,California,United States,Bank Withdrawal
6839-ITVZJ,Churned,1,71,Other,Don't know,2,2039,35,Female,0,26,Month-to-Month,$60.05,"$1,616.15","$2,196.73",1,DSL,1,1,13,$22.33,Los Angeles,California,United States,Bank Withdrawal
9742-XOKTS,Stayed,0,69,,,3,6194,60,Male,0,67,One Year,$89.55,"$6,038.55","$7,230.22",1,Fiber Optic,1,1,11,$18.29,Santa Clara,California,United States,Bank Withdrawal
4800-CZMPC,Churned,1,71,Attitude,Attitude of service provider,1,4736,24,Female,0,48,One Year,$103.25,"$5,037.55","$5,342.83",1,Fiber Optic,1,1,47,$6.36,Delano,California,United States,Credit Card
0481-SUMCB,Stayed,0,69,,,4,5391,74,Female,1,45,One Year,$102.15,"$4,735.35","$6,270.75",1,Fiber Optic,1,1,15,$34.12,Greenville,California,United States,Bank Withdrawal
9360-OMDZZ,Stayed,0,69,,,3,3192,60,Male,0,24,Month-to-Month,$94.10,"$2,322.85","$3,162.93",1,Fiber Optic,1,0,14,$30.42,Herald,California,United States,Bank Withdrawal
1304-BCCFO,Stayed,0,69,,,3,4900,24,Male,0,9,Month-to-Month,$70.05,$564.40,$698.59,1,Cable,1,1,82,$14.91,Redlands,California,United States,Mailed Check
1766-GKNMI,Stayed,0,69,,,3,4388,56,Male,0,29,Month-to-Month,$84.90,"$2,516.20","$2,744.37",1,Fiber Optic,1,1,21,$9.49,Bakersfield,California,United States,Bank Withdrawal
4957-SREEC,Stayed,0,69,,,5,5748,38,Male,0,70,Two Year,$20.35,"$1,458.10","$3,647.26",0,,1,0,0,$31.78,Fallbrook,California,United States,Credit Card
1574-DYCWE,Stayed,0,69,,,4,4057,60,Female,0,51,Two Year,$19.95,"$1,028.75","$1,770.29",0,,1,0,0,$14.54,Escondido,California,United States,Credit Card
0201-MIBOL,Stayed,0,69,,,3,4861,68,Female,1,66,Two Year,$102.40,"$6,471.85","$7,161.55",1,Fiber Optic,1,1,20,$10.45,Salida,California,United States,Bank Withdrawal
2176-OSJUV,Stayed,0,69,,,3,4384,29,Male,0,71,Two Year,$65.15,"$4,681.75","$7,561.78",1,DSL,1,1,69,$40.63,Anaheim,California,United States,Bank Withdrawal
0670-KDOMA,Joined,0,69,,,4,5854,42,Female,0,1,Month-to-Month,$20.25,$20.25,$48.43,0,,1,0,0,$28.18,Chowchilla,California,United States,Credit Card
5641-DMBFJ,Stayed,0,69,,,4,5724,29,Female,0,58,Two Year,$84.30,"$4,916.40","$6,730.06",1,DSL,1,1,59,$31.27,Oregon House,California,United States,Bank Withdrawal
7746-AWNQW,Stayed,0,69,,,4,2431,62,Female,0,28,Month-to-Month,$35.75,$961.40,$961.40,1,DSL,0,1,2,$0.00,La Jolla,California,United States,Mailed Check
7541-YLXCL,Churned,1,71,Other,Don't know,1,5220,25,Male,0,36,One Year,$65.40,"$2,498.40","$3,452.76",1,Cable,1,1,85,$26.51,Pomona,California,United States,Credit Card
3657-COGMW,Stayed,0,69,,,4,4251,76,Female,1,52,Two Year,$108.10,"$5,839.30","$6,411.82",1,Fiber Optic,1,1,18,$11.01,San Luis Obispo,California,United States,Credit Card
6786-OBWQR,Stayed,0,69,,,5,5109,20,Female,0,5,Month-to-Month,$80.85,$356.10,$595.65,1,Fiber Optic,1,1,73,$47.91,Nipomo,California,United States,Bank Withdrawal
7173-TETGO,Stayed,0,69,,,3,6072,66,Female,1,72,Two Year,$78.50,"$5,602.25","$7,932.89",1,Fiber Optic,1,1,22,$32.37,Lytle Creek,California,United States,Bank Withdrawal
8707-RMEZH,Stayed,0,69,,,3,4148,67,Female,1,69,One Year,$87.30,"$6,055.55","$8,439.50",1,Fiber Optic,1,1,19,$34.55,Tecate,California,United States,Credit Card
0432-CAJZV,Joined,0,69,,,4,3953,47,Male,0,3,Month-to-Month,$90.70,$237.65,$253.82,1,Fiber Optic,1,1,10,$5.39,Temecula,California,United States,Credit Card
2272-QAGFO,Churned,1,71,Dissatisfaction,Service dissatisfaction,3,5342,75,Female,1,14,Month-to-Month,$74.30,"$1,096.25","$1,587.23",1,Fiber Optic,1,1,10,$35.07,Inglewood,California,United States,Bank Withdrawal
3549-ZTMNH,Stayed,0,69,,,3,3705,56,Male,0,12,Two Year,$24.00,$269.65,$583.69,0,,1,0,0,$26.17,San Mateo,California,United States,Bank Withdrawal
1400-MMYXY,Churned,1,71,Attitude,Attitude of service provider,2,2715,71,Male,1,3,Month-to-Month,$105.90,$334.65,$458.55,1,Fiber Optic,1,1,2,$41.30,Alhambra,California,United States,Bank Withdrawal
1389-WNUIB,Stayed,0,69,,,4,4085,21,Female,0,20,One Year,$76.00,"$1,588.75","$1,957.25",1,Cable,1,0,59,$15.29,San Diego,California,United States,Bank Withdrawal
8050-DVOJX,Stayed,0,69,,,4,4537,67,Male,1,49,Two Year,$81.35,"$4,060.90","$6,177.21",1,Cable,1,1,10,$43.19,Keeler,California,United States,Credit Card
0931-MHTEM,Stayed,0,69,,,4,4478,36,Female,0,54,One Year,$100.05,"$5,299.65","$7,150.23",1,Fiber Optic,1,1,20,$34.27,Big Bar,California,United States,Credit Card
0164-APGRB,Stayed,0,69,,,4,4589,56,Female,0,72,Two Year,$114.90,"$8,496.70","$11,979.34",1,Fiber Optic,1,1,5,$48.37,Calistoga,California,United States,Bank Withdrawal
1704-NRWYE,Churned,1,71,Attitude,Attitude of support person,2,5242,79,Female,1,9,Month-to-Month,$80.85,$751.65,"$1,141.71",1,Fiber Optic,1,1,2,$43.34,Point Reyes Station,California,United States,Bank Withdrawal
3452-ABWRL,Stayed,0,69,,,3,5527,70,Male,1,47,One Year,$86.05,"$3,865.60","$5,937.36",1,Fiber Optic,1,1,20,$44.08,San Jose,California,United States,Credit Card
2215-ZAFGX,Stayed,0,69,,,5,4867,35,Male,0,9,Month-to-Month,$85.50,$791.70,$895.20,1,Fiber Optic,1,1,14,$11.50,La Mesa,California,United States,Bank Withdrawal
7825-ECJRF,Churned,1,71,Dissatisfaction,Network reliability,1,3764,43,Female,0,19,Month-to-Month,$106.60,"$1,934.45","$2,491.38",1,Fiber Optic,1,0,19,$28.35,Santa Clarita,California,United States,Bank Withdrawal
5951-AOFIH,Stayed,0,69,,,5,3843,19,Male,0,33,Month-to-Month,$66.40,"$2,245.40","$3,754.16",1,Cable,1,0,51,$45.72,San Jose,California,United States,Credit Card
5219-YIPTK,Churned,1,71,Dissatisfaction,Service dissatisfaction,1,3185,46,Female,0,33,Month-to-Month,$104.40,"$3,409.60","$3,783.16",1,Fiber Optic,1,1,12,$11.32,Trinidad,California,United States,Bank Withdrawal
5229-DTFYB,Stayed,0,69,,,4,5584,64,Female,0,41,Two Year,$98.80,"$3,959.15","$4,352.72",1,Fiber Optic,1,1,2,$10.26,San Diego,California,United States,Bank Withdrawal
9253-QXKBE,Churned,1,71,Competitor,Competitor had better devices,1,2233,73,Male,1,29,Month-to-Month,$94.45,"$2,653.65","$2,834.90",1,Fiber Optic,1,1,21,$6.25,Morgan Hill,California,United States,Bank Withdrawal
5170-PTRKA,Stayed,0,69,,,4,4865,19,Female,0,49,One Year,$35.80,"$1,782.00","$1,782.00",1,Cable,0,1,82,$0.00,Atherton,California,United States,Credit Card
2826-DXLQO,Stayed,0,69,,,3,2587,80,Male,1,7,One Year,$29.80,$220.45,$208.62,1,DSL,0,1,13,$0.00,El Cerrito,California,United States,Bank Withdrawal
2037-SGXHH,Churned,1,71,Other,Don't know,2,3498,25,Male,0,38,Month-to-Month,$94.65,"$3,624.30","$5,512.90",1,Fiber Optic,1,1,30,$49.70,Campo Seco,California,United States,Bank Withdrawal
5456-ITGIC,Stayed,0,68,,,5,5295,76,Male,1,72,Two Year,$64.45,"$4,641.10","$4,641.10",1,DSL,0,1,9,$0.00,Loomis,California,United States,Credit Card
6352-GIGGQ,Stayed,0,68,,,3,4081,19,Male,0,67,One Year,$88.80,"$5,903.15","$8,403.59",1,DSL,1,1,59,$37.32,Escondido,California,United States,Bank Withdrawal
2639-UGMAZ,Stayed,0,68,,,3,5372,73,Male,1,71,One Year,$56.45,"$3,985.35","$3,985.35",1,DSL,0,1,20,$0.00,Artesia,California,United States,Bank Withdrawal
0988-JRWWP,Joined,0,68,,,4,3167,50,Female,0,3,Month-to-Month,$54.20,$140.40,$264.54,1,DSL,1,1,5,$41.38,Wilseyville,California,United States,Bank Withdrawal
9837-BMCLM,Churned,1,71,Price,Long distance charges,2,3567,39,Male,0,3,Month-to-Month,$78.50,$242.05,$337.69,1,Fiber Optic,1,1,7,$31.88,Stockton,California,United States,Bank Withdrawal
4654-DLAMQ,Stayed,0,68,,,3,4053,69,Female,1,64,One Year,$97.00,"$6,430.90","$6,671.54",1,Fiber Optic,1,1,11,$3.76,Warner Springs,California,United States,Bank Withdrawal
1208-NBVFH,Stayed,0,68,,,3,3235,63,Male,0,20,Month-to-Month,$49.60,$939.80,"$1,203.40",1,Cable,1,1,10,$13.18,Perris,California,United States,Bank Withdrawal
1567-DSCIC,Churned,1,71,Dissatisfaction,Product dissatisfaction,1,2632,59,Male,0,8,Month-to-Month,$94.00,$773.65,$964.77,1,Fiber Optic,1,1,14,$23.89,San Mateo,California,United States,Bank Withdrawal
0725-CXOTM,Stayed,0,68,,,3,4844,29,Female,0,36,One Year,$89.65,"$3,348.10","$4,957.30",1,DSL,1,1,59,$44.70,Manteca,California,United States,Credit Card
5014-WUQMG,Stayed,0,68,,,3,5793,23,Male,0,47,One Year,$96.10,"$4,391.45","$5,124.18",1,Fiber Optic,1,1,52,$15.59,Hornbrook,California,United States,Bank Withdrawal
2675-OTVVJ,Stayed,0,68,,,4,5597,76,Male,1,31,Two Year,$89.45,"$2,807.65","$4,203.93",1,Fiber Optic,1,1,18,$46.06,Novato,California,United States,Bank Withdrawal
6248-TKCQV,Stayed,0,68,,,3,5880,37,Female,0,70,Two Year,$80.60,"$5,460.20","$8,526.90",1,DSL,1,1,17,$43.81,Upper Lake,California,United States,Bank Withdrawal
1356-MKYSK,Stayed,0,68,,,3,2724,44,Male,0,6,Month-to-Month,$78.65,$483.30,$772.84,1,DSL,1,0,7,$46.59,Castro Valley,California,United States,Credit Card
9526-JAWYF,Churned,1,71,Competitor,Competitor made better offer,1,3452,49,Male,0,26,Month-to-Month,$89.80,"$2,335.30","$2,497.54",1,Fiber Optic,1,1,25,$6.24,San Diego,California,United States,Bank Withdrawal
9978-HYCIN,Stayed,0,68,,,3,3384,72,Male,1,47,One Year,$84.95,"$4,018.05","$6,085.68",1,Fiber Optic,1,0,22,$42.29,Bakersfield,California,United States,Bank Withdrawal
1468-DEFNC,Stayed,0,68,,,3,4772,69,Male,1,64,Two Year,$24.40,"$1,548.65","$3,922.41",0,,1,0,0,$37.09,San Jose,California,United States,Bank Withdrawal
7089-IVVAZ,Churned,1,71,Competitor,Competitor offered more data,1,2363,26,Female,0,8,Month-to-Month,$103.35,$847.30,"$1,004.74",1,Fiber Optic,1,1,41,$19.68,Cantua Creek,California,United States,Bank Withdrawal
2169-RRLFW,Stayed,0,68,,,5,5063,48,Female,0,71,Two Year,$25.60,"$1,888.25","$2,682.03",0,,1,0,0,$11.18,Capay,California,United States,Credit Card
5986-WWXDV,Stayed,0,68,,,3,2607,42,Male,0,39,One Year,$19.35,$779.20,"$2,674.99",0,,1,0,0,$48.61,Salton City,California,United States,Bank Withdrawal
8818-XYFCQ,Churned,1,71,Competitor,Competitor made better offer,1,5026,39,Male,0,32,Month-to-Month,$99.55,"$3,204.65","$4,353.07",1,Fiber Optic,1,0,26,$33.57,Walnut Creek,California,United States,Credit Card
2805-EDJPQ,Stayed,0,68,,,4,5926,45,Female,0,56,One Year,$99.75,"$5,608.40","$6,758.08",1,Fiber Optic,1,1,19,$20.53,San Diego,California,United States,Credit Card
3348-CFRNX,Churned,1,71,Price,Lack of affordable download/upload speed,1,2990,47,Female,0,28,Month-to-Month,$92.35,"$2,602.90","$3,657.38",1,Fiber Optic,1,1,20,$37.66,Healdsburg,California,United States,Credit Card
8780-IXSTS,Churned,1,71,Competitor,Competitor made better offer,1,5656,53,Female,0,6,Month-to-Month,$90.10,$521.30,$528.20,1,Fiber Optic,1,1,3,$1.15,San Diego,California,United States,Bank Withdrawal
8294-UIMBA,Stayed,0,68,,,5,4584,64,Female,0,30,One Year,$94.40,"$2,638.10","$2,718.20",1,Fiber Optic,1,1,27,$2.67,Northridge,California,United States,Bank Withdrawal
1125-SNVCK,Stayed,0,68,,,5,5651,78,Female,1,49,Two Year,$43.80,"$2,106.05","$3,832.45",1,DSL,1,1,3,$35.65,Los Angeles,California,United States,Credit Card
3334-CTHOL,Churned,1,71,Competitor,Competitor had better devices,2,2041,51,Female,0,1,Month-to-Month,$49.95,$49.95,$93.44,1,Cable,1,1,4,$43.49,Jackson,California,United States,Bank Withdrawal
7105-MXJLL,Stayed,0,68,,,5,2502,76,Female,1,26,One Year,$60.70,"$1,597.40","$2,042.52",1,Cable,1,1,17,$17.12,Valencia,California,United States,Credit Card
5537-UXXVS,Stayed,0,68,,,3,4137,49,Female,0,20,Month-to-Month,$19.25,$375.25,"$1,335.85",0,,1,0,0,$48.03,Citrus Heights,California,United States,Bank Withdrawal
6328-ZPBGN,Churned,1,71,Price,Extra data charges,2,4074,67,Female,1,11,Month-to-Month,$95.15,$997.65,"$1,037.47",1,Fiber Optic,1,1,22,$3.62,Riverbank,California,United States,Bank Withdrawal
2748-MYRVK,Churned,1,71,Price,Long distance charges,3,4776,22,Female,0,63,One Year,$99.90,"$6,137.00","$6,664.94",1,Fiber Optic,1,1,59,$8.38,Fresno,California,United States,Bank Withdrawal
6365-MTGZX,Churned,1,71,Competitor,Competitor had better devices,1,3068,44,Male,0,24,Month-to-Month,$96.00,"$2,122.45","$2,716.69",1,Fiber Optic,1,1,2,$24.76,Glendale,California,United States,Bank Withdrawal
2761-XECQW,Stayed,0,68,,,3,2560,67,Male,1,8,Two Year,$43.35,$371.40,$371.40,1,Cable,0,1,27,$0.00,Glenhaven,California,United States,Credit Card
8630-FJLIB,Stayed,0,68,,,4,2421,35,Female,0,18,Month-to-Month,$69.80,"$1,221.65","$1,835.81",1,Fiber Optic,1,1,20,$34.12,San Jose,California,United States,Bank Withdrawal
5204-HMGYF,Stayed,0,68,,,3,4567,32,Female,0,49,One Year,$87.20,"$4,345.00","$5,965.43",1,DSL,1,1,23,$33.07,La Crescenta,California,United States,Credit Card
9805-FILKB,Stayed,0,68,,,3,2325,44,Male,0,46,One Year,$20.20,$845.60,"$1,062.72",0,,1,0,0,$4.72,Temecula,California,United States,Bank Withdrawal
2386-OWURY,Stayed,0,68,,,4,6460,20,Female,0,58,Month-to-Month,$95.30,"$5,817.70","$7,879.60",1,Fiber Optic,1,1,73,$35.55,Yucaipa,California,United States,Bank Withdrawal
2578-JQPHZ,Stayed,0,68,,,3,4025,30,Male,0,44,Two Year,$100.10,"$4,378.35","$6,532.15",1,Fiber Optic,1,1,59,$48.95,Bayside,California,United States,Bank Withdrawal
2230-XTUWL,Stayed,0,68,,,5,5461,20,Female,0,48,Two Year,$19.55,$883.35,"$1,519.83",0,,1,0,0,$13.26,Madera,California,United States,Credit Card
8058-INTPH,Churned,1,71,Competitor,Competitor made better offer,3,2119,57,Female,0,1,Month-to-Month,$79.65,$79.65,$102.13,1,Fiber Optic,1,1,5,$22.48,San Diego,California,United States,Bank Withdrawal
7695-PKLCZ,Stayed,0,68,,,4,4201,32,Female,0,68,Two Year,$20.50,"$1,424.90","$4,716.78",0,,1,0,0,$48.41,Salinas,California,United States,Credit Card
9957-YODKZ,Stayed,0,68,,,5,5611,75,Male,1,6,Two Year,$80.80,$457.10,$588.32,1,Fiber Optic,1,0,17,$16.87,Canby,California,United States,Bank Withdrawal
6281-FKEWS,Stayed,0,68,,,5,3910,58,Female,0,44,One Year,$49.05,"$2,265.00","$2,265.00",1,Cable,0,1,3,$0.00,Berry Creek,California,United States,Bank Withdrawal
0626-QXNGV,Stayed,0,68,,,5,5613,55,Female,0,72,Two Year,$24.15,"$1,776.45","$4,511.01",0,,1,0,0,$37.98,Arcata,California,United States,Credit Card
1846-XWOQN,Churned,1,71,Competitor,Competitor made better offer,2,2825,80,Female,1,1,Month-to-Month,$70.15,$70.15,$118.12,1,Fiber Optic,1,1,8,$47.97,Bradley,California,United States,Bank Withdrawal
4480-MBMLB,Stayed,0,68,,,3,5319,52,Female,0,36,One Year,$104.80,"$3,886.45","$4,909.21",1,Fiber Optic,1,1,4,$28.41,Los Angeles,California,United States,Bank Withdrawal
4468-YDOVK,Stayed,0,68,,,5,3307,57,Male,0,5,Month-to-Month,$48.65,$235.20,$302.90,1,DSL,1,1,21,$13.54,Richmond,California,United States,Bank Withdrawal
8519-QJGJD,Churned,1,71,Attitude,Attitude of service provider,2,4995,42,Female,0,14,Month-to-Month,$75.35,"$1,025.95","$1,288.31",1,Cable,1,1,20,$18.74,Twain,California,United States,Bank Withdrawal
2364-UFROM,Stayed,0,68,,,3,3380,47,Male,0,30,One Year,$70.40,"$2,044.75","$3,017.05",1,Cable,1,1,22,$32.41,San Diego,California,United States,Bank Withdrawal
8727-XDPUD,Stayed,0,68,,,3,5658,51,Male,0,37,Two Year,$35.80,"$1,316.90","$1,416.90",1,DSL,0,0,25,$0.00,Sacramento,California,United States,Credit Card
3930-ZGWVE,Joined,0,68,,,3,2484,45,Male,0,1,Month-to-Month,$19.75,$19.75,$35.52,0,,1,0,0,$15.77,Stanton,California,United States,Credit Card
0742-NXBGR,Churned,1,71,Competitor,Competitor had better devices,1,4278,64,Female,0,1,Month-to-Month,$82.30,$82.30,$115.71,1,Fiber Optic,1,1,28,$33.41,Adin,California,United States,Bank Withdrawal
9927-DSWDF,Stayed,0,68,,,3,2429,53,Male,0,22,Month-to-Month,$104.60,"$2,180.55","$3,273.07",1,Fiber Optic,1,1,3,$49.66,Palos Verdes Peninsula,California,United States,Bank Withdrawal
1833-VGRUM,Churned,1,71,Price,Price too high,2,4684,70,Female,1,1,Month-to-Month,$74.20,$74.20,$123.15,1,Fiber Optic,1,1,23,$48.95,Perris,California,United States,Bank Withdrawal
2984-MIIZL,Churned,1,71,Dissatisfaction,Network reliability,1,5882,51,Male,0,4,Month-to-Month,$74.80,$321.90,$350.94,1,Fiber Optic,1,1,29,$7.26,Guadalupe,California,United States,Bank Withdrawal
2012-NWRPA,Churned,1,71,Competitor,Competitor made better offer,3,3172,78,Female,1,11,Month-to-Month,$99.55,"$1,131.20","$1,145.28",1,Fiber Optic,1,1,14,$1.28,Modesto,California,United States,Bank Withdrawal
7109-MFBYV,Stayed,0,68,,,3,5451,28,Male,0,26,Month-to-Month,$45.45,"$1,233.15","$1,988.97",1,Cable,1,1,42,$29.07,San Bernardino,California,United States,Bank Withdrawal
1832-PEUTS,Stayed,0,68,,,4,5995,23,Male,0,62,Two Year,$89.10,"$5,411.65","$7,752.15",1,Fiber Optic,1,1,73,$37.75,San Bernardino,California,United States,Credit Card
4816-OKWNX,Stayed,0,68,,,5,5437,38,Male,0,50,One Year,$103.40,"$5,236.40","$7,046.90",1,Fiber Optic,1,1,22,$36.21,Los Angeles,California,United States,Bank Withdrawal
0496-AHOOK,Stayed,0,68,,,3,4310,61,Male,0,24,One Year,$74.40,"$1,712.90","$2,501.54",1,Cable,1,1,30,$32.86,Bangor,California,United States,Bank Withdrawal
5371-VYLSX,Stayed,0,68,,,3,4977,65,Female,1,50,Month-to-Month,$83.40,"$4,113.70","$6,513.20",1,Fiber Optic,1,1,22,$47.99,Long Beach,California,United States,Bank Withdrawal
0196-JTUQI,Stayed,0,68,,,5,5841,59,Female,0,9,Month-to-Month,$75.20,$633.85,$717.28,1,Fiber Optic,1,1,28,$9.27,Clarksburg,California,United States,Credit Card
8644-XYTSV,Stayed,0,68,,,4,4348,37,Male,0,42,Month-to-Month,$40.15,"$1,626.05","$1,626.05",1,DSL,0,1,7,$0.00,Ballico,California,United States,Bank Withdrawal
9708-HPXWZ,Stayed,0,68,,,5,2599,74,Male,1,5,Two Year,$45.40,$214.75,$214.75,1,DSL,0,1,4,$0.00,El Sobrante,California,United States,Credit Card
0867-LDTTC,Stayed,0,68,,,4,5900,51,Male,0,5,Month-to-Month,$75.15,$392.65,$621.10,1,Cable,1,1,4,$45.69,Sacramento,California,United States,Bank Withdrawal
4439-JMPMT,Churned,1,71,Attitude,Attitude of support person,1,3608,38,Female,0,5,Month-to-Month,$85.75,$470.95,$432.39,1,Fiber Optic,1,1,22,$1.12,Comptche,California,United States,Bank Withdrawal
0174-QRVVY,Stayed,0,68,,,5,5747,21,Male,0,71,Two Year,$25.35,"$1,847.55","$2,500.75",0,,1,0,0,$9.20,San Marcos,California,United States,Credit Card
4299-SIMNS,Stayed,0,68,,,4,4544,43,Male,0,9,Month-to-Month,$81.15,$784.45,"$1,143.51",1,Fiber Optic,1,0,6,$34.34,Temple City,California,United States,Bank Withdrawal
9860-LISIZ,Stayed,0,68,,,5,2864,19,Female,0,34,Month-to-Month,$20.35,$673.20,"$1,922.70",0,,1,0,0,$36.75,Palm Springs,California,United States,Credit Card
0841-NULXI,Churned,1,71,Other,Don't know,1,3958,38,Male,0,1,Month-to-Month,$35.55,$35.55,$35.55,1,DSL,0,1,26,$0.00,Stockton,California,United States,Bank Withdrawal
0142-GVYSN,Stayed,0,68,,,5,5712,57,Male,0,26,Month-to-Month,$20.30,$511.25,$858.09,0,,1,0,0,$13.34,Randsburg,California,United States,Bank Withdrawal
9862-KJTYK,Stayed,0,68,,,4,3072,19,Male,0,19,Month-to-Month,$25.35,$566.10,$566.10,1,DSL,0,1,59,$0.00,Newport Beach,California,United States,Credit Card
3317-VLGQT,Stayed,0,68,,,4,3157,50,Female,0,14,Month-to-Month,$78.10,"$1,122.40","$1,184.70",1,Fiber Optic,1,1,16,$4.45,Wallace,California,United States,Bank Withdrawal
6284-AHOOQ,Churned,1,71,Other,Don't know,1,5014,71,Male,1,22,Month-to-Month,$90.50,"$1,910.60","$2,925.02",1,Fiber Optic,1,1,27,$46.11,Avenal,California,United States,Bank Withdrawal
9347-AERRL,Stayed,0,68,,,5,2111,60,Male,0,23,One Year,$19.30,$486.20,"$1,317.42",0,,1,0,0,$36.14,Desert Hot Springs,California,United States,Credit Card
0799-DDIHE,Stayed,0,68,,,5,3103,24,Female,0,15,Month-to-Month,$46.30,$639.45,"$1,003.50",1,Cable,1,1,27,$24.27,Grenada,California,United States,Bank Withdrawal
8634-CILSZ,Churned,1,71,Competitor,Competitor made better offer,3,6350,52,Male,0,69,One Year,$104.70,"$7,220.35","$8,630.71",1,Fiber Optic,1,1,3,$20.44,San Diego,California,United States,Bank Withdrawal
5909-ECHUI,Churned,1,71,Price,Lack of affordable download/upload speed,1,3065,49,Female,0,1,Month-to-Month,$56.25,$56.25,$82.39,1,DSL,1,1,22,$26.14,Oak Run,California,United States,Bank Withdrawal
9025-AOMKI,Churned,1,71,Other,Moved,2,5617,42,Female,0,6,Month-to-Month,$93.55,$536.40,$799.20,1,Fiber Optic,1,1,5,$43.80,Carpinteria,California,United States,Bank Withdrawal
8620-RJPZN,Joined,0,68,,,5,3061,27,Female,0,1,Month-to-Month,$20.70,$20.70,$66.56,0,,1,0,0,$45.86,Los Altos,California,United States,Bank Withdrawal
6769-DYBQN,Churned,1,71,Attitude,Attitude of support person,1,2097,77,Male,1,46,Month-to-Month,$85.00,"$3,969.40","$5,661.28",1,Fiber Optic,1,1,29,$36.78,Clearlake,California,United States,Bank Withdrawal
4678-DVQEO,Churned,1,71,Competitor,Competitor made better offer,1,4138,41,Female,0,1,Month-to-Month,$52.20,$52.20,$86.24,1,DSL,1,1,23,$34.04,Bass Lake,California,United States,Bank Withdrawal
0471-ARVMX,Stayed,0,68,,,3,5061,70,Female,1,62,One Year,$104.85,"$6,312.90","$7,722.78",1,Fiber Optic,1,1,18,$22.74,Kelseyville,California,United States,Bank Withdrawal
7409-KIUTL,Churned,1,72,Competitor,Competitor made better offer,3,5345,80,Female,1,1,Month-to-Month,$71.00,$71.00,$99.64,1,Fiber Optic,1,1,5,$28.64,Escondido,California,United States,Bank Withdrawal
2040-OBMLJ,Stayed,0,68,,,5,4850,24,Male,0,31,One Year,$81.70,"$2,548.65","$3,081.23",1,Fiber Optic,1,1,76,$17.18,Dunlap,California,United States,Credit Card
4753-PADAS,Stayed,0,68,,,4,5027,23,Female,0,67,One Year,$105.70,"$6,816.95","$8,522.77",1,Fiber Optic,1,1,73,$25.46,Bieber,California,United States,Bank Withdrawal
5167-GBFRE,Churned,1,72,Other,Poor expertise of online support,3,4694,73,Male,1,4,Month-to-Month,$25.20,$102.50,$102.50,1,DSL,0,1,19,$0.00,Oakland,California,United States,Bank Withdrawal
1218-VKFPE,Churned,1,72,Competitor,Competitor made better offer,1,3535,48,Female,0,12,Month-to-Month,$19.00,$233.55,$467.31,0,,1,0,0,$19.48,Anaheim,California,United States,Credit Card
5868-YWPDW,Churned,1,72,Dissatisfaction,Limited range of services,2,5834,76,Male,1,6,Month-to-Month,$84.20,$519.15,$761.79,1,Fiber Optic,1,1,25,$40.44,Sherman Oaks,California,United States,Bank Withdrawal
0939-YAPAF,Churned,1,72,Competitor,Competitor offered higher download speeds,3,2744,44,Female,0,35,Month-to-Month,$100.25,"$3,527.60","$3,894.75",1,Fiber Optic,1,1,17,$10.49,Santa Ana,California,United States,Bank Withdrawal
2675-IJRGJ,Stayed,0,68,,,3,5878,62,Male,0,53,Two Year,$19.65,$978.00,"$2,206.01",0,,1,0,0,$23.17,Oakland,California,United States,Bank Withdrawal
3647-GMGDH,Churned,1,72,Attitude,Attitude of support person,2,5615,52,Male,0,22,Month-to-Month,$94.70,"$1,914.90","$2,746.50",1,Fiber Optic,1,1,15,$37.80,Jackson,California,United States,Credit Card
4075-JFPGR,Stayed,0,68,,,3,5561,27,Female,0,51,One Year,$93.50,"$4,619.55","$5,694.12",1,Fiber Optic,1,1,46,$21.07,Rancho Cucamonga,California,United States,Bank Withdrawal
7938-OUHIO,Churned,1,72,Attitude,Attitude of service provider,3,3916,28,Male,0,3,Month-to-Month,$98.70,$293.65,$391.93,1,Fiber Optic,1,1,73,$32.76,Mill Valley,California,United States,Bank Withdrawal
5955-ERIHD,Churned,1,72,Price,Long distance charges,1,2206,53,Male,0,18,Month-to-Month,$94.70,"$1,687.95","$2,254.77",1,Fiber Optic,1,1,20,$31.49,Lakewood,California,United States,Bank Withdrawal
9114-AAFQH,Stayed,0,67,,,3,5427,27,Female,0,48,One Year,$65.65,"$3,094.65","$5,488.89",1,DSL,1,1,42,$49.88,North Highlands,California,United States,Bank Withdrawal
1569-TTNYJ,Churned,1,72,Other,Don't know,2,3401,55,Male,0,5,Month-to-Month,$78.75,$412.10,$427.90,1,Fiber Optic,1,0,7,$1.16,Richmond,California,United States,Bank Withdrawal
0508-OOLTO,Joined,0,67,,,3,3916,33,Female,0,2,Month-to-Month,$71.65,$135.75,$193.81,1,Fiber Optic,1,1,10,$29.03,Fort Irwin,California,United States,Bank Withdrawal
3192-LNKRK,Stayed,0,67,,,3,3476,63,Male,0,34,Month-to-Month,$84.05,"$2,909.95","$3,102.05",1,Fiber Optic,1,1,26,$5.65,San Joaquin,California,United States,Credit Card
6870-ZWMNX,Stayed,0,67,,,4,5115,55,Male,0,70,Two Year,$76.10,"$5,264.25","$7,710.15",1,DSL,1,0,9,$33.37,Clements,California,United States,Credit Card
4227-OJHAL,Stayed,0,67,,,4,4156,47,Female,0,68,One Year,$73.00,"$5,163.00","$6,533.20",1,DSL,1,1,16,$20.15,El Centro,California,United States,Credit Card
2988-PLAHS,Joined,0,67,,,5,2754,58,Female,0,3,One Year,$69.95,$220.45,$338.98,1,Cable,1,0,17,$29.51,Sierraville,California,United States,Bank Withdrawal
0678-RLHVP,Stayed,0,67,,,5,5731,33,Female,0,53,Two Year,$105.55,"$5,682.25","$6,367.01",1,Fiber Optic,1,1,19,$12.92,Redwood City,California,United States,Bank Withdrawal
9231-ZJYAM,Churned,1,72,Other,Moved,3,5301,65,Female,1,4,Month-to-Month,$78.85,$292.80,$440.52,1,Fiber Optic,1,1,18,$36.93,Squaw Valley,California,United States,Bank Withdrawal
9509-MPYOD,Stayed,0,67,,,4,4261,34,Female,0,35,One Year,$20.75,$700.45,"$1,942.95",0,,1,0,0,$35.50,Newcastle,California,United States,Credit Card
7605-BDWDC,Stayed,0,67,,,3,2539,35,Female,0,31,Two Year,$49.85,"$1,520.10","$1,520.10",1,DSL,0,1,10,$0.00,Mira Loma,California,United States,Bank Withdrawal
1402-PTHGN,Stayed,0,67,,,4,3479,22,Female,0,18,One Year,$61.50,"$1,087.45","$1,813.93",1,DSL,1,1,51,$40.36,Elk Grove,California,United States,Credit Card
1206-EHBDD,Stayed,0,67,,,3,6203,56,Female,0,56,Two Year,$80.30,"$4,513.65","$4,751.09",1,Fiber Optic,1,1,15,$4.24,Rodeo,California,United States,Bank Withdrawal
0083-PIVIK,Stayed,0,67,,,3,4761,25,Male,0,64,One Year,$81.25,"$5,567.55","$5,958.91",1,DSL,1,0,69,$5.49,Tulelake,California,United States,Bank Withdrawal
8148-WOCMK,Stayed,0,67,,,5,3214,54,Male,0,8,Two Year,$19.60,$125.00,$232.44,0,,1,0,0,$13.43,Castaic,California,United States,Credit Card
5902-WBLSE,Stayed,0,67,,,3,5219,32,Female,0,70,Two Year,$20.15,"$1,411.20","$3,290.70",0,,1,0,0,$26.85,Bonita,California,United States,Credit Card
2404-JIBFC,Stayed,0,67,,,3,5661,37,Female,0,55,Two Year,$85.10,"$4,657.95","$5,119.40",1,DSL,1,1,52,$8.39,Anaheim,California,United States,Bank Withdrawal
8799-OXZMD,Stayed,0,67,,,5,5463,35,Female,0,28,Month-to-Month,$29.75,$790.70,$790.70,1,DSL,0,1,14,$0.00,Los Angeles,California,United States,Credit Card
7163-OCEQI,Stayed,0,67,,,3,3571,64,Male,0,22,One Year,$78.65,"$1,663.75","$2,459.05",1,DSL,1,1,11,$36.15,Walnut Creek,California,United States,Credit Card
5366-OBVMR,Stayed,0,67,,,3,3740,42,Female,0,18,Month-to-Month,$50.30,$908.75,"$1,556.03",1,DSL,1,1,17,$35.96,Los Angeles,California,United States,Credit Card
2842-JTCCU,Churned,1,72,Attitude,Attitude of service provider,3,4662,27,Male,0,2,Month-to-Month,$46.05,$80.35,$149.73,1,Cable,1,0,52,$29.69,Hopland,California,United States,Bank Withdrawal
7658-UYUQS,Stayed,0,67,,,5,5318,71,Male,1,21,Month-to-Month,$86.55,"$1,857.25","$2,325.55",1,Fiber Optic,1,1,9,$22.30,Fullerton,California,United States,Bank Withdrawal
6823-SIDFQ,Stayed,0,67,,,4,5327,58,Male,0,28,One Year,$18.25,$534.70,"$1,665.62",0,,1,0,0,$40.39,Parker Dam,California,United States,Credit Card
2692-PFYTJ,Joined,0,67,,,4,2569,23,Female,0,1,Month-to-Month,$25.75,$25.75,$40.97,0,,1,0,0,$15.22,Hercules,California,United States,Credit Card
0885-HMGPY,Stayed,0,67,,,3,6469,55,Male,0,62,Two Year,$69.40,"$4,237.50","$6,787.56",1,Cable,1,1,12,$41.13,Honeydew,California,United States,Bank Withdrawal
5884-FBCTL,Stayed,0,67,,,4,5611,43,Female,0,72,Two Year,$25.10,"$1,857.85","$4,422.49",0,,1,0,0,$35.62,Shafter,California,United States,Bank Withdrawal
1761-AEZZR,Churned,1,72,Other,Don't know,2,5593,59,Male,0,1,Month-to-Month,$79.55,$79.55,$83.59,1,Fiber Optic,1,1,6,$4.04,Guinda,California,United States,Bank Withdrawal
8944-AILEF,Stayed,0,67,,,5,2483,26,Male,0,15,Month-to-Month,$19.45,$340.85,$938.45,0,,1,0,0,$39.84,Keyes,California,United States,Credit Card
6719-FGEDO,Stayed,0,67,,,4,6302,27,Female,0,72,Two Year,$97.00,"$7,104.20","$9,897.08",1,Fiber Optic,1,1,42,$38.79,Whittier,California,United States,Bank Withdrawal
0222-CNVPT,Stayed,0,67,,,3,4865,69,Male,1,52,Two Year,$48.80,"$2,555.05","$2,555.05",1,DSL,0,1,19,$0.00,Sacramento,California,United States,Credit Card
3806-YAZOV,Joined,0,67,,,4,3010,44,Female,0,3,Month-to-Month,$18.80,$56.00,$75.83,0,,1,0,0,$6.61,Lagunitas,California,United States,Credit Card
9057-SIHCH,Churned,1,72,Price,Price too high,1,3260,48,Female,0,3,Month-to-Month,$96.60,$291.90,$321.75,1,Fiber Optic,1,1,13,$9.95,Twentynine Palms,California,United States,Bank Withdrawal
4329-YPDDQ,Stayed,0,67,,,3,2102,40,Male,0,20,Month-to-Month,$108.20,"$2,203.70","$2,524.70",1,Fiber Optic,1,1,18,$16.05,Cazadero,California,United States,Bank Withdrawal
1919-RTPQD,Stayed,0,67,,,5,4699,42,Male,0,7,Month-to-Month,$44.75,$333.65,$534.55,1,DSL,1,1,17,$28.70,Fish Camp,California,United States,Bank Withdrawal
7248-VZQLC,Churned,1,72,Price,Price too high,1,4661,78,Female,1,47,Month-to-Month,$85.20,"$3,969.35","$4,760.36",1,Fiber Optic,1,1,12,$16.83,Concord,California,United States,Bank Withdrawal
7623-TRNQN,Churned,1,72,Price,Extra data charges,2,3113,34,Male,0,1,Month-to-Month,$49.90,$49.90,$89.50,1,DSL,1,1,17,$39.60,Jackson,California,United States,Mailed Check
3733-LSYCE,Stayed,0,67,,,5,4891,22,Female,0,15,Month-to-Month,$75.35,"$1,114.55","$1,565.90",1,Fiber Optic,1,1,71,$30.09,Samoa,California,United States,Bank Withdrawal
1047-RNXZV,Stayed,0,67,,,5,4871,57,Male,0,43,Two Year,$19.55,$876.15,$997.72,0,,1,0,0,$3.18,Glendale,California,United States,Credit Card
8292-ITGYJ,Stayed,0,67,,,4,3043,48,Female,0,45,Two Year,$24.65,"$1,138.80","$2,043.75",0,,1,0,0,$20.11,Campo Seco,California,United States,Bank Withdrawal
5117-IFGPS,Stayed,0,67,,,3,2217,73,Male,1,29,Two Year,$84.30,"$2,357.75","$3,423.50",1,Fiber Optic,1,1,12,$36.75,Tahoe City,California,United States,Bank Withdrawal
6134-KWTBV,Stayed,0,67,,,4,5822,43,Male,0,62,Two Year,$23.40,"$1,429.65","$4,463.31",0,,1,0,0,$48.93,Covina,California,United States,Bank Withdrawal
2451-YMUXS,Stayed,0,67,,,3,4494,79,Male,1,67,Two Year,$64.55,"$4,250.10","$6,185.06",1,DSL,1,1,11,$28.88,Vista,California,United States,Bank Withdrawal
9117-SHLZX,Churned,1,72,Dissatisfaction,Poor expertise of phone support,3,3571,36,Male,0,1,Month-to-Month,$45.70,$45.70,$56.11,1,DSL,1,1,17,$10.41,Fremont,California,United States,Mailed Check
1450-SKCVI,Churned,1,72,Attitude,Attitude of support person,3,5276,22,Female,0,56,Month-to-Month,$73.85,"$4,092.85","$6,085.89",1,Fiber Optic,1,1,69,$35.59,Del Mar,California,United States,Bank Withdrawal
9351-HXDMR,Stayed,0,67,,,3,4938,37,Male,0,72,Two Year,$110.90,"$8,240.85","$11,564.37",1,Fiber Optic,1,1,14,$46.16,Lytle Creek,California,United States,Credit Card
1032-MAELW,Stayed,0,67,,,5,5071,57,Female,0,68,One Year,$78.45,"$5,333.35","$5,841.31",1,DSL,1,1,29,$7.47,Fresno,California,United States,Bank Withdrawal
3537-RYBHH,Stayed,0,67,,,3,4074,78,Female,1,47,Two Year,$67.45,"$3,252.00","$5,450.19",1,DSL,1,1,24,$46.77,Northridge,California,United States,Credit Card
6319-QSUSR,Stayed,0,67,,,4,3838,57,Female,0,11,Month-to-Month,$19.70,$216.20,$709.88,0,,1,0,0,$44.88,Oceanside,California,United States,Credit Card
8625-AZYZY,Churned,1,72,Competitor,Competitor made better offer,3,4734,51,Male,0,24,Month-to-Month,$104.65,"$2,542.45","$2,614.45",1,Fiber Optic,1,1,15,$3.00,Anza,California,United States,Bank Withdrawal
1303-SRDOK,Stayed,0,67,,,3,4318,52,Female,0,55,Two Year,$69.05,"$3,842.60","$5,375.45",1,Fiber Optic,1,1,17,$27.87,Rio Dell,California,United States,Credit Card
2057-ZBLPD,Churned,1,72,Competitor,Competitor offered more data,3,2036,50,Female,0,21,Month-to-Month,$86.50,"$1,808.70","$2,695.32",1,Fiber Optic,1,1,29,$42.22,Los Gatos,California,United States,Bank Withdrawal
4462-CYWMH,Stayed,0,67,,,3,4981,65,Male,1,62,Month-to-Month,$89.80,"$5,629.55","$7,333.93",1,Fiber Optic,1,1,3,$27.49,Lindsay,California,United States,Bank Withdrawal
4081-DYXAV,Churned,1,72,Competitor,Competitor offered higher download speeds,3,5182,27,Female,0,19,One Year,$44.85,$893.55,$893.55,1,DSL,0,1,48,$0.00,San Jose,California,United States,Credit Card
6108-OQZDQ,Churned,1,72,Attitude,Attitude of service provider,3,2570,21,Female,0,4,Month-to-Month,$97.95,$384.50,$424.42,1,Fiber Optic,1,1,51,$9.98,Keene,California,United States,Bank Withdrawal
9897-KXHCM,Churned,1,72,Competitor,Competitor offered higher download speeds,1,3212,37,Female,0,3,Month-to-Month,$80.30,$250.05,$395.19,1,Fiber Optic,1,1,14,$48.38,Modesto,California,United States,Bank Withdrawal
4402-FTBXC,Stayed,0,67,,,3,4980,55,Male,0,54,Month-to-Month,$89.80,"$4,667.00","$6,134.18",1,Fiber Optic,1,1,24,$27.17,Hopland,California,United States,Credit Card
4193-IBKSW,Stayed,0,67,,,3,6232,27,Male,0,72,Two Year,$24.75,"$1,769.60","$4,313.36",0,,1,0,0,$35.33,San Pedro,California,United States,Bank Withdrawal
4827-LTQRJ,Stayed,0,67,,,4,5418,70,Female,1,66,One Year,$110.60,"$7,210.85","$10,139.93",1,Fiber Optic,1,1,28,$44.38,Shasta,California,United States,Credit Card
8735-NBLWT,Stayed,0,67,,,4,4195,34,Male,0,9,Month-to-Month,$20.40,$184.10,$596.57,0,,1,0,0,$45.83,Foresthill,California,United States,Credit Card
5202-IVJNU,Churned,1,72,Dissatisfaction,Network reliability,3,3106,56,Female,0,39,Month-to-Month,$30.10,"$1,131.30","$1,281.30",1,DSL,0,0,24,$0.00,Crockett,California,United States,Credit Card
4159-NAAIX,Stayed,0,67,,,3,4769,24,Female,0,63,Two Year,$97.45,"$6,253.00","$8,631.88",1,Fiber Optic,1,1,48,$37.76,Saratoga,California,United States,Bank Withdrawal
8292-FRFZQ,Stayed,0,67,,,4,3445,19,Female,0,39,One Year,$41.15,"$1,700.90","$1,700.90",1,DSL,0,1,73,$0.00,Malibu,California,United States,Bank Withdrawal
1061-PNTHC,Stayed,0,67,,,3,5012,36,Female,0,56,Month-to-Month,$109.60,"$5,953.00","$6,733.64",1,Fiber Optic,1,1,11,$13.94,Encinitas,California,United States,Credit Card
3050-GBUSH,Joined,0,67,,,4,2496,25,Female,0,3,Month-to-Month,$34.80,$113.95,$113.95,1,DSL,0,1,46,$0.00,Burlingame,California,United States,Credit Card
3544-FBCAS,Stayed,0,67,,,3,4116,36,Female,0,72,Two Year,$83.60,"$5,959.30","$6,883.78",1,DSL,1,1,22,$12.84,Philo,California,United States,Credit Card
2632-UCGVD,Churned,1,72,Price,Extra data charges,2,4512,71,Male,1,66,Month-to-Month,$100.05,"$6,871.90","$10,162.00",1,Fiber Optic,1,1,14,$49.85,Fairfield,California,United States,Credit Card
6794-HKIAJ,Stayed,0,67,,,3,5496,44,Male,0,62,Month-to-Month,$90.70,"$5,586.45","$6,758.25",1,Fiber Optic,1,1,2,$18.90,Redondo Beach,California,United States,Bank Withdrawal
6838-YAUVY,Stayed,0,67,,,3,4825,26,Female,0,54,Two Year,$95.10,"$5,064.85","$5,699.89",1,Fiber Optic,1,1,52,$11.76,Petaluma,California,United States,Bank Withdrawal
5317-FLPJF,Stayed,0,67,,,3,4824,25,Female,0,66,Two Year,$61.35,"$4,193.40","$4,323.40",1,DSL,0,0,73,$0.00,Altadena,California,United States,Bank Withdrawal
4931-TRZWN,Stayed,0,67,,,3,3605,54,Female,0,13,Month-to-Month,$71.95,$923.85,"$1,051.96",1,DSL,1,1,5,$10.66,Hornbrook,California,United States,Bank Withdrawal
4029-HPFVY,Joined,0,67,,,4,4275,35,Male,0,3,Month-to-Month,$70.30,$220.40,$249.62,1,Fiber Optic,1,1,27,$9.74,San Francisco,California,United States,Credit Card
3363-EWLGO,Stayed,0,67,,,3,5252,33,Female,0,5,Month-to-Month,$19.95,$109.60,$283.60,0,,1,0,0,$34.80,Freedom,California,United States,Credit Card
2380-DAMQP,Stayed,0,67,,,4,4761,63,Female,0,72,Two Year,$115.15,"$8,349.70","$11,272.18",1,Fiber Optic,1,1,25,$40.59,La Palma,California,United States,Bank Withdrawal
6960-HVYXR,Churned,1,72,Competitor,Competitor made better offer,1,2567,20,Female,0,1,Month-to-Month,$76.00,$76.00,$111.01,1,Fiber Optic,1,1,52,$35.01,Rio Linda,California,United States,Bank Withdrawal
8397-MVTAZ,Churned,1,72,Other,Poor expertise of online support,3,2568,22,Male,0,34,Month-to-Month,$100.05,"$3,480.00","$4,285.06",1,Fiber Optic,1,0,52,$23.09,Sun City,California,United States,Bank Withdrawal
2344-JMOGN,Churned,1,72,Other,Don't know,2,3016,54,Male,0,9,Month-to-Month,$94.85,$890.60,"$1,047.83",1,Fiber Optic,1,1,6,$17.47,Buttonwillow,California,United States,Credit Card
4183-WCSEP,Churned,1,72,Price,Long distance charges,1,3091,46,Male,0,31,Month-to-Month,$78.45,"$2,435.15","$3,540.93",1,Fiber Optic,1,0,20,$34.38,Weaverville,California,United States,Bank Withdrawal
5140-FOMCQ,Stayed,0,67,,,4,5186,52,Female,0,59,One Year,$109.15,"$6,557.75","$8,945.48",1,Fiber Optic,1,1,4,$40.47,Oakland,California,United States,Credit Card
5702-SKUOB,Stayed,0,66,,,4,4580,34,Female,0,4,Month-to-Month,$19.60,$93.45,$210.01,0,,1,0,0,$29.14,Fresno,California,United States,Credit Card
7601-DHFWZ,Stayed,0,66,,,3,3948,54,Female,0,48,Two Year,$24.00,"$1,183.05","$2,662.41",0,,1,0,0,$30.82,Simi Valley,California,United States,Credit Card
6821-JPCDC,Stayed,0,66,,,5,5893,29,Female,0,48,One Year,$97.05,"$4,692.95","$6,979.67",1,Fiber Optic,1,1,59,$47.64,Castro Valley,California,United States,Bank Withdrawal
7241-AJHFS,Stayed,0,66,,,3,2426,53,Male,0,32,Month-to-Month,$87.65,"$2,766.40","$3,066.93",1,Fiber Optic,1,0,25,$6.20,Escondido,California,United States,Bank Withdrawal
2878-RMWXY,Stayed,0,66,,,3,4680,75,Male,1,72,Two Year,$102.65,"$7,550.30","$9,602.30",1,Fiber Optic,1,1,5,$28.50,Temecula,California,United States,Credit Card
0003-MKNFE,Stayed,0,66,,,5,5414,46,Male,0,9,Month-to-Month,$59.90,$542.40,$610.28,1,Cable,1,0,10,$10.69,Glendale,California,United States,Credit Card
8752-GHJFU,Stayed,0,66,,,3,4322,70,Male,1,71,One Year,$92.00,"$6,585.20","$9,183.80",1,Fiber Optic,1,1,10,$36.60,Applegate,California,United States,Bank Withdrawal
2796-UUZZO,Stayed,0,66,,,4,5157,30,Male,0,63,Month-to-Month,$80.30,"$4,896.35","$6,125.79",1,Fiber Optic,1,0,48,$18.88,Redding,California,United States,Credit Card
6086-ESGRL,Churned,1,72,Attitude,Attitude of support person,1,3947,53,Female,0,1,Month-to-Month,$80.15,$80.15,$84.82,1,Fiber Optic,1,1,11,$4.67,Brea,California,United States,Credit Card
4013-TLDHQ,Churned,1,72,Competitor,Competitor had better devices,1,3666,59,Male,0,19,Month-to-Month,$78.25,"$1,490.95","$1,875.89",1,Fiber Optic,1,1,25,$20.26,Berkeley,California,United States,Bank Withdrawal
0215-BQKGS,Stayed,0,66,,,4,5393,52,Male,0,30,Month-to-Month,$84.30,"$2,438.60","$3,310.50",1,Fiber Optic,1,0,20,$24.73,Garden Grove,California,United States,Credit Card
6736-DHUQI,Stayed,0,66,,,4,6072,64,Female,0,67,One Year,$84.80,"$5,598.30","$5,830.79",1,Fiber Optic,1,1,21,$3.47,Fairfax,California,United States,Bank Withdrawal
5947-SGKCL,Stayed,0,66,,,3,2721,19,Female,0,15,Month-to-Month,$105.35,"$1,559.25","$1,622.10",1,Fiber Optic,1,1,59,$4.19,San Marino,California,United States,Bank Withdrawal
7994-XIRTR,Stayed,0,66,,,4,6161,79,Male,1,54,One Year,$65.25,"$3,529.95","$3,774.44",1,DSL,1,1,6,$5.14,Roseville,California,United States,Bank Withdrawal
9755-JHNMN,Stayed,0,66,,,3,5075,37,Female,0,49,Two Year,$67.40,"$3,306.85","$4,308.90",1,Cable,1,1,23,$20.45,Bakersfield,California,United States,Bank Withdrawal
8063-RJYNF,Churned,1,73,Competitor,Competitor offered higher download speeds,1,2827,27,Male,0,16,Month-to-Month,$94.25,"$1,483.25","$1,950.29",1,Fiber Optic,1,0,59,$20.44,Richmond,California,United States,Bank Withdrawal
4191-XOVOM,Stayed,0,66,,,4,4551,25,Male,0,63,Month-to-Month,$105.40,"$6,713.20","$8,275.19",1,Fiber Optic,1,0,73,$22.73,Oakland,California,United States,Bank Withdrawal
1599-MMYRQ,Stayed,0,66,,,3,5179,27,Male,0,62,One Year,$81.45,"$4,983.05","$7,428.44",1,Fiber Optic,1,1,41,$39.67,Forestville,California,United States,Credit Card
6242-MBHPK,Stayed,0,66,,,3,4025,67,Female,1,23,One Year,$95.10,"$2,326.05","$3,289.29",1,Fiber Optic,1,1,12,$41.88,Hathaway Pines,California,United States,Bank Withdrawal
7048-GXDAY,Stayed,0,66,,,4,4111,55,Male,0,39,Month-to-Month,$106.40,"$4,040.65","$4,710.28",1,Fiber Optic,1,1,30,$17.17,Fresno,California,United States,Bank Withdrawal
6734-GMPVK,Stayed,0,66,,,3,4024,34,Male,0,5,Month-to-Month,$105.30,$550.60,$773.85,1,Fiber Optic,1,1,30,$44.65,Santa Maria,California,United States,Bank Withdrawal
9578-VRMNM,Churned,1,73,Competitor,Competitor had better devices,1,4722,48,Female,0,16,Month-to-Month,$65.20,"$1,043.35","$1,802.55",1,DSL,1,1,30,$47.45,Summerland,California,United States,Credit Card
2311-QYMUQ,Churned,1,73,Attitude,Attitude of support person,3,3696,41,Female,0,16,Month-to-Month,$89.45,"$1,430.25","$1,937.93",1,Fiber Optic,1,1,25,$31.73,San Joaquin,California,United States,Credit Card
6175-IRFIT,Stayed,0,66,,,5,2610,32,Male,0,5,Month-to-Month,$78.75,$426.35,$600.90,1,Fiber Optic,1,0,24,$32.91,Bangor,California,United States,Credit Card
2856-NNASM,Churned,1,73,Dissatisfaction,Network reliability,1,3802,74,Male,1,43,Month-to-Month,$89.55,"$3,856.75","$5,538.91",1,Fiber Optic,1,1,6,$39.12,Santa Rosa,California,United States,Mailed Check
1656-DRSMG,Stayed,0,66,,,5,5775,40,Female,0,63,Month-to-Month,$109.85,"$7,002.95","$8,200.58",1,Fiber Optic,1,1,20,$19.01,Chico,California,United States,Credit Card
4283-IVYCI,Stayed,0,66,,,3,3013,40,Male,0,9,Month-to-Month,$64.95,$547.80,$795.57,1,Cable,1,1,11,$27.53,Sacramento,California,United States,Credit Card
5729-KLZAR,Churned,1,73,Competitor,Competitor had better devices,1,2961,22,Female,0,4,Month-to-Month,$80.85,$302.75,$519.87,1,Fiber Optic,1,0,59,$44.28,Sacramento,California,United States,Bank Withdrawal
3212-KXOCR,Stayed,0,66,,,4,4158,62,Male,0,52,Two Year,$21.00,"$1,107.20","$2,578.80",0,,1,0,0,$28.30,Inglewood,California,United States,Bank Withdrawal
7426-RHZGU,Stayed,0,66,,,3,5017,41,Male,0,9,Month-to-Month,$95.90,$827.45,"$1,104.65",1,Fiber Optic,1,1,3,$30.80,Oakland,California,United States,Bank Withdrawal
1098-TDVUQ,Joined,0,66,,,3,4745,34,Female,0,1,Month-to-Month,$19.25,$19.25,$28.69,0,,1,0,0,$9.44,Spring Valley,California,United States,Bank Withdrawal
0784-GTUUK,Stayed,0,66,,,4,4811,26,Male,0,62,One Year,$23.75,"$1,446.80","$3,448.16",0,,1,0,0,$32.28,Newman,California,United States,Credit Card
9103-TCIHJ,Churned,1,73,Price,Price too high,2,4519,60,Female,0,15,Month-to-Month,$55.70,$899.80,"$1,509.70",1,DSL,1,1,8,$40.66,Los Angeles,California,United States,Mailed Check
5298-GSTLM,Stayed,0,66,,,4,4483,74,Female,1,60,One Year,$101.40,"$6,176.60","$9,111.80",1,Fiber Optic,1,1,11,$48.92,Sacramento,California,United States,Bank Withdrawal
0848-SOMKO,Stayed,0,66,,,3,4483,23,Male,0,70,Two Year,$48.40,"$3,442.80","$3,442.80",1,DSL,0,1,26,$0.00,Shingle Springs,California,United States,Bank Withdrawal
2592-HODOV,Stayed,0,66,,,4,2823,44,Male,0,13,One Year,$19.30,$259.65,$809.76,0,,1,0,0,$45.03,Brea,California,United States,Credit Card
3977-QCRSL,Stayed,0,66,,,4,5020,30,Female,0,5,Month-to-Month,$20.15,$117.95,$134.80,0,,1,0,0,$3.37,Warner Springs,California,United States,Credit Card
8212-DJRCH,Stayed,0,66,,,4,4014,33,Male,0,5,Month-to-Month,$90.35,$434.50,$492.22,1,Fiber Optic,1,1,19,$15.01,Newbury Park,California,United States,Credit Card
1872-EBWSC,Stayed,0,66,,,4,4840,28,Female,0,29,One Year,$20.35,$617.35,"$1,231.86",0,,1,0,0,$21.19,Berkeley,California,United States,Mailed Check
8023-QHAIO,Stayed,0,66,,,3,6035,72,Female,1,56,Month-to-Month,$76.85,"$4,275.75","$5,939.11",1,Fiber Optic,1,0,29,$27.56,Corona,California,United States,Bank Withdrawal
0895-UADGO,Stayed,0,66,,,3,5489,46,Male,0,8,Two Year,$44.55,$343.45,$343.45,1,Cable,0,1,4,$0.00,River Pines,California,United States,Mailed Check
6483-OATDN,Stayed,0,66,,,4,2545,47,Male,0,8,Month-to-Month,$51.30,$411.60,$479.46,1,DSL,1,1,20,$10.36,Monrovia,California,United States,Credit Card
0513-RBGPE,Stayed,0,66,,,3,5229,57,Male,0,37,Two Year,$62.80,"$2,278.75","$2,428.28",1,DSL,1,1,9,$4.50,Rancho Santa Fe,California,United States,Credit Card
9722-UJOJR,Churned,1,73,Price,Price too high,1,2663,36,Male,0,29,Month-to-Month,$70.75,"$1,974.80","$2,300.76",1,Fiber Optic,1,1,16,$11.24,Blairsden Graeagle,California,United States,Bank Withdrawal
5993-JSUWV,Stayed,0,66,,,3,5133,25,Female,0,66,Two Year,$61.15,"$4,017.45","$5,427.87",1,DSL,1,1,30,$21.37,Columbia,California,United States,Bank Withdrawal
3457-PQBYH,Stayed,0,66,,,3,4424,35,Female,0,58,Two Year,$20.30,"$1,160.75","$2,133.36",0,,1,0,0,$17.21,Washington,California,United States,Credit Card
7408-OFWXJ,Stayed,0,66,,,3,5762,23,Female,0,72,Two Year,$89.80,"$6,510.45","$9,744.69",1,DSL,1,1,69,$44.92,Fresno,California,United States,Credit Card
5804-LEPIM,Churned,1,73,Other,Don't know,3,2671,74,Female,1,2,Month-to-Month,$70.35,$139.05,$165.39,1,Fiber Optic,1,1,10,$13.17,San Diego,California,United States,Bank Withdrawal
6410-LEFEN,Churned,1,73,Dissatisfaction,Product dissatisfaction,1,3757,38,Female,0,9,Month-to-Month,$45.15,$416.45,$557.03,1,DSL,1,1,2,$15.62,San Diego,California,United States,Bank Withdrawal
5827-MWCZK,Stayed,0,66,,,5,6484,39,Male,0,56,Month-to-Month,$96.95,"$5,432.20","$6,749.32",1,Fiber Optic,1,1,53,$23.52,Boonville,California,United States,Credit Card
3446-QDSZF,Stayed,0,66,,,4,2328,57,Female,0,4,Month-to-Month,$55.50,$227.35,$383.19,1,DSL,1,1,10,$38.96,Homewood,California,United States,Credit Card
8414-OOEEL,Stayed,0,66,,,4,4285,48,Male,0,66,Two Year,$79.50,"$5,196.10","$6,019.78",1,DSL,1,1,23,$12.48,Oakland,California,United States,Credit Card
1684-FLBGS,Stayed,0,66,,,4,2159,60,Female,0,23,Month-to-Month,$69.50,"$1,652.10","$2,267.48",1,Cable,1,1,21,$27.49,San Diego,California,United States,Credit Card
8107-KNCIM,Stayed,0,66,,,4,3771,73,Male,1,14,Two Year,$75.10,"$1,013.35","$1,649.79",1,Fiber Optic,1,1,4,$45.46,San Francisco,California,United States,Bank Withdrawal
7856-GANIL,Stayed,0,66,,,3,2535,71,Male,1,45,One Year,$98.70,"$4,525.80","$4,632.90",1,Fiber Optic,1,1,20,$2.38,Irvine,California,United States,Bank Withdrawal
7795-CFOCW,Stayed,0,66,,,3,4307,53,Male,0,45,One Year,$42.30,"$1,840.75","$1,840.75",1,DSL,0,1,10,$0.00,Los Angeles,California,United States,Bank Withdrawal
6368-NWMCE,Stayed,0,66,,,3,3371,61,Female,0,38,Month-to-Month,$68.15,"$2,656.30","$3,461.52",1,DSL,1,1,24,$21.19,Merced,California,United States,Credit Card
7009-PCARS,Stayed,0,66,,,5,4391,53,Male,0,55,One Year,$19.10,"$1,001.50","$3,162.45",0,,1,0,0,$39.29,Stockton,California,United States,Bank Withdrawal
7480-QNVZJ,Churned,1,73,Dissatisfaction,Network reliability,3,4287,65,Male,1,50,Month-to-Month,$95.70,"$4,816.70","$5,762.70",1,Fiber Optic,1,1,11,$18.92,Los Angeles,California,United States,Bank Withdrawal
2320-JRSDE,Churned,1,73,Attitude,Attitude of service provider,3,4633,33,Female,0,1,Month-to-Month,$19.90,$19.90,$27.39,0,,1,0,0,$7.49,Richgrove,California,United States,Bank Withdrawal
5396-IZEPB,Stayed,0,66,,,4,4194,37,Male,0,9,Month-to-Month,$19.70,$180.70,$404.71,0,,1,0,0,$24.89,Summerland,California,United States,Credit Card
6996-KNSML,Churned,1,73,Competitor,Competitor had better devices,1,5919,26,Female,0,1,Month-to-Month,$74.90,$74.90,$110.15,1,Fiber Optic,1,1,30,$35.25,Cotati,California,United States,Bank Withdrawal
2946-KIQSP,Stayed,0,66,,,5,2553,59,Female,0,35,Month-to-Month,$33.45,"$1,175.85","$1,205.85",1,Cable,0,0,12,$0.00,Fallbrook,California,United States,Credit Card
4547-LYTDD,Churned,1,73,Competitor,Competitor had better devices,1,2850,35,Female,0,16,Month-to-Month,$72.65,"$1,194.30","$1,946.14",1,Fiber Optic,1,1,17,$46.99,North Hollywood,California,United States,Bank Withdrawal
1140-UKVZG,Stayed,0,66,,,5,5208,64,Female,0,17,Month-to-Month,$24.80,$475.25,$605.47,0,,1,0,0,$9.84,Farmersville,California,United States,Credit Card
4611-ANLQC,Stayed,0,65,,,3,5493,31,Female,0,60,One Year,$50.05,"$2,911.50","$2,911.50",1,Cable,0,1,4,$0.00,Castro Valley,California,United States,Bank Withdrawal
1310-QRITU,Stayed,0,65,,,3,5877,40,Female,0,18,Month-to-Month,$50.30,$913.30,"$1,603.06",1,DSL,1,1,20,$38.32,Hinkley,California,United States,Bank Withdrawal
4248-HCETZ,Churned,1,73,Attitude,Attitude of support person,3,2174,77,Male,1,30,Month-to-Month,$79.65,"$2,365.15","$2,552.05",1,Fiber Optic,1,1,4,$6.23,Sacramento,California,United States,Credit Card
7928-VJYAB,Stayed,0,65,,,5,2004,44,Male,0,11,Month-to-Month,$90.60,"$1,020.20","$1,443.48",1,Fiber Optic,1,1,19,$38.48,Lemoore,California,United States,Bank Withdrawal
9467-ROOLM,Stayed,0,65,,,5,2692,50,Female,0,25,Month-to-Month,$19.05,$461.30,"$1,218.30",0,,1,0,0,$30.28,Gridley,California,United States,Mailed Check
7399-QHBJS,Stayed,0,65,,,3,6063,56,Female,0,72,Two Year,$66.75,"$4,760.30","$6,388.94",1,Cable,1,1,27,$22.62,Escondido,California,United States,Credit Card
5519-NPHVG,Churned,1,73,Price,Price too high,3,3975,53,Female,0,12,Month-to-Month,$94.20,"$1,046.10","$1,311.71",1,Fiber Optic,1,0,24,$12.75,Klamath River,California,United States,Bank Withdrawal
6465-GSRCL,Stayed,0,65,,,4,5895,19,Female,0,67,One Year,$106.60,"$7,244.70","$8,500.28",1,Fiber Optic,1,1,59,$18.74,Plymouth,California,United States,Bank Withdrawal
0530-IJVDB,Stayed,0,65,,,4,5414,36,Male,0,70,Two Year,$114.60,"$7,882.50","$9,749.40",1,Fiber Optic,1,1,17,$26.67,Jamul,California,United States,Bank Withdrawal
1955-IBMMB,Stayed,0,65,,,4,5216,47,Male,0,59,Two Year,$20.20,"$1,192.30","$3,975.33",0,,1,0,0,$47.17,Forest Knolls,California,United States,Bank Withdrawal
4293-ETKAP,Stayed,0,65,,,4,4023,42,Female,0,65,Two Year,$79.40,"$5,071.90","$5,190.85",1,Cable,1,1,13,$1.83,Litchfield,California,United States,Bank Withdrawal
8535-SFUTN,Stayed,0,65,,,3,4842,21,Male,0,61,Month-to-Month,$106.45,"$6,300.15","$8,499.20",1,Fiber Optic,1,1,73,$36.05,Moreno Valley,California,United States,Bank Withdrawal
1734-ZMNTZ,Stayed,0,65,,,4,5409,50,Female,0,11,Two Year,$25.00,$300.70,$466.14,0,,1,0,0,$15.04,Eureka,California,United States,Credit Card
2640-LYMOV,Joined,0,65,,,4,3007,59,Male,0,2,Month-to-Month,$19.65,$38.80,$58.02,0,,1,0,0,$9.61,Anaheim,California,United States,Credit Card
1555-DJEQW,Churned,1,73,Price,Price too high,1,5947,21,Female,0,70,Two Year,$114.20,"$7,723.90","$8,849.96",1,Fiber Optic,1,1,48,$16.78,Cupertino,California,United States,Bank Withdrawal
5299-SJCZT,Churned,1,73,Dissatisfaction,Network reliability,3,4480,57,Male,0,3,Month-to-Month,$101.55,$298.35,$363.93,1,Fiber Optic,1,1,6,$21.86,Ladera Ranch,California,United States,Bank Withdrawal
5688-KZTSN,Churned,1,73,Competitor,Competitor made better offer,1,4672,59,Male,0,15,Month-to-Month,$20.00,$288.05,$755.15,0,,1,0,0,$31.14,San Diego,California,United States,Bank Withdrawal
8874-EJNSR,Stayed,0,65,,,5,5453,64,Male,0,39,Two Year,$25.20,$987.95,"$1,787.06",0,,1,0,0,$20.49,Salinas,California,United States,Credit Card
6633-MPWBS,Churned,1,73,Competitor,Competitor offered more data,1,4336,47,Male,0,5,Month-to-Month,$49.20,$216.90,$253.45,1,DSL,1,1,18,$7.31,Woodland,California,United States,Bank Withdrawal
6257-DTAYD,Stayed,0,65,,,4,5973,27,Male,0,71,Two Year,$104.15,"$7,365.30","$7,639.36",1,Fiber Optic,1,1,85,$3.86,Fallbrook,California,United States,Credit Card
9773-PEQBZ,Stayed,0,65,,,5,5739,43,Male,0,10,Month-to-Month,$79.85,$797.25,$953.25,1,Fiber Optic,1,1,22,$15.60,Lake Elsinore,California,United States,Bank Withdrawal
4884-ZTHVF,Stayed,0,65,,,5,3950,80,Female,1,8,Month-to-Month,$87.10,$713.60,"$1,025.68",1,Fiber Optic,1,1,28,$39.01,Santa Cruz,California,United States,Bank Withdrawal
9929-PLVPA,Stayed,0,65,,,3,4929,51,Female,0,4,Month-to-Month,$20.40,$94.50,$217.66,0,,1,0,0,$30.79,Capitola,California,United States,Credit Card
8327-WKMIE,Stayed,0,65,,,5,4422,36,Male,0,37,One Year,$20.15,$785.75,"$2,057.44",0,,1,0,0,$34.37,Le Grand,California,United States,Credit Card
4526-EXKKN,Stayed,0,65,,,5,2601,27,Male,0,40,Two Year,$24.60,$973.95,"$2,072.75",0,,1,0,0,$27.47,Rio Nido,California,United States,Credit Card
5906-DVAPM,Stayed,0,65,,,3,5011,27,Female,0,55,One Year,$75.00,"$4,213.90","$6,056.40",1,DSL,1,1,51,$33.50,Meridian,California,United States,Credit Card
9424-CMPOG,Stayed,0,65,,,3,4406,53,Male,0,9,Two Year,$19.60,$197.40,$221.52,0,,1,0,0,$2.68,Bakersfield,California,United States,Mailed Check
5365-LLFYV,Joined,0,65,,,3,2245,43,Female,0,2,Month-to-Month,$45.85,$105.60,$116.54,1,DSL,1,1,29,$5.47,Penryn,California,United States,Credit Card
5726-CVNYA,Stayed,0,65,,,5,3260,44,Female,0,8,Two Year,$19.85,$146.60,$283.32,0,,1,0,0,$17.09,Cutler,California,United States,Credit Card
5712-AHQNN,Stayed,0,65,,,5,3826,36,Female,0,43,Month-to-Month,$91.65,"$3,954.10","$5,095.75",1,Fiber Optic,1,1,12,$26.55,Whittier,California,United States,Bank Withdrawal
3665-JATSN,Stayed,0,65,,,5,4034,19,Female,0,19,Month-to-Month,$39.70,$710.05,$820.05,1,DSL,0,0,59,$0.00,Mount Shasta,California,United States,Bank Withdrawal
3317-HRTNN,Churned,1,73,Competitor,Competitor made better offer,3,3561,79,Female,1,5,Month-to-Month,$45.70,$198.00,$198.00,1,DSL,0,1,15,$0.00,San Diego,California,United States,Bank Withdrawal
2237-ZFSMY,Churned,1,73,Attitude,Attitude of service provider,1,2767,29,Female,0,39,One Year,$95.55,"$3,692.85","$3,867.57",1,Fiber Optic,1,1,71,$4.48,Riverdale,California,United States,Bank Withdrawal
5828-AVIPD,Churned,1,73,Other,Poor expertise of online support,3,4072,29,Male,0,19,One Year,$100.95,"$1,875.55","$1,988.22",1,Fiber Optic,1,1,51,$5.93,Sierraville,California,United States,Bank Withdrawal
8097-VBQTZ,Stayed,0,65,,,4,6092,61,Male,0,54,Month-to-Month,$69.90,"$3,883.30","$5,374.78",1,Cable,1,1,24,$27.62,Anaheim,California,United States,Credit Card
7593-XFKDI,Churned,1,73,Price,Extra data charges,1,3017,39,Male,0,1,Month-to-Month,$46.30,$46.30,$94.52,1,DSL,1,1,21,$48.22,Los Angeles,California,United States,Credit Card
2378-YIZKA,Stayed,0,65,,,3,6221,61,Female,0,68,Two Year,$85.00,"$5,607.75","$6,164.79",1,DSL,1,0,16,$6.28,Weed,California,United States,Credit Card
8760-ZRHKE,Stayed,0,65,,,4,5546,80,Female,1,71,One Year,$69.20,"$4,982.50","$8,432.39",1,DSL,1,1,15,$48.59,Berry Creek,California,United States,Bank Withdrawal
1217-VASWC,Stayed,0,65,,,4,4499,77,Male,1,43,One Year,$100.55,"$4,304.00","$5,898.87",1,Fiber Optic,1,1,8,$37.09,Avila Beach,California,United States,Bank Withdrawal
6734-CKRSM,Joined,0,65,,,3,4258,38,Female,0,3,Month-to-Month,$20.00,$63.60,$184.20,0,,1,0,0,$40.20,Stirling City,California,United States,Mailed Check
1470-PSXNM,Stayed,0,65,,,3,5542,27,Male,0,49,One Year,$93.65,"$4,520.15","$6,254.94",1,Fiber Optic,1,1,59,$36.08,San Diego,California,United States,Bank Withdrawal
8631-NBHFZ,Churned,1,73,Competitor,Competitor offered higher download speeds,1,5910,71,Male,1,66,Two Year,$79.40,"$5,154.60","$7,286.58",1,DSL,1,0,15,$30.03,Running Springs,California,United States,Credit Card
6907-CQGPN,Stayed,0,65,,,5,2555,40,Male,0,29,Month-to-Month,$34.30,"$1,004.75","$1,004.75",1,DSL,0,1,27,$0.00,Oakland,California,United States,Bank Withdrawal
7120-RFMVS,Churned,1,73,Price,Price too high,2,4340,31,Male,0,1,Month-to-Month,$84.50,$84.50,$91.39,1,Fiber Optic,1,1,12,$6.89,Isleton,California,United States,Bank Withdrawal
6227-HWPWX,Churned,1,73,Competitor,Competitor had better devices,1,5671,40,Female,0,15,Month-to-Month,$69.00,$994.80,"$1,064.85",1,Fiber Optic,1,1,28,$4.67,Victorville,California,United States,Bank Withdrawal
5845-BZZIB,Stayed,0,65,,,3,4517,37,Male,0,35,Two Year,$20.10,$655.30,"$1,027.94",0,,1,0,0,$11.75,Frazier Park,California,United States,Credit Card
0219-YTZUE,Churned,1,73,Competitor,Competitor made better offer,3,4939,26,Male,0,4,Month-to-Month,$84.80,$371.90,$486.98,1,Fiber Optic,1,1,19,$28.77,San Diego,California,United States,Bank Withdrawal
5849-ASHZJ,Stayed,0,65,,,3,2400,26,Male,0,27,One Year,$20.05,$552.90,"$1,020.00",0,,1,0,0,$17.30,Palo Alto,California,United States,Credit Card
0002-ORFBO,Stayed,0,65,,,3,2205,37,Female,0,9,One Year,$65.60,$593.30,$974.81,1,Cable,1,1,16,$42.39,Frazier Park,California,United States,Credit Card
6635-MYYYZ,Churned,1,73,Competitor,Competitor made better offer,2,2313,59,Female,0,30,One Year,$85.35,"$2,530.40","$3,840.70",1,Cable,1,0,4,$43.01,Trinity Center,California,United States,Bank Withdrawal
9373-WSLOY,Stayed,0,65,,,3,5600,80,Male,1,33,Two Year,$50.00,"$1,750.85","$1,750.85",1,DSL,0,1,4,$0.00,Carlsbad,California,United States,Bank Withdrawal
4716-HHKQH,Stayed,0,65,,,3,5328,68,Male,1,20,One Year,$107.05,"$2,172.05","$2,723.25",1,Fiber Optic,1,1,3,$27.56,Pomona,California,United States,Bank Withdrawal
9448-REEVD,Churned,1,74,Other,Don't know,3,3700,21,Male,0,1,Month-to-Month,$44.70,$44.70,$76.78,1,DSL,1,1,73,$32.08,Concord,California,United States,Credit Card
8647-SDTWQ,Stayed,0,65,,,5,4133,59,Male,0,57,Month-to-Month,$74.30,"$4,018.35","$6,935.50",1,Fiber Optic,1,0,22,$49.95,Hood,California,United States,Bank Withdrawal
6243-OZGFH,Stayed,0,65,,,3,3248,47,Female,0,23,Month-to-Month,$44.95,$996.85,"$1,011.01",1,DSL,0,0,14,$0.00,Vista,California,United States,Bank Withdrawal
7901-TBKJX,Stayed,0,65,,,3,5514,76,Male,1,56,Two Year,$101.05,"$5,594.00","$5,894.64",1,Fiber Optic,1,0,16,$5.19,Twentynine Palms,California,United States,Bank Withdrawal
9450-TRJUU,Stayed,0,65,,,4,2332,52,Male,0,35,Month-to-Month,$83.15,"$2,848.45","$4,271.96",1,Fiber Optic,1,1,6,$41.21,Bakersfield,California,United States,Bank Withdrawal
6865-JZNKO,Stayed,0,65,,,4,2725,25,Female,0,30,Month-to-Month,$55.30,"$1,530.60","$2,112.90",1,Cable,1,1,27,$19.41,Los Angeles,California,United States,Bank Withdrawal
8597-CTXVJ,Stayed,0,65,,,4,5392,31,Male,0,70,One Year,$64.95,"$4,551.50","$6,394.03",1,Cable,1,1,19,$26.62,Jenner,California,United States,Bank Withdrawal
8455-HIRAQ,Stayed,0,65,,,3,4909,56,Female,0,8,Month-to-Month,$44.45,$369.30,$456.58,1,DSL,1,1,16,$10.91,Carmichael,California,United States,Credit Card
8015-IHCGW,Stayed,0,65,,,4,4017,53,Female,0,72,Two Year,$115.50,"$8,425.15","$11,033.90",1,Fiber Optic,1,1,10,$36.82,Garden Grove,California,United States,Bank Withdrawal
8952-WCVCD,Stayed,0,65,,,3,2719,45,Female,0,41,One Year,$104.45,"$4,162.05","$4,565.90",1,Fiber Optic,1,1,14,$9.85,South Gate,California,United States,Bank Withdrawal
0621-TSSMU,Stayed,0,65,,,5,4838,29,Male,0,56,One Year,$19.95,"$1,126.75","$3,863.47",0,,1,0,0,$48.87,Maywood,California,United States,Credit Card
0103-CSITQ,Stayed,0,65,,,5,6026,20,Female,0,57,One Year,$109.40,"$6,252.70","$6,709.27",1,Fiber Optic,1,1,73,$8.01,Modesto,California,United States,Bank Withdrawal
4936-YPJNK,Stayed,0,65,,,4,5811,56,Female,0,10,Month-to-Month,$19.90,$199.45,$437.85,0,,1,0,0,$23.84,Rosamond,California,United States,Credit Card
3714-XPXBW,Stayed,0,64,,,4,3801,43,Female,0,37,Month-to-Month,$78.90,"$2,976.95","$4,576.12",1,DSL,1,0,4,$42.41,Santa Cruz,California,United States,Credit Card
1291-CUOCY,Stayed,0,64,,,3,5444,55,Male,0,72,Two Year,$110.60,"$7,962.20","$8,273.24",1,Fiber Optic,1,1,18,$4.32,Yorkville,California,United States,Credit Card
7548-SEPYI,Churned,1,74,Competitor,Competitor made better offer,2,5056,62,Female,0,5,Month-to-Month,$96.25,$512.45,$673.05,1,Fiber Optic,1,1,10,$32.12,Temecula,California,United States,Bank Withdrawal
6131-IUNXN,Stayed,0,64,,,4,3636,47,Female,0,19,Month-to-Month,$20.20,$382.20,"$1,273.49",0,,1,0,0,$46.91,Huntington Beach,California,United States,Mailed Check
0402-OAMEN,Stayed,0,64,,,3,5335,36,Female,0,72,Two Year,$24.45,"$1,709.10","$3,189.42",0,,1,0,0,$20.56,Spreckels,California,United States,Bank Withdrawal
2615-YVMYX,Stayed,0,64,,,3,5775,68,Male,1,71,Month-to-Month,$107.50,"$7,713.55","$10,025.44",1,Fiber Optic,1,0,19,$30.59,Chula Vista,California,United States,Bank Withdrawal
2985-JUUBZ,Stayed,0,64,,,5,3718,32,Male,0,40,Month-to-Month,$74.55,"$3,015.75","$3,570.15",1,DSL,1,1,75,$13.86,Dulzura,California,United States,Bank Withdrawal
0254-KCJGT,Stayed,0,64,,,4,4628,64,Male,0,52,One Year,$81.40,"$4,354.45","$6,504.13",1,Cable,1,1,24,$41.34,Bodega Bay,California,United States,Credit Card
5144-PQCDZ,Stayed,0,64,,,5,3172,55,Male,0,4,Month-to-Month,$19.95,$59.25,$198.69,0,,1,0,0,$34.86,Fairfield,California,United States,Credit Card
5834-ASPWA,Churned,1,74,Competitor,Competitor made better offer,3,5518,55,Male,0,1,Month-to-Month,$75.45,$75.45,$87.03,1,Fiber Optic,1,1,15,$11.58,San Diego,California,United States,Bank Withdrawal
2890-WFBHU,Stayed,0,64,,,3,6041,26,Female,0,59,One Year,$79.85,"$4,786.10","$4,900.56",1,DSL,1,1,73,$1.94,Salyer,California,United States,Credit Card
0787-LHDYT,Stayed,0,64,,,3,5667,36,Male,0,16,Month-to-Month,$20.60,$330.25,$865.29,0,,1,0,0,$33.44,Carmel Valley,California,United States,Credit Card
4342-HENTK,Churned,1,74,Competitor,Competitor had better devices,1,2189,67,Female,1,2,Month-to-Month,$70.65,$142.35,$167.39,1,Fiber Optic,1,1,25,$12.52,Garberville,California,United States,Bank Withdrawal
3523-BRGUW,Stayed,0,64,,,5,2269,65,Male,1,26,One Year,$19.30,$504.20,"$1,271.59",0,,1,0,0,$29.88,Los Altos,California,United States,Credit Card
0032-PGELS,Churned,1,74,Attitude,Attitude of service provider,1,5171,37,Female,0,1,Month-to-Month,$30.50,$30.50,$30.50,1,DSL,0,1,19,$0.00,Palomar Mountain,California,United States,Bank Withdrawal
7328-ZJAJO,Stayed,0,64,,,4,4579,19,Female,0,59,Two Year,$19.50,"$1,222.65","$1,783.74",0,,1,0,0,$9.51,Santa Rosa,California,United States,Credit Card
3128-YOVTD,Stayed,0,64,,,3,6321,29,Female,0,51,Month-to-Month,$79.15,"$4,018.55","$4,147.58",1,Fiber Optic,1,1,71,$2.53,Forbestown,California,United States,Bank Withdrawal
5226-NOZFC,Stayed,0,64,,,3,3178,48,Male,0,26,Month-to-Month,$85.75,"$2,146.50","$3,195.60",1,Fiber Optic,1,1,13,$40.35,Modesto,California,United States,Bank Withdrawal
5624-RYAMH,Stayed,0,64,,,4,4283,43,Female,0,9,Month-to-Month,$19.50,$178.85,$601.31,0,,1,0,0,$46.94,Citrus Heights,California,United States,Bank Withdrawal
8337-MSSXB,Churned,1,74,Attitude,Attitude of service provider,2,3677,64,Female,0,14,Month-to-Month,$86.30,"$1,180.95","$1,601.15",1,Fiber Optic,1,0,26,$29.30,Trabuco Canyon,California,United States,Bank Withdrawal
6060-DRTNL,Churned,1,74,Competitor,Competitor had better devices,1,3305,66,Female,1,5,Month-to-Month,$84.85,$415.55,$572.30,1,Fiber Optic,1,0,27,$27.35,San Jacinto,California,United States,Credit Card
9867-JCZSP,Stayed,0,64,,,4,3646,28,Female,0,17,One Year,$20.75,$418.25,$566.83,0,,1,0,0,$8.74,Los Angeles,California,United States,Credit Card
6297-NOOPG,Stayed,0,64,,,4,5979,41,Female,0,70,Two Year,$110.50,"$7,752.05","$9,749.85",1,Fiber Optic,1,1,23,$28.54,Temecula,California,United States,Bank Withdrawal
1705-GUHPV,Stayed,0,64,,,3,4948,64,Female,0,63,Two Year,$24.20,"$1,618.20","$3,302.82",0,,1,0,0,$26.74,Los Angeles,California,United States,Credit Card
2468-SJFLM,Joined,0,64,,,5,3063,37,Male,0,1,Month-to-Month,$74.30,$74.30,$113.85,1,Fiber Optic,1,1,21,$39.55,Biggs,California,United States,Mailed Check
4735-BJKOU,Stayed,0,64,,,5,3915,33,Female,0,40,Two Year,$20.15,$804.85,"$1,139.25",0,,1,0,0,$8.36,Los Angeles,California,United States,Mailed Check
3970-XGJDU,Stayed,0,64,,,4,4937,45,Female,0,62,Two Year,$19.20,"$1,123.65","$2,613.51",0,,1,0,0,$24.03,West Hills,California,United States,Credit Card
3926-YZVVX,Stayed,0,64,,,5,2157,62,Female,0,41,One Year,$50.05,"$2,029.05","$2,538.27",1,Cable,1,1,12,$12.42,Sacramento,California,United States,Bank Withdrawal
9873-MNDKV,Stayed,0,64,,,3,4492,59,Female,0,11,Month-to-Month,$44.65,$472.25,$793.01,1,DSL,1,1,3,$29.16,San Gregorio,California,United States,Credit Card
6754-LZUKA,Stayed,0,64,,,3,4161,29,Male,0,61,Two Year,$80.90,"$4,932.50","$6,354.41",1,DSL,1,1,51,$23.31,Escondido,California,United States,Bank Withdrawal
1273-MTETI,Churned,1,74,Other,Don't know,3,2754,69,Female,1,4,Month-to-Month,$88.85,$372.45,$423.89,1,Fiber Optic,1,1,4,$12.86,Rancho Cucamonga,California,United States,Bank Withdrawal
3768-NLUBH,Churned,1,74,Dissatisfaction,Network reliability,1,5247,73,Male,1,57,Month-to-Month,$100.60,"$5,746.15","$8,145.85",1,Fiber Optic,1,1,3,$42.10,Torrance,California,United States,Bank Withdrawal
5201-FRKKS,Stayed,0,64,,,4,4815,53,Male,0,25,Month-to-Month,$74.30,"$1,952.25","$2,344.21",1,Fiber Optic,1,1,26,$17.30,Winnetka,California,United States,Bank Withdrawal
8150-QUDFX,Joined,0,64,,,3,3300,27,Male,0,2,Month-to-Month,$19.85,$51.60,$106.54,0,,1,0,0,$27.47,Rohnert Park,California,United States,Credit Card
7951-VRDVK,Stayed,0,64,,,4,4898,26,Female,0,36,One Year,$85.85,"$3,003.55","$3,503.95",1,Cable,1,0,73,$13.90,Laguna Hills,California,United States,Bank Withdrawal
3761-FLYZI,Stayed,0,64,,,5,5225,69,Female,1,65,Two Year,$108.80,"$7,082.45","$10,215.38",1,Fiber Optic,1,1,9,$48.53,Los Angeles,California,United States,Bank Withdrawal
8884-ADFVN,Churned,1,74,Other,Don't know,1,2016,65,Male,1,7,Month-to-Month,$101.95,$700.85,$943.47,1,Fiber Optic,1,1,3,$34.66,Roseville,California,United States,Bank Withdrawal
9881-VCZEP,Stayed,0,64,,,3,5701,29,Female,0,25,Month-to-Month,$54.10,"$1,373.00","$1,786.00",1,Cable,1,0,59,$12.12,San Jose,California,United States,Bank Withdrawal
8155-IBNHG,Churned,1,74,Attitude,Attitude of support person,3,2325,55,Female,0,24,Month-to-Month,$75.40,"$1,747.85","$2,173.37",1,Fiber Optic,1,1,29,$17.73,San Diego,California,United States,Credit Card
1956-YIFGE,Stayed,0,64,,,4,3274,36,Male,0,22,One Year,$100.05,"$2,090.25","$2,289.35",1,Fiber Optic,1,1,57,$9.05,Boulevard,California,United States,Credit Card
1550-LOAHA,Churned,1,74,Dissatisfaction,Limited range of services,2,4017,53,Female,0,32,Month-to-Month,$84.15,"$2,585.95","$3,785.31",1,Fiber Optic,1,1,13,$37.48,Orangevale,California,United States,Bank Withdrawal
6217-TOWGS,Stayed,0,64,,,3,4852,29,Female,0,17,Month-to-Month,$75.40,"$1,322.55","$1,451.75",1,DSL,1,1,52,$7.60,San Jose,California,United States,Bank Withdrawal
1925-TIBLE,Churned,1,74,Competitor,Competitor offered higher download speeds,1,3887,62,Female,0,7,Month-to-Month,$86.50,$582.50,$760.77,1,Fiber Optic,1,0,11,$22.61,Los Angeles,California,United States,Bank Withdrawal
3393-FMZPV,Churned,1,74,Price,Extra data charges,1,2195,59,Female,0,25,Month-to-Month,$100.25,"$2,387.75","$3,293.75",1,Fiber Optic,1,1,3,$36.24,Elverta,California,United States,Bank Withdrawal
4911-BANWH,Churned,1,74,Attitude,Attitude of support person,3,4198,44,Female,0,31,Month-to-Month,$86.55,"$2,697.40","$3,732.18",1,Fiber Optic,1,1,27,$33.38,Sunland,California,United States,Credit Card
0853-NWIFK,Stayed,0,64,,,3,4868,27,Female,0,45,One Year,$100.30,"$4,483.95","$4,530.30",1,Fiber Optic,1,1,47,$1.03,Woodacre,California,United States,Bank Withdrawal
4236-XPXAV,Churned,1,74,Other,Moved,2,2283,45,Female,0,5,Month-to-Month,$99.15,$465.05,$511.20,1,Fiber Optic,1,1,25,$9.23,Dunnigan,California,United States,Mailed Check
1403-GYAFU,Stayed,0,64,,,3,4485,47,Male,0,70,Two Year,$20.05,"$1,360.25","$4,760.15",0,,1,0,0,$48.57,Irvine,California,United States,Credit Card
2475-MROZF,Stayed,0,64,,,3,3597,36,Male,0,30,Month-to-Month,$95.00,"$2,852.40","$2,938.50",1,Fiber Optic,1,1,29,$2.87,Murrieta,California,United States,Credit Card
4776-XSKYQ,Stayed,0,64,,,4,5988,48,Female,0,12,One Year,$30.25,$368.85,$368.85,1,DSL,0,1,22,$0.00,Laguna Hills,California,United States,Credit Card
9102-OXKFY,Stayed,0,64,,,3,4293,35,Male,0,59,Two Year,$54.15,"$3,116.15","$6,035.47",1,Cable,1,1,9,$49.48,Camptonville,California,United States,Credit Card
4950-HKQTE,Stayed,0,64,,,4,5676,47,Female,0,22,Two Year,$26.25,$605.90,$722.06,0,,1,0,0,$5.28,Morro Bay,California,United States,Credit Card
9173-IVZVP,Stayed,0,64,,,5,4254,48,Female,0,53,Two Year,$20.90,"$1,146.05","$3,462.68",0,,1,0,0,$43.71,Sherman Oaks,California,United States,Credit Card
7617-EYGLW,Joined,0,64,,,3,5820,62,Male,0,1,Month-to-Month,$19.45,$19.45,$66.04,0,,1,0,0,$46.59,Clearlake Oaks,California,United States,Bank Withdrawal
8559-CIZFV,Churned,1,74,Other,Don't know,2,5353,34,Male,0,21,One Year,$77.50,"$1,625.00","$2,055.58",1,Cable,1,0,14,$17.57,Annapolis,California,United States,Mailed Check
2683-JXWQQ,Stayed,0,64,,,3,6495,24,Male,0,61,Month-to-Month,$33.60,"$2,117.20","$2,227.20",1,DSL,0,0,76,$0.00,Visalia,California,United States,Bank Withdrawal
3162-KKZXO,Stayed,0,64,,,4,5182,75,Female,1,55,One Year,$100.15,"$5,409.75","$7,037.75",1,Fiber Optic,1,1,3,$29.60,Citrus Heights,California,United States,Bank Withdrawal
2988-GBIVW,Stayed,0,64,,,4,5129,68,Female,1,70,Two Year,$90.85,"$6,470.10","$9,165.10",1,Fiber Optic,1,1,25,$38.50,Knights Landing,California,United States,Bank Withdrawal
9405-GPBBG,Stayed,0,64,,,5,5718,42,Female,0,64,Two Year,$110.50,"$7,069.25","$7,492.77",1,Fiber Optic,1,0,24,$5.68,Carmel By The Sea,California,United States,Credit Card
0327-WFZSY,Stayed,0,64,,,3,5434,62,Male,0,39,One Year,$100.00,"$3,835.55","$4,509.86",1,Fiber Optic,1,1,75,$17.29,Samoa,California,United States,Bank Withdrawal
4518-FZBSX,Stayed,0,64,,,4,4439,57,Male,0,42,One Year,$20.25,$854.90,"$1,246.76",0,,1,0,0,$9.33,Coulterville,California,United States,Credit Card
4587-NUKOX,Churned,1,74,Attitude,Attitude of support person,1,5339,60,Female,0,3,Month-to-Month,$79.10,$246.50,$343.79,1,Fiber Optic,1,1,2,$32.43,Walnut,California,United States,Bank Withdrawal
6847-KJLTS,Stayed,0,64,,,5,4005,72,Female,1,58,Month-to-Month,$100.40,"$5,749.80","$8,495.52",1,Fiber Optic,1,1,28,$47.34,Frazier Park,California,United States,Bank Withdrawal
8065-QBYTO,Stayed,0,63,,,4,5448,68,Female,1,71,One Year,$99.65,"$7,181.25","$7,458.86",1,Fiber Optic,1,1,12,$3.91,Pomona,California,United States,Credit Card
7064-JHXCE,Stayed,0,63,,,5,6444,64,Male,0,62,Two Year,$20.05,"$1,263.90","$2,563.42",0,,1,0,0,$20.96,San Luis Obispo,California,United States,Credit Card
3154-HMWUU,Stayed,0,63,,,5,5848,28,Male,0,60,Two Year,$20.50,"$1,198.80","$3,076.20",0,,1,0,0,$31.29,Winters,California,United States,Bank Withdrawal
8070-AAWZP,Stayed,0,63,,,4,2525,68,Male,1,24,Two Year,$34.25,$828.20,$828.20,1,Cable,0,1,28,$0.00,Sheridan,California,United States,Credit Card
5480-HPRRX,Churned,1,74,Attitude,Attitude of support person,3,3542,80,Female,1,3,Month-to-Month,$25.30,$77.75,$77.75,1,DSL,0,1,30,$0.00,Glendora,California,United States,Bank Withdrawal
1329-VHWNP,Stayed,0,63,,,4,4404,42,Female,0,7,Month-to-Month,$25.05,$189.95,$189.95,1,DSL,0,1,4,$0.00,Grover Beach,California,United States,Bank Withdrawal
5461-QKNTN,Stayed,0,63,,,3,2040,71,Male,1,43,One Year,$94.30,"$3,953.15","$4,150.52",1,Fiber Optic,1,1,5,$4.59,Catheys Valley,California,United States,Bank Withdrawal
9763-PDTKK,Churned,1,74,Competitor,Competitor had better devices,1,4249,59,Female,0,4,Month-to-Month,$94.40,$387.20,$545.92,1,Fiber Optic,1,1,18,$39.68,San Jose,California,United States,Bank Withdrawal
8756-RDDLT,Stayed,0,63,,,3,5750,53,Female,0,68,Month-to-Month,$44.95,"$3,085.35","$3,085.35",1,Cable,0,1,13,$0.00,San Leandro,California,United States,Bank Withdrawal
8992-OBVDG,Stayed,0,63,,,4,2926,25,Male,0,21,Month-to-Month,$61.65,"$1,393.60","$2,230.45",1,DSL,1,1,52,$39.85,Desert Hot Springs,California,United States,Credit Card
9108-EQPNQ,Stayed,0,63,,,5,3179,27,Female,0,10,Two Year,$26.10,$225.55,$411.25,0,,1,0,0,$18.57,San Leandro,California,United States,Credit Card
5895-QSXOD,Stayed,0,63,,,3,3522,42,Male,0,9,Month-to-Month,$70.05,$657.50,"$1,091.75",1,Fiber Optic,1,1,24,$48.25,Alleghany,California,United States,Credit Card
8782-LKFPK,Stayed,0,63,,,4,4751,50,Male,0,44,Month-to-Month,$90.40,"$4,063.00","$6,039.48",1,Fiber Optic,1,1,16,$44.92,Beaumont,California,United States,Credit Card
0310-VQXAM,Stayed,0,63,,,3,2788,56,Male,0,9,Month-to-Month,$19.85,$178.80,$545.46,0,,1,0,0,$40.74,San Bernardino,California,United States,Credit Card
5014-GSOUQ,Stayed,0,63,,,4,2884,59,Male,0,13,Two Year,$19.95,$243.65,$487.14,0,,1,0,0,$18.73,Grass Valley,California,United States,Credit Card
0584-BJQGZ,Stayed,0,63,,,4,4855,19,Female,0,25,Month-to-Month,$78.35,"$1,837.90","$2,539.15",1,Cable,1,1,85,$28.05,Taylorsville,California,United States,Bank Withdrawal
2027-CWDNU,Stayed,0,63,,,4,5968,45,Male,0,18,Month-to-Month,$85.60,"$1,601.50","$2,106.22",1,Fiber Optic,1,1,28,$28.04,Venice,California,United States,Bank Withdrawal
6557-BZXLQ,Stayed,0,63,,,3,5610,66,Male,1,16,Two Year,$69.65,"$1,043.30","$1,409.70",1,Fiber Optic,1,1,24,$22.90,Cabazon,California,United States,Bank Withdrawal
9495-SKLKD,Stayed,0,63,,,5,5322,54,Male,0,45,Month-to-Month,$95.95,"$4,456.65","$5,460.60",1,Fiber Optic,1,1,19,$22.31,Marysville,California,United States,Bank Withdrawal
3279-DYZQM,Stayed,0,63,,,4,5497,21,Male,0,71,Two Year,$19.45,"$1,378.45","$2,180.75",0,,1,0,0,$11.30,Santa Clarita,California,United States,Mailed Check
1169-WCVAK,Stayed,0,63,,,3,4600,42,Male,0,19,Month-to-Month,$88.80,"$1,672.35","$2,319.30",1,Fiber Optic,1,1,20,$34.05,Fresno,California,United States,Credit Card
4631-OACRM,Churned,1,74,Competitor,Competitor offered higher download speeds,1,3621,78,Male,1,15,Month-to-Month,$79.40,"$1,156.10","$1,414.55",1,Fiber Optic,1,1,12,$17.23,Lake Forest,California,United States,Bank Withdrawal
9919-FZDED,Stayed,0,63,,,3,4671,79,Male,1,72,Two Year,$84.10,"$5,981.65","$7,227.25",1,DSL,1,1,23,$17.30,Yucca Valley,California,United States,Credit Card
9889-TMAHG,Churned,1,74,Competitor,Competitor had better devices,1,5084,66,Male,1,8,Month-to-Month,$100.30,$832.35,$924.91,1,Fiber Optic,1,1,27,$11.57,Fremont,California,United States,Credit Card
0607-MVMGC,Stayed,0,63,,,3,2595,33,Male,0,45,One Year,$78.75,"$3,600.65","$5,392.55",1,DSL,1,1,13,$39.82,Ranchita,California,United States,Credit Card
2239-CGBUZ,Stayed,0,63,,,3,4207,56,Female,0,51,One Year,$60.50,"$3,145.15","$5,551.33",1,Cable,1,1,12,$47.18,West Covina,California,United States,Bank Withdrawal
7137-NAXML,Stayed,0,63,,,4,4402,63,Male,0,23,One Year,$20.15,$405.60,"$1,012.11",0,,1,0,0,$26.37,Moss Beach,California,United States,Bank Withdrawal
7123-WQUHX,Stayed,0,63,,,5,4741,34,Male,0,38,One Year,$95.00,"$3,605.60","$3,755.70",1,Fiber Optic,1,1,21,$3.95,Santa Monica,California,United States,Bank Withdrawal
7694-VLBWQ,Churned,1,74,Dissatisfaction,Product dissatisfaction,2,4857,61,Male,0,67,One Year,$104.10,"$7,040.85","$7,588.91",1,Fiber Optic,1,1,3,$8.18,Coronado,California,United States,Bank Withdrawal
2239-JALAW,Churned,1,74,Competitor,Competitor made better offer,1,6105,20,Male,0,58,One Year,$103.25,"$6,017.65","$8,598.65",1,Fiber Optic,1,1,47,$44.50,Escondido,California,United States,Bank Withdrawal
0730-BGQGF,Stayed,0,63,,,3,6291,48,Male,0,71,Two Year,$90.30,"$6,287.30","$7,502.71",1,DSL,1,0,57,$15.71,Grover Beach,California,United States,Credit Card
6537-OTKMY,Stayed,0,63,,,5,5091,52,Male,0,15,One Year,$50.75,$688.20,$655.65,1,DSL,0,1,14,$0.00,Covelo,California,United States,Bank Withdrawal
0917-EZOLA,Churned,1,74,Price,Extra data charges,3,5925,66,Male,1,72,Two Year,$104.15,"$7,689.95","$8,124.11",1,Fiber Optic,1,1,2,$6.03,Lakewood,California,United States,Bank Withdrawal
2865-TCHJW,Churned,1,74,Competitor,Competitor had better devices,1,5808,74,Female,1,4,Month-to-Month,$89.20,$346.20,$539.60,1,Cable,1,1,24,$48.35,Anaheim,California,United States,Bank Withdrawal
3099-OONVS,Stayed,0,63,,,4,3971,34,Male,0,25,Month-to-Month,$54.30,"$1,296.80","$2,246.05",1,DSL,1,1,22,$37.97,Crockett,California,United States,Bank Withdrawal
1020-JPQOW,Stayed,0,63,,,4,6161,63,Female,0,56,Month-to-Month,$90.55,"$5,116.60","$5,313.40",1,Fiber Optic,1,0,20,$2.80,Angwin,California,United States,Bank Withdrawal
7594-LZNWR,Stayed,0,63,,,3,4478,67,Male,1,34,Two Year,$69.15,"$2,275.10","$2,736.14",1,Fiber Optic,1,1,30,$13.56,Sacramento,California,United States,Credit Card
8485-GJCDN,Churned,1,74,Competitor,Competitor made better offer,3,3368,71,Female,1,5,Month-to-Month,$69.05,$318.50,$468.75,1,Fiber Optic,1,1,11,$30.05,San Diego,California,United States,Credit Card
5848-FHRFC,Stayed,0,63,,,4,5740,49,Female,0,68,Two Year,$20.05,"$1,386.90","$1,579.34",0,,1,0,0,$2.83,Santa Monica,California,United States,Bank Withdrawal
1450-GALXR,Churned,1,74,Competitor,Competitor had better devices,1,5184,33,Female,0,10,Month-to-Month,$98.50,"$1,058.25","$1,313.55",1,Fiber Optic,1,0,30,$14.53,Friant,California,United States,Bank Withdrawal
2282-YGNOR,Stayed,0,63,,,3,2810,42,Female,0,29,One Year,$58.00,"$1,734.50","$2,153.84",1,DSL,1,1,25,$14.46,Monterey Park,California,United States,Credit Card
0870-VEMYL,Churned,1,74,Competitor,Competitor offered higher download speeds,1,5435,34,Female,0,5,Month-to-Month,$53.85,$259.80,$368.44,1,Cable,1,0,22,$24.32,Columbia,California,United States,Credit Card
0835-DUUIQ,Stayed,0,63,,,5,2050,55,Female,0,24,One Year,$21.05,$531.55,"$1,666.99",0,,1,0,0,$47.31,Alameda,California,United States,Bank Withdrawal
5158-RIVOP,Stayed,0,63,,,5,5359,32,Female,0,11,Two Year,$20.90,$202.30,$230.02,0,,1,0,0,$2.52,Fields Landing,California,United States,Credit Card
5655-JSMZM,Churned,1,74,Attitude,Attitude of support person,2,5904,66,Male,1,49,Month-to-Month,$96.20,"$4,718.25","$6,303.89",1,Fiber Optic,1,1,2,$32.36,Coalinga,California,United States,Bank Withdrawal
3055-VTCGS,Stayed,0,63,,,3,6312,35,Female,0,63,One Year,$58.55,"$3,503.50","$5,228.44",1,DSL,1,1,9,$27.38,Whittier,California,United States,Credit Card
9955-QOPOY,Stayed,0,63,,,4,5683,23,Male,0,69,One Year,$60.80,"$4,263.40","$4,263.40",1,DSL,0,1,42,$0.00,Sunnyvale,California,United States,Credit Card
1728-CXQBE,Stayed,0,63,,,3,6020,79,Male,1,64,Two Year,$94.25,"$6,081.40","$7,574.52",1,Fiber Optic,1,1,29,$23.33,Glenn,California,United States,Bank Withdrawal
2737-WFVYW,Churned,1,74,Dissatisfaction,Product dissatisfaction,1,4566,28,Female,0,2,Month-to-Month,$45.25,$85.50,$95.50,1,DSL,0,0,48,$0.00,Marina Del Rey,California,United States,Bank Withdrawal
4860-YZGZM,Stayed,0,63,,,3,2706,27,Male,0,10,Month-to-Month,$20.00,$185.40,$579.30,0,,1,0,0,$39.39,San Jose,California,United States,Bank Withdrawal
1752-OZXFY,Stayed,0,63,,,3,5488,39,Male,0,60,One Year,$59.80,"$3,561.15","$4,475.55",1,DSL,1,1,16,$15.24,Lockwood,California,United States,Credit Card
8851-RAGOV,Stayed,0,63,,,4,5620,25,Female,0,25,Month-to-Month,$71.05,"$1,837.70","$1,868.12",1,DSL,1,1,73,$2.34,Simi Valley,California,United States,Credit Card
3363-DTIVD,Stayed,0,63,,,3,5010,55,Male,0,71,Two Year,$105.55,"$7,405.50","$9,181.92",1,Fiber Optic,1,1,53,$25.02,Reseda,California,United States,Bank Withdrawal
5197-PYEPU,Stayed,0,63,,,3,5643,21,Female,0,42,One Year,$94.45,"$3,923.80","$4,331.34",1,Fiber Optic,1,0,69,$6.37,Edwards,California,United States,Credit Card
3746-EUBYR,Churned,1,75,Competitor,Competitor made better offer,1,5861,63,Male,0,1,Month-to-Month,$74.60,$74.60,$119.33,1,Fiber Optic,1,1,3,$44.73,Fallbrook,California,United States,Bank Withdrawal
5180-UCIIQ,Churned,1,75,Other,Moved,1,2061,80,Male,1,22,Month-to-Month,$40.05,$880.20,$880.20,1,Cable,0,1,18,$0.00,Lucerne,California,United States,Mailed Check
0859-YGKFW,Stayed,0,63,,,5,4458,56,Male,0,18,One Year,$20.05,$345.90,$850.98,0,,1,0,0,$28.06,Olivehurst,California,United States,Bank Withdrawal
7326-RIGQZ,Stayed,0,62,,,4,2651,48,Male,0,6,Month-to-Month,$69.80,$377.85,$608.85,1,Fiber Optic,1,1,20,$38.50,Culver City,California,United States,Bank Withdrawal
2428-ZMCTB,Stayed,0,62,,,3,3926,24,Male,0,10,Month-to-Month,$19.75,$208.25,$411.15,0,,1,0,0,$20.29,Mountain View,California,United States,Credit Card
8149-AIQCG,Stayed,0,62,,,5,3271,43,Male,0,39,Month-to-Month,$73.15,"$2,730.85","$3,069.76",1,Fiber Optic,1,1,24,$8.69,Redondo Beach,California,United States,Credit Card
4389-UEFCZ,Stayed,0,62,,,3,5551,25,Female,0,72,Two Year,$105.50,"$7,544.00","$9,125.12",1,Fiber Optic,1,1,59,$21.96,Monte Rio,California,United States,Bank Withdrawal
7964-VEXDG,Stayed,0,62,,,3,4579,61,Male,0,21,Month-to-Month,$80.35,"$1,747.20","$2,028.39",1,Fiber Optic,1,1,24,$13.39,Anaheim,California,United States,Bank Withdrawal
4510-PYUSH,Churned,1,75,Attitude,Attitude of support person,1,3110,67,Female,1,38,Month-to-Month,$57.15,"$2,250.65","$3,242.45",1,DSL,1,1,27,$26.10,Sylmar,California,United States,Credit Card
3733-UOCWF,Stayed,0,62,,,4,4845,78,Male,1,61,One Year,$85.55,"$5,251.75","$8,097.40",1,Fiber Optic,1,1,23,$46.65,Helendale,California,United States,Bank Withdrawal
0707-HOVVN,Stayed,0,62,,,4,6024,79,Female,1,70,Two Year,$75.50,"$5,212.65","$8,521.55",1,Cable,1,1,3,$47.27,Mi Wuk Village,California,United States,Bank Withdrawal
7180-PISOG,Churned,1,75,Attitude,Attitude of service provider,3,5554,41,Male,0,1,Month-to-Month,$74.50,$74.50,$110.94,1,Fiber Optic,1,1,16,$36.44,Piru,California,United States,Bank Withdrawal
2834-SPCJV,Churned,1,75,Competitor,Competitor had better devices,1,6216,40,Male,0,52,Month-to-Month,$84.10,"$4,348.65","$6,343.89",1,Fiber Optic,1,1,14,$38.37,Rough And Ready,California,United States,Bank Withdrawal
9610-WCESF,Stayed,0,62,,,4,6344,44,Male,0,67,Two Year,$43.90,"$3,097.20","$3,062.75",1,Cable,0,1,17,$0.00,Sacramento,California,United States,Bank Withdrawal
8740-CRYFY,Churned,1,75,Competitor,Competitor offered higher download speeds,2,2038,62,Male,0,1,Month-to-Month,$78.95,$78.95,$102.91,1,Fiber Optic,1,1,22,$23.96,Sacramento,California,United States,Bank Withdrawal
0277-BKSQP,Stayed,0,62,,,4,4854,49,Male,0,8,Month-to-Month,$54.40,$475.10,$487.58,1,DSL,1,1,57,$1.56,Harbor City,California,United States,Bank Withdrawal
7562-GSUHK,Churned,1,75,Competitor,Competitor made better offer,1,5497,40,Female,0,16,Month-to-Month,$93.20,"$1,573.70","$2,190.16",1,Fiber Optic,1,1,7,$40.76,Jamestown,California,United States,Credit Card
5928-QLDHB,Stayed,0,62,,,5,2062,48,Male,0,9,Month-to-Month,$76.25,$684.85,$997.60,1,Fiber Optic,1,1,3,$34.75,San Fernando,California,United States,Bank Withdrawal
9163-GHAYE,Stayed,0,62,,,5,5584,34,Female,0,15,Month-to-Month,$48.85,$736.80,"$1,212.00",1,Cable,1,1,23,$31.68,Stockton,California,United States,Bank Withdrawal
4615-PIVVU,Stayed,0,62,,,5,4668,33,Female,0,42,Two Year,$66.50,"$2,762.75","$4,222.67",1,Cable,1,1,20,$34.76,Ludlow,California,United States,Credit Card
3902-MIVLE,Stayed,0,62,,,3,5113,35,Male,0,63,Two Year,$75.70,"$4,676.70","$5,442.15",1,DSL,1,1,21,$12.15,Whittier,California,United States,Credit Card
9060-HJJRW,Stayed,0,62,,,4,4380,52,Female,0,51,One Year,$56.40,"$2,928.50","$2,928.50",1,DSL,0,1,24,$0.00,Culver City,California,United States,Credit Card
0378-CJKPV,Stayed,0,62,,,4,4272,56,Female,0,72,Two Year,$112.10,"$7,965.95","$8,275.39",1,Fiber Optic,1,1,18,$4.56,Oak Park,California,United States,Credit Card
6856-RAURS,Joined,0,62,,,4,2044,50,Female,0,2,Month-to-Month,$74.90,$136.05,$218.21,1,Fiber Optic,1,1,25,$41.08,Rio Oso,California,United States,Credit Card
8071-SBTRN,Stayed,0,62,,,4,4240,63,Female,0,70,Two Year,$111.15,"$7,737.55","$9,311.79",1,Fiber Optic,1,1,17,$23.15,Canoga Park,California,United States,Credit Card
6728-WYQBC,Joined,0,62,,,3,2285,52,Male,0,1,Month-to-Month,$20.95,$20.95,$23.24,0,,1,0,0,$2.29,Escondido,California,United States,Bank Withdrawal
2669-QVCRG,Stayed,0,62,,,4,2299,32,Female,0,41,Month-to-Month,$81.30,"$3,190.65","$3,511.68",1,Fiber Optic,1,1,19,$7.83,Forest Ranch,California,United States,Credit Card
9339-FIIJL,Stayed,0,62,,,4,6450,57,Male,0,72,Two Year,$85.95,"$6,151.90","$6,941.74",1,DSL,1,1,30,$10.97,Avenal,California,United States,Bank Withdrawal
5993-BQHEA,Stayed,0,62,,,3,4018,42,Male,0,12,One Year,$20.05,$267.00,$466.08,0,,1,0,0,$16.59,San Francisco,California,United States,Credit Card
9108-EJFJP,Joined,0,62,,,4,4504,21,Female,0,1,Month-to-Month,$53.55,$53.55,$69.61,1,DSL,1,1,59,$16.06,Jacumba,California,United States,Credit Card
5515-AKOAJ,Churned,1,75,Dissatisfaction,Service dissatisfaction,1,5763,38,Female,0,54,Month-to-Month,$100.10,"$5,440.90","$7,699.72",1,Fiber Optic,1,1,9,$41.83,Hawaiian Gardens,California,United States,Bank Withdrawal
0587-DMGBH,Churned,1,75,Competitor,Competitor offered higher download speeds,3,2269,48,Female,0,8,Month-to-Month,$49.85,$365.55,$664.86,1,Cable,1,0,25,$37.79,Willows,California,United States,Bank Withdrawal
5320-BRKGK,Stayed,0,62,,,3,4292,28,Female,0,58,Two Year,$75.80,"$4,415.75","$4,582.21",1,DSL,1,1,69,$2.87,Escondido,California,United States,Credit Card
6075-SLNIL,Stayed,0,62,,,3,5393,47,Male,0,38,Month-to-Month,$95.10,"$3,691.20","$3,946.18",1,Fiber Optic,1,1,11,$6.71,Desert Center,California,United States,Credit Card
3170-GWYKC,Stayed,0,62,,,4,5926,30,Female,0,60,Month-to-Month,$104.95,"$6,236.75","$7,609.55",1,Fiber Optic,1,1,48,$22.88,Vernalis,California,United States,Bank Withdrawal
0479-HMSWA,Stayed,0,62,,,5,5980,63,Female,0,26,Two Year,$105.45,"$2,715.30","$2,779.78",1,Fiber Optic,1,1,19,$2.48,San Clemente,California,United States,Bank Withdrawal
7206-GZCDC,Churned,1,75,Attitude,Attitude of support person,2,4371,75,Female,1,1,Month-to-Month,$69.25,$69.25,$98.93,1,Cable,1,1,18,$29.68,Loleta,California,United States,Bank Withdrawal
6418-HNFED,Stayed,0,62,,,3,5340,33,Male,0,51,Two Year,$83.25,"$4,089.45","$6,146.79",1,DSL,1,1,9,$40.34,Huntington Beach,California,United States,Credit Card
8563-IIOXK,Churned,1,75,Competitor,Competitor offered higher download speeds,1,5651,24,Male,0,7,One Year,$49.75,$331.30,$584.28,1,DSL,1,1,85,$36.14,Duarte,California,United States,Bank Withdrawal
3138-BKYAV,Churned,1,75,Attitude,Attitude of service provider,3,4694,61,Male,0,6,Month-to-Month,$85.35,$489.45,$561.27,1,Fiber Optic,1,1,27,$11.97,Kerman,California,United States,Bank Withdrawal
0308-IVGOK,Stayed,0,62,,,5,2133,23,Female,0,11,One Year,$40.40,$422.60,$422.60,1,DSL,0,1,59,$0.00,Santa Ana,California,United States,Credit Card
2115-BFTIW,Churned,1,75,Dissatisfaction,Product dissatisfaction,1,4881,52,Male,0,25,Month-to-Month,$70.95,"$1,767.35","$2,410.10",1,Fiber Optic,1,0,18,$24.91,Clearlake Oaks,California,United States,Credit Card
6437-UDQJM,Stayed,0,62,,,3,4999,72,Female,1,72,Two Year,$84.10,"$6,129.65","$9,542.45",1,DSL,1,1,28,$47.40,Los Angeles,California,United States,Credit Card
3050-RLLXC,Stayed,0,62,,,4,5907,51,Female,0,56,Two Year,$81.25,"$4,620.40","$6,070.80",1,Cable,1,1,30,$25.90,Kyburz,California,United States,Credit Card
9540-JYROE,Churned,1,75,Competitor,Competitor offered higher download speeds,1,2899,30,Male,0,8,Month-to-Month,$70.10,$551.35,$665.67,1,Fiber Optic,1,0,85,$13.04,Bonita,California,United States,Credit Card
2828-SLQPF,Stayed,0,62,,,3,4519,53,Male,0,19,Month-to-Month,$45.00,$865.85,"$1,404.18",1,DSL,1,1,5,$29.52,San Marino,California,United States,Bank Withdrawal
5108-ADXWO,Churned,1,75,Competitor,Competitor made better offer,1,4509,30,Male,0,11,Month-to-Month,$73.50,$791.75,"$1,219.43",1,Fiber Optic,1,1,30,$38.88,San Francisco,California,United States,Bank Withdrawal
0439-IFYUN,Stayed,0,62,,,4,3896,78,Female,1,18,Month-to-Month,$74.70,"$1,294.60","$1,694.22",1,Fiber Optic,1,0,18,$21.09,Escondido,California,United States,Bank Withdrawal
1474-JUWSM,Stayed,0,62,,,3,5269,24,Female,0,58,One Year,$68.40,"$3,972.25","$5,537.67",1,Cable,1,1,53,$26.99,Lynwood,California,United States,Bank Withdrawal
4522-XRWWI,Stayed,0,62,,,3,4397,30,Male,0,42,One Year,$80.45,"$3,375.90","$4,102.92",1,Cable,1,1,82,$17.31,Manton,California,United States,Credit Card
8467-WYNSR,Stayed,0,62,,,3,2729,62,Male,0,22,Month-to-Month,$55.10,"$1,253.15","$2,069.57",1,DSL,1,1,15,$37.11,Clayton,California,United States,Mailed Check
3511-APPBJ,Stayed,0,62,,,3,3515,21,Male,0,23,One Year,$99.95,"$2,292.75","$3,257.37",1,Fiber Optic,1,1,30,$41.94,Spring Valley,California,United States,Credit Card
7363-QTBIW,Stayed,0,62,,,5,4654,24,Female,0,9,Month-to-Month,$79.75,$769.10,$830.12,1,Fiber Optic,1,1,59,$6.78,Scotts Valley,California,United States,Bank Withdrawal
2920-RNCEZ,Joined,0,62,,,3,5133,46,Male,0,1,Month-to-Month,$69.95,$69.95,$81.40,1,Fiber Optic,1,1,14,$11.45,Lebec,California,United States,Credit Card
2582-FFFZR,Stayed,0,62,,,4,2854,34,Female,0,22,Month-to-Month,$50.60,"$1,073.30","$1,073.30",1,DSL,0,1,8,$0.00,Vallejo,California,United States,Bank Withdrawal
1170-SASML,Stayed,0,62,,,5,5976,33,Female,0,69,Month-to-Month,$85.40,"$5,869.40","$8,249.21",1,Fiber Optic,1,1,29,$34.49,Desert Hot Springs,California,United States,Bank Withdrawal
6961-VCPMC,Churned,1,75,Competitor,Competitor offered more data,3,4876,71,Male,1,46,Month-to-Month,$80.40,"$3,605.20","$5,861.72",1,Fiber Optic,1,0,3,$48.62,North Palm Springs,California,United States,Bank Withdrawal
3096-JRDSO,Churned,1,75,Competitor,Competitor made better offer,1,3444,73,Female,1,27,Month-to-Month,$104.30,"$2,867.75","$3,142.88",1,Fiber Optic,1,1,27,$10.19,Fallbrook,California,United States,Bank Withdrawal
2694-CIUMO,Stayed,0,62,,,3,3445,47,Female,0,12,Month-to-Month,$79.55,$958.25,"$1,221.41",1,Fiber Optic,1,1,16,$21.93,Los Angeles,California,United States,Credit Card
6559-PDZLR,Stayed,0,62,,,3,4191,26,Male,0,26,Month-to-Month,$98.65,"$2,537.00","$3,499.00",1,Fiber Optic,1,1,76,$37.00,Desert Center,California,United States,Bank Withdrawal
9073-ZZIAY,Stayed,0,62,,,4,5769,51,Male,0,62,Two Year,$86.10,"$5,215.25","$7,893.65",1,DSL,1,1,23,$43.20,Long Beach,California,United States,Bank Withdrawal
0866-QLSIR,Churned,1,75,Attitude,Attitude of support person,2,5189,53,Female,0,34,One Year,$64.40,"$2,088.75","$3,258.69",1,DSL,1,1,4,$34.41,Garden Grove,California,United States,Mailed Check
0991-BRRFB,Churned,1,75,Other,Deceased,1,4028,31,Male,0,18,Month-to-Month,$49.40,$874.80,"$1,250.28",1,DSL,1,1,3,$20.86,Corona,California,United States,Bank Withdrawal
2223-GDSHL,Stayed,0,62,,,3,6481,41,Male,0,71,Two Year,$116.05,"$8,297.50","$10,237.91",1,Fiber Optic,1,0,18,$26.38,Fountain Valley,California,United States,Bank Withdrawal
6857-TKDJV,Stayed,0,62,,,5,4444,60,Male,0,67,Two Year,$24.65,"$1,620.45","$2,585.92",0,,1,0,0,$14.41,Strawberry Valley,California,United States,Bank Withdrawal
9776-OJUZI,Stayed,0,62,,,4,4168,69,Female,1,65,Two Year,$95.45,"$6,223.30","$8,329.95",1,Fiber Optic,1,1,21,$32.41,Lost Hills,California,United States,Bank Withdrawal
2954-PIBKO,Stayed,0,62,,,3,5128,64,Female,0,69,Two Year,$64.15,"$4,254.10","$7,045.82",1,Cable,1,0,17,$39.88,Los Angeles,California,United States,Credit Card
3957-SQXML,Stayed,0,62,,,3,5408,61,Female,0,34,Two Year,$24.95,$894.30,"$1,751.44",0,,1,0,0,$25.21,Los Angeles,California,United States,Credit Card
5397-NSKQG,Stayed,0,62,,,4,5281,39,Male,0,67,Two Year,$50.90,"$3,281.65","$3,281.65",1,DSL,0,1,17,$0.00,Los Altos,California,United States,Credit Card
6502-HCJTI,Churned,1,75,Attitude,Attitude of service provider,1,3591,78,Male,1,7,Month-to-Month,$94.70,$673.10,$741.00,1,Fiber Optic,1,1,17,$9.70,Lakewood,California,United States,Credit Card
7581-EBBOU,Stayed,0,62,,,3,4260,49,Female,0,60,One Year,$70.15,"$4,224.70","$6,557.50",1,DSL,1,1,2,$38.88,Volcano,California,United States,Credit Card
6330-JKLPC,Churned,1,75,Dissatisfaction,Product dissatisfaction,1,5119,42,Male,0,11,Month-to-Month,$80.50,$896.90,"$1,023.40",1,Fiber Optic,1,1,27,$11.50,Somis,California,United States,Bank Withdrawal
2860-RANUS,Churned,1,75,Price,Price too high,1,3336,67,Female,1,20,Month-to-Month,$85.80,"$1,727.50","$2,313.30",1,Fiber Optic,1,1,15,$29.29,Mc Kittrick,California,United States,Credit Card
6478-HRRCZ,Stayed,0,61,,,4,5870,47,Male,0,32,One Year,$70.50,"$2,201.75","$3,624.15",1,DSL,1,1,6,$44.45,Stirling City,California,United States,Credit Card
2924-KHUVI,Stayed,0,61,,,3,4847,28,Male,0,56,One Year,$100.55,"$5,514.95","$8,141.35",1,Fiber Optic,1,1,48,$46.90,Orland,California,United States,Bank Withdrawal
3312-UUMZW,Stayed,0,61,,,4,3981,33,Male,0,32,Month-to-Month,$98.85,"$3,145.90","$4,678.38",1,Fiber Optic,1,1,9,$47.89,San Jose,California,United States,Credit Card
3137-LUPIX,Stayed,0,61,,,4,3334,58,Female,0,4,Month-to-Month,$64.40,$253.00,$257.40,1,Cable,1,1,19,$1.10,Yucca Valley,California,United States,Credit Card
0495-RVCBF,Churned,1,75,Other,Poor expertise of online support,3,2066,39,Female,0,1,Month-to-Month,$79.70,$79.70,$113.58,1,Fiber Optic,1,1,26,$33.88,Santa Rosa,California,United States,Bank Withdrawal
0436-TWFFZ,Stayed,0,61,,,4,6322,21,Female,0,67,Two Year,$85.25,"$5,714.20","$6,296.46",1,DSL,1,1,41,$8.71,Long Beach,California,United States,Mailed Check
4723-BEGSG,Stayed,0,61,,,3,5483,35,Male,0,72,Two Year,$86.65,"$6,094.25","$6,963.69",1,Cable,1,1,23,$12.12,Corona,California,United States,Credit Card
3429-IFLEM,Stayed,0,61,,,3,4846,48,Female,0,71,Two Year,$77.35,"$5,550.10","$6,842.30",1,DSL,1,1,28,$18.20,Hayward,California,United States,Credit Card
8627-ZYGSZ,Stayed,0,61,,,5,3817,32,Male,0,47,One Year,$78.90,"$3,650.35","$5,507.79",1,Fiber Optic,1,1,30,$39.52,Compton,California,United States,Bank Withdrawal
9972-EWRJS,Stayed,0,61,,,4,5154,56,Female,0,67,Two Year,$19.25,"$1,372.90","$4,639.15",0,,1,0,0,$48.75,Meadow Valley,California,United States,Bank Withdrawal
6919-ELBGL,Stayed,0,61,,,3,6268,75,Male,1,72,Two Year,$114.95,"$8,196.40","$9,735.76",1,Fiber Optic,1,1,2,$21.38,Big Pine,California,United States,Bank Withdrawal
9000-PLFUZ,Stayed,0,61,,,3,4277,70,Female,1,60,Two Year,$49.45,"$2,907.55","$2,947.55",1,DSL,0,0,22,$0.00,Merced,California,United States,Credit Card
4584-LBNMK,Stayed,0,61,,,4,5644,79,Male,1,45,One Year,$24.70,"$1,174.35","$3,195.30",0,,1,0,0,$44.91,Portola,California,United States,Credit Card
7389-KBFIT,Joined,0,61,,,3,4387,31,Female,0,2,Month-to-Month,$30.25,$63.75,$63.75,1,DSL,0,1,20,$0.00,Big Pine,California,United States,Mailed Check
3027-YNWZU,Stayed,0,61,,,5,5538,44,Female,0,64,Two Year,$25.00,"$1,584.80","$2,020.64",0,,1,0,0,$6.81,San Ramon,California,United States,Credit Card
9529-OFXHY,Stayed,0,61,,,3,5415,20,Male,0,15,Month-to-Month,$87.75,"$1,242.20","$1,449.20",1,Fiber Optic,1,1,59,$13.80,Elk Creek,California,United States,Bank Withdrawal
0947-IDHRQ,Churned,1,75,Competitor,Competitor made better offer,2,3949,21,Female,0,7,Month-to-Month,$80.30,$526.70,$811.17,1,Fiber Optic,1,0,42,$39.21,Woodland Hills,California,United States,Mailed Check
6518-KZXCB,Stayed,0,61,,,4,3403,61,Male,0,22,Two Year,$25.25,$566.50,$671.88,0,,1,0,0,$4.79,Cassel,California,United States,Credit Card
0195-IESCP,Churned,1,75,Competitor,Competitor offered more data,3,3573,26,Male,0,10,Month-to-Month,$85.25,$855.30,$975.50,1,Fiber Optic,1,0,82,$2.02,Armona,California,United States,Bank Withdrawal
4806-HIPDW,Churned,1,75,Dissatisfaction,Limited range of services,2,5644,64,Female,0,1,Month-to-Month,$68.95,$68.95,$90.60,1,Fiber Optic,1,1,13,$21.65,Calimesa,California,United States,Bank Withdrawal
6180-YBIQI,Stayed,0,61,,,3,4015,35,Male,0,5,Month-to-Month,$24.30,$100.20,$100.20,1,DSL,0,1,21,$0.00,Santa Monica,California,United States,Credit Card
8993-PHFWD,Churned,1,76,Competitor,Competitor had better devices,1,2088,62,Female,0,3,Month-to-Month,$25.25,$58.90,$58.90,1,DSL,0,1,27,$0.00,Old Station,California,United States,Bank Withdrawal
1657-DYMBM,Stayed,0,61,,,3,4157,35,Male,0,53,Two Year,$19.90,"$1,110.05","$2,936.43",0,,1,0,0,$34.46,Temecula,California,United States,Credit Card
1991-VOPLL,Stayed,0,61,,,4,3248,45,Female,0,9,Month-to-Month,$19.05,$157.65,$439.17,0,,1,0,0,$31.28,San Marcos,California,United States,Credit Card
9624-EGDEQ,Stayed,0,61,,,5,5336,49,Female,0,37,Two Year,$19.80,$813.30,"$2,366.93",0,,1,0,0,$41.99,Palo Alto,California,United States,Credit Card
0608-JDVEC,Stayed,0,61,,,4,5914,55,Male,0,50,Two Year,$19.80,"$1,013.20","$1,106.70",0,,1,0,0,$1.87,Dunlap,California,United States,Bank Withdrawal
3538-WZPHD,Churned,1,76,Competitor,Competitor had better devices,1,2734,46,Male,0,3,Month-to-Month,$29.60,$79.45,$79.45,1,Cable,0,1,3,$0.00,San Francisco,California,United States,Bank Withdrawal
0404-SWRVG,Churned,1,76,Dissatisfaction,Product dissatisfaction,1,4415,21,Male,0,3,Month-to-Month,$74.40,$229.55,$264.61,1,Fiber Optic,1,1,71,$14.60,La Habra,California,United States,Bank Withdrawal
1163-ONYEY,Stayed,0,61,,,3,2748,61,Male,0,41,Month-to-Month,$74.55,"$3,023.55","$4,194.10",1,Cable,1,1,20,$28.55,Shoshone,California,United States,Credit Card
2474-LCNUE,Stayed,0,61,,,5,2590,20,Female,0,23,Month-to-Month,$73.65,"$1,642.75","$1,976.94",1,Cable,1,1,48,$14.53,Sunset Beach,California,United States,Credit Card
8541-QVFKM,Stayed,0,61,,,3,5777,22,Female,0,8,Month-to-Month,$73.50,$632.20,$770.60,1,Fiber Optic,1,1,41,$17.30,Long Beach,California,United States,Bank Withdrawal
8390-FESFV,Stayed,0,61,,,4,5466,60,Female,0,62,Two Year,$84.50,"$5,193.20","$5,568.30",1,DSL,1,1,22,$6.05,Sebastopol,California,United States,Bank Withdrawal
1950-KSVVJ,Stayed,0,61,,,3,4885,57,Female,0,45,One Year,$113.30,"$5,032.25","$6,541.55",1,Fiber Optic,1,1,4,$33.54,Monterey Park,California,United States,Mailed Check
4847-QNOKA,Churned,1,76,Dissatisfaction,Lack of self-service on Website,2,2632,30,Female,0,1,Month-to-Month,$44.90,$44.90,$86.68,1,DSL,1,1,59,$41.78,Modesto,California,United States,Bank Withdrawal
7338-ERIVA,Stayed,0,61,,,3,4003,40,Male,0,39,One Year,$45.05,"$1,790.60","$1,790.60",1,DSL,0,1,13,$0.00,Etna,California,United States,Bank Withdrawal
9114-VEPUF,Stayed,0,61,,,4,6139,19,Male,0,62,One Year,$96.10,"$6,001.45","$7,893.07",1,Fiber Optic,1,1,41,$30.51,Redwood City,California,United States,Bank Withdrawal
9818-XQCUV,Joined,0,61,,,3,5994,52,Female,0,2,Month-to-Month,$20.35,$45.30,$97.14,0,,1,0,0,$25.92,Dunsmuir,California,United States,Credit Card
7996-MHXLW,Stayed,0,61,,,5,6141,51,Female,0,66,Two Year,$25.15,"$1,683.60","$3,054.42",0,,1,0,0,$20.77,Ocotillo,California,United States,Credit Card
0390-DCFDQ,Churned,1,76,Other,Don't know,2,3964,76,Female,1,1,Month-to-Month,$70.45,$70.45,$85.73,1,Fiber Optic,1,1,30,$15.28,Los Alamitos,California,United States,Mailed Check
5804-JMYIO,Stayed,0,61,,,3,3944,40,Female,0,39,Two Year,$19.75,$757.95,"$1,378.44",0,,1,0,0,$15.91,Glencoe,California,United States,Credit Card
3500-NSDOA,Stayed,0,61,,,4,5540,35,Male,0,68,Two Year,$70.80,"$4,859.95","$5,616.11",1,Cable,1,1,10,$11.12,Los Angeles,California,United States,Credit Card
7196-LIWRH,Stayed,0,61,,,5,5980,61,Female,0,6,Two Year,$19.55,$124.45,$168.55,0,,1,0,0,$7.35,Oroville,California,United States,Credit Card
0601-WZHJF,Churned,1,76,Attitude,Attitude of service provider,3,5360,53,Male,0,14,Month-to-Month,$46.35,$667.70,$667.70,1,DSL,0,1,12,$0.00,Shafter,California,United States,Bank Withdrawal
8364-TRMMK,Churned,1,76,Dissatisfaction,Lack of self-service on Website,1,2876,51,Female,0,3,Month-to-Month,$50.65,$151.30,$218.98,1,Cable,1,1,3,$22.56,San Jose,California,United States,Mailed Check
6905-NIQIN,Churned,1,76,Competitor,Competitor made better offer,1,2431,26,Male,0,1,Month-to-Month,$50.65,$50.65,$65.43,1,DSL,1,1,59,$14.78,San Diego,California,United States,Credit Card
9391-LMANN,Stayed,0,61,,,3,4523,38,Male,0,53,One Year,$95.95,"$5,036.90","$6,825.12",1,Fiber Optic,1,1,56,$33.74,Pico Rivera,California,United States,Bank Withdrawal
2599-CIPQE,Stayed,0,61,,,3,5737,36,Male,0,71,Two Year,$109.30,"$7,782.85","$9,874.22",1,Fiber Optic,1,0,57,$28.47,Compton,California,United States,Credit Card
7156-MHUGY,Churned,1,76,Competitor,Competitor had better devices,1,5394,68,Male,1,13,Month-to-Month,$90.50,"$1,201.15","$1,650.74",1,Fiber Optic,1,0,4,$26.11,Buena Park,California,United States,Bank Withdrawal
6712-OAWRH,Churned,1,76,Attitude,Attitude of support person,3,5154,79,Female,1,26,Month-to-Month,$91.25,"$2,351.80","$3,253.74",1,Fiber Optic,1,1,27,$34.69,San Bernardino,California,United States,Bank Withdrawal
1689-YQBYY,Stayed,0,61,,,3,3280,43,Female,0,12,Month-to-Month,$76.60,$893.00,"$1,206.56",1,Fiber Optic,1,1,23,$26.13,Los Gatos,California,United States,Bank Withdrawal
4632-PAOYU,Stayed,0,61,,,3,2233,37,Male,0,22,One Year,$19.95,$433.50,"$1,256.30",0,,1,0,0,$37.40,Anaheim,California,United States,Credit Card
6240-EURKS,Churned,1,76,Competitor,Competitor offered more data,2,2649,27,Female,0,18,Month-to-Month,$35.00,$553.00,$623.00,1,DSL,0,0,85,$0.00,Plymouth,California,United States,Bank Withdrawal
4825-FUREZ,Stayed,0,61,,,5,5940,49,Male,0,42,Two Year,$20.25,$835.50,"$2,757.00",0,,1,0,0,$45.75,San Jose,California,United States,Bank Withdrawal
4854-SSLTN,Joined,0,61,,,4,5613,49,Male,0,2,Two Year,$59.50,$130.50,$215.60,1,DSL,1,1,53,$42.55,Torrance,California,United States,Mailed Check
3669-OYSJI,Churned,1,76,Attitude,Attitude of support person,2,4167,47,Male,0,1,Month-to-Month,$46.20,$46.20,$94.78,1,DSL,1,1,21,$48.58,Porter Ranch,California,United States,Credit Card
8158-WPEZG,Stayed,0,61,,,4,4986,20,Male,0,11,Month-to-Month,$35.65,$425.10,$425.10,1,DSL,0,1,73,$0.00,Los Angeles,California,United States,Bank Withdrawal
4765-OXPPD,Churned,1,76,Competitor,Competitor offered more data,1,3983,20,Female,0,9,Month-to-Month,$65.00,$663.05,$720.20,1,Cable,1,1,69,$6.35,Ventura,California,United States,Mailed Check
7783-YKGDV,Churned,1,76,Price,Lack of affordable download/upload speed,1,2538,49,Female,0,12,Month-to-Month,$99.70,"$1,238.45","$1,431.29",1,Fiber Optic,1,1,14,$16.07,March Air Reserve Base,California,United States,Bank Withdrawal
8445-DNBAE,Joined,0,61,,,4,5523,24,Male,0,1,Month-to-Month,$50.05,$50.05,$93.10,1,DSL,1,1,69,$43.05,Sacramento,California,United States,Bank Withdrawal
3266-FTKHB,Stayed,0,60,,,3,2717,35,Male,0,17,Two Year,$19.15,$343.45,$785.04,0,,1,0,0,$27.66,Beale Afb,California,United States,Credit Card
8845-LWKGE,Stayed,0,60,,,5,2215,56,Female,0,30,One Year,$64.50,"$1,985.15","$3,087.35",1,Cable,1,1,18,$36.74,El Dorado,California,United States,Bank Withdrawal
2002-MZHWP,Churned,1,76,Price,Long distance charges,2,3820,24,Female,0,1,Month-to-Month,$20.50,$20.50,$46.62,0,,1,0,0,$26.12,Delhi,California,United States,Credit Card
3934-HXCFZ,Churned,1,76,Dissatisfaction,Service dissatisfaction,1,5338,33,Male,0,23,Month-to-Month,$99.25,"$2,186.40","$2,628.00",1,Fiber Optic,1,1,7,$19.20,Pinecrest,California,United States,Bank Withdrawal
0082-OQIQY,Stayed,0,60,,,5,4561,50,Male,0,29,Month-to-Month,$94.20,"$2,607.60","$2,687.05",1,Fiber Optic,1,0,17,$2.05,Farmington,California,United States,Bank Withdrawal
7021-XSNYE,Stayed,0,60,,,3,2750,46,Male,0,7,Two Year,$49.65,$305.55,$305.55,1,DSL,0,1,28,$0.00,Lancaster,California,United States,Credit Card
0307-BCOPK,Stayed,0,60,,,5,4336,62,Female,0,16,One Year,$19.05,$326.65,$990.81,0,,1,0,0,$41.51,San Francisco,California,United States,Credit Card
1820-TQVEV,Churned,1,76,Attitude,Attitude of support person,2,3042,27,Male,0,1,Month-to-Month,$69.55,$69.55,$118.98,1,Fiber Optic,1,1,48,$49.43,Madera,California,United States,Bank Withdrawal
9489-JMTTN,Stayed,0,60,,,3,5096,41,Female,0,72,Two Year,$89.75,"$6,595.90","$7,717.66",1,DSL,1,1,20,$15.58,Hickman,California,United States,Credit Card
3943-KDREE,Churned,1,76,Other,Don't know,2,2934,48,Female,0,26,Month-to-Month,$74.95,"$1,834.95","$2,290.73",1,Fiber Optic,1,1,15,$17.53,Los Angeles,California,United States,Bank Withdrawal
4393-RYCRE,Stayed,0,60,,,3,4588,25,Male,0,44,One Year,$106.05,"$4,510.80","$6,197.32",1,Fiber Optic,1,1,41,$38.33,Macdoel,California,United States,Bank Withdrawal
5692-ICXLW,Stayed,0,60,,,5,3493,75,Male,1,31,Two Year,$90.70,"$2,845.15","$4,393.16",1,Fiber Optic,1,0,24,$46.71,Escondido,California,United States,Bank Withdrawal
7632-YUTXB,Stayed,0,60,,,4,2010,52,Female,0,25,One Year,$20.05,$520.10,$846.60,0,,1,0,0,$13.06,Stinson Beach,California,United States,Credit Card
1977-STDKI,Churned,1,76,Competitor,Competitor offered more data,1,4116,72,Female,1,1,Month-to-Month,$73.00,$73.00,$93.55,1,Fiber Optic,1,1,5,$20.55,The Sea Ranch,California,United States,Bank Withdrawal
4000-VGMQP,Stayed,0,60,,,5,2125,56,Male,0,38,One Year,$78.95,"$2,862.55","$3,382.01",1,Cable,1,1,30,$13.67,Pollock Pines,California,United States,Credit Card
1150-FTQGN,Stayed,0,60,,,4,6399,35,Female,0,60,One Year,$94.15,"$5,811.80","$8,694.20",1,Fiber Optic,1,1,76,$48.04,Oregon House,California,United States,Bank Withdrawal
4804-NCPET,Stayed,0,60,,,3,4821,32,Male,0,19,Two Year,$20.20,$387.40,$989.70,0,,1,0,0,$31.70,Clearlake,California,United States,Credit Card
8450-UYIBU,Stayed,0,60,,,4,2030,77,Female,1,35,Two Year,$39.85,"$1,434.60","$1,434.60",1,Cable,0,1,26,$0.00,Fresno,California,United States,Bank Withdrawal
6215-NQCPY,Stayed,0,60,,,3,4157,53,Male,0,15,Month-to-Month,$99.70,"$1,566.75","$1,718.55",1,Fiber Optic,1,1,15,$10.12,Yreka,California,United States,Bank Withdrawal
8118-TJAFG,Stayed,0,60,,,3,2757,33,Male,0,9,Month-to-Month,$101.50,$906.85,"$1,239.31",1,Fiber Optic,1,1,16,$36.94,Gardena,California,United States,Bank Withdrawal
4915-BFSXL,Stayed,0,60,,,3,4858,49,Male,0,70,Two Year,$68.95,"$4,858.70","$6,445.60",1,DSL,1,1,29,$22.67,Mount Hermon,California,United States,Credit Card
2325-WINES,Stayed,0,60,,,4,2335,44,Female,0,32,One Year,$104.05,"$3,416.85","$3,871.57",1,Fiber Optic,1,1,28,$14.21,Littlerock,California,United States,Credit Card
0363-SVHYR,Stayed,0,60,,,4,6452,28,Male,0,71,Two Year,$86.85,"$6,263.80","$6,981.61",1,DSL,1,1,59,$10.11,Paramount,California,United States,Bank Withdrawal
9750-BOOHV,Stayed,0,60,,,4,3585,60,Female,0,32,One Year,$30.15,$927.65,$927.65,1,DSL,0,1,18,$0.00,Torrance,California,United States,Credit Card
1544-JJMYL,Stayed,0,60,,,3,2450,19,Male,0,27,One Year,$69.35,"$1,927.30","$2,909.83",1,DSL,1,1,26,$36.39,San Jose,California,United States,Credit Card
7625-XCQRH,Churned,1,76,Dissatisfaction,Network reliability,3,2291,48,Female,0,11,Month-to-Month,$76.50,$837.95,"$1,009.55",1,Fiber Optic,1,1,4,$15.60,Strathmore,California,United States,Bank Withdrawal
7841-TZDMQ,Churned,1,76,Other,Don't know,3,2667,19,Male,0,2,Month-to-Month,$46.00,$84.50,$184.12,1,DSL,1,1,41,$49.81,Sun Valley,California,United States,Credit Card
7927-AUXBZ,Churned,1,76,Attitude,Attitude of support person,2,4417,45,Female,0,30,Month-to-Month,$85.15,"$2,555.90","$2,836.10",1,Fiber Optic,1,1,8,$9.34,Sun City,California,United States,Bank Withdrawal
3739-YBWAB,Stayed,0,60,,,4,3314,37,Male,0,36,One Year,$35.35,"$1,317.95","$1,317.95",1,Cable,0,1,23,$0.00,Paramount,California,United States,Mailed Check
2372-HWUHI,Churned,1,76,Other,Don't know,3,2570,45,Male,0,2,Month-to-Month,$44.35,$81.25,$174.93,1,DSL,1,1,3,$46.84,Lakewood,California,United States,Bank Withdrawal
9365-CSLBQ,Stayed,0,60,,,4,4155,36,Male,0,71,Two Year,$24.35,"$1,654.60","$2,001.79",0,,1,0,0,$4.89,Richgrove,California,United States,Credit Card
9356-AXGMP,Stayed,0,60,,,3,5461,59,Male,0,38,One Year,$110.70,"$4,428.60","$6,027.64",1,Fiber Optic,1,1,15,$42.08,Somerset,California,United States,Bank Withdrawal
4003-FUSHP,Stayed,0,60,,,3,5831,62,Male,0,19,Month-to-Month,$61.55,"$1,093.20","$1,976.51",1,Cable,1,1,8,$46.49,Santa Cruz,California,United States,Credit Card
9585-KKMFD,Stayed,0,60,,,3,5743,24,Male,0,41,Two Year,$20.00,$879.80,"$1,536.62",0,,1,0,0,$16.02,San Miguel,California,United States,Credit Card
0415-MOSGF,Churned,1,76,Attitude,Attitude of support person,2,3204,58,Female,0,1,Month-to-Month,$44.40,$44.40,$70.93,1,DSL,1,1,30,$26.53,Los Gatos,California,United States,Credit Card
2858-MOFSQ,Churned,1,76,Price,Price too high,2,5472,50,Female,0,17,One Year,$55.85,$937.50,"$1,350.77",1,DSL,1,1,21,$24.31,Rio Oso,California,United States,Mailed Check
7923-IYJWY,Stayed,0,60,,,3,5896,68,Male,1,67,Two Year,$116.10,"$7,839.85","$10,865.37",1,Fiber Optic,1,0,29,$44.56,Twain Harte,California,United States,Credit Card
7339-POGZN,Stayed,0,60,,,4,4288,24,Female,0,4,Month-to-Month,$50.70,$214.55,$239.63,1,DSL,1,1,51,$16.25,Pasadena,California,United States,Bank Withdrawal
6016-NXBNJ,Stayed,0,60,,,3,4052,53,Male,0,35,One Year,$19.15,$638.00,$908.90,0,,1,0,0,$7.74,Orange Cove,California,United States,Credit Card
8242-PDSGJ,Stayed,0,60,,,3,5840,47,Male,0,70,Two Year,$39.15,"$2,692.75","$2,692.75",1,DSL,0,1,18,$0.00,Chilcoot,California,United States,Credit Card
0487-CRLZF,Stayed,0,60,,,5,4517,58,Female,0,49,Two Year,$74.45,"$3,721.90","$4,089.89",1,DSL,1,1,13,$7.51,Poway,California,United States,Bank Withdrawal
6500-JVEGC,Stayed,0,60,,,4,4941,56,Male,0,68,One Year,$101.35,"$7,110.75","$7,873.71",1,Fiber Optic,1,1,7,$11.22,Lakewood,California,United States,Bank Withdrawal
1095-WGNGG,Stayed,0,60,,,4,6311,35,Female,0,61,Two Year,$101.05,"$5,971.25","$7,038.14",1,Fiber Optic,1,1,21,$17.49,San Pedro,California,United States,Bank Withdrawal
6732-VAILE,Stayed,0,60,,,5,6354,33,Male,0,70,Two Year,$85.95,"$5,931.75","$8,035.95",1,Cable,1,1,24,$30.06,Montclair,California,United States,Credit Card
2573-GYRUU,Stayed,0,60,,,4,3594,65,Male,1,48,Two Year,$91.05,"$4,370.75","$5,579.87",1,Fiber Optic,1,1,22,$25.19,San Miguel,California,United States,Credit Card
1760-CAZHT,Stayed,0,60,,,5,3274,55,Male,0,25,Month-to-Month,$20.80,$460.20,$515.14,0,,1,0,0,$3.07,Glendale,California,United States,Credit Card
4990-ALDGW,Stayed,0,60,,,3,6271,37,Male,0,57,Two Year,$20.75,"$1,118.80","$3,326.41",0,,1,0,0,$38.73,Los Angeles,California,United States,Credit Card
7993-NQLJE,Stayed,0,60,,,4,4634,39,Male,0,15,Month-to-Month,$75.10,"$1,151.55","$1,642.50",1,Fiber Optic,1,1,17,$32.73,Glenn,California,United States,Mailed Check
0311-QYWSS,Stayed,0,60,,,3,3672,63,Female,0,6,Month-to-Month,$49.45,$314.60,$549.56,1,DSL,1,1,8,$39.16,Garberville,California,United States,Bank Withdrawal
0628-CNQRM,Churned,1,76,Other,Don't know,1,3378,49,Male,0,22,One Year,$67.50,"$1,544.05","$1,979.65",1,Cable,1,1,17,$19.80,Temecula,California,United States,Bank Withdrawal
3675-EQOZA,Stayed,0,60,,,4,5597,40,Male,0,5,Month-to-Month,$20.65,$93.55,$306.15,0,,1,0,0,$42.52,Newport Beach,California,United States,Bank Withdrawal
0315-LVCRK,Stayed,0,60,,,4,4924,54,Male,0,11,Month-to-Month,$84.80,$888.75,"$1,225.02",1,Fiber Optic,1,1,15,$30.57,El Dorado Hills,California,United States,Bank Withdrawal
3085-QUOZK,Churned,1,76,Attitude,Attitude of service provider,3,3238,55,Female,0,1,Month-to-Month,$43.95,$43.95,$78.43,1,Cable,1,1,9,$34.48,Alpine,California,United States,Credit Card
2172-EJXVF,Stayed,0,60,,,3,5479,65,Female,1,71,One Year,$105.90,"$7,521.95","$9,433.61",1,Fiber Optic,1,0,23,$25.61,Los Angeles,California,United States,Bank Withdrawal
0263-FJTQO,Stayed,0,60,,,4,4022,53,Male,0,50,Two Year,$70.50,"$3,486.65","$5,711.15",1,Cable,1,1,28,$44.49,Rescue,California,United States,Credit Card
5468-BPMMO,Stayed,0,59,,,5,5092,59,Male,0,46,Month-to-Month,$19.60,$851.20,"$1,590.42",0,,1,0,0,$16.07,Santa Cruz,California,United States,Bank Withdrawal
0813-TAXXS,Stayed,0,59,,,5,6483,48,Male,0,55,Two Year,$77.80,"$4,323.35","$5,769.85",1,DSL,1,1,23,$26.30,Alderpoint,California,United States,Bank Withdrawal
8008-ESFLK,Stayed,0,59,,,3,4135,43,Female,0,53,One Year,$110.50,"$5,835.50","$6,189.54",1,Fiber Optic,1,1,25,$6.68,Capitola,California,United States,Bank Withdrawal
4933-BSAIP,Stayed,0,59,,,3,2056,39,Female,0,40,Two Year,$19.10,$780.10,"$1,989.30",0,,1,0,0,$31.37,Northridge,California,United States,Credit Card
5095-AESKG,Churned,1,76,Competitor,Competitor offered higher download speeds,3,5646,33,Female,0,3,Month-to-Month,$91.50,$242.95,$347.78,1,Fiber Optic,1,0,20,$31.61,Sausalito,California,United States,Credit Card
5146-CBVOE,Stayed,0,59,,,5,5176,44,Female,0,16,Month-to-Month,$75.10,"$1,212.85","$1,821.17",1,Fiber Optic,1,1,25,$38.02,San Francisco,California,United States,Bank Withdrawal
7014-ZZXAW,Stayed,0,59,,,5,5409,30,Female,0,71,Two Year,$24.25,"$1,732.95","$2,315.86",0,,1,0,0,$8.21,Montclair,California,United States,Credit Card
9227-LUNBG,Churned,1,76,Price,Price too high,2,5768,39,Female,0,1,Month-to-Month,$24.60,$24.60,$24.60,1,DSL,0,1,12,$0.00,Pescadero,California,United States,Bank Withdrawal
2369-UAPKZ,Churned,1,76,Other,Moved,3,3131,43,Male,0,5,Month-to-Month,$104.10,$541.90,$736.35,1,Fiber Optic,1,1,8,$38.89,Meadow Vista,California,United States,Mailed Check
1641-RQDAY,Stayed,0,59,,,3,4848,77,Female,1,32,One Year,$100.40,"$3,217.65","$4,792.37",1,Fiber Optic,1,1,19,$49.21,Wallace,California,United States,Bank Withdrawal
7026-YMSBE,Stayed,0,59,,,4,3302,62,Male,0,30,One Year,$19.70,$625.05,"$1,362.15",0,,1,0,0,$24.57,Berkeley,California,United States,Mailed Check
4667-QONEA,Stayed,0,59,,,3,5153,72,Female,1,60,One Year,$74.85,"$4,456.35","$7,390.35",1,Cable,1,1,16,$48.90,Los Angeles,California,United States,Credit Card
0186-CAERR,Stayed,0,59,,,4,4644,22,Male,0,71,One Year,$116.30,"$8,309.55","$8,514.03",1,Fiber Optic,1,1,48,$2.88,Auburn,California,United States,Bank Withdrawal
5883-GTGVD,Churned,1,76,Competitor,Competitor had better devices,1,3670,54,Male,0,19,Month-to-Month,$99.95,"$1,931.75","$1,973.36",1,Fiber Optic,1,1,18,$2.19,Biola,California,United States,Bank Withdrawal
0030-FNXPP,Joined,0,59,,,4,5634,22,Female,0,3,Month-to-Month,$19.85,$57.20,$66.56,0,,1,0,0,$3.12,Keeler,California,United States,Credit Card
4973-RLZVI,Stayed,0,59,,,3,5616,52,Female,0,30,One Year,$74.65,"$2,308.60","$2,485.20",1,DSL,1,0,13,$4.22,Hornbrook,California,United States,Credit Card
2722-JMONI,Churned,1,76,Dissatisfaction,Limited range of services,1,4989,73,Female,1,1,Month-to-Month,$49.55,$49.55,$73.79,1,Cable,1,1,9,$24.24,Escondido,California,United States,Bank Withdrawal
0177-PXBAT,Stayed,0,59,,,3,5655,78,Male,1,33,One Year,$109.90,"$3,694.70","$4,524.65",1,Fiber Optic,1,1,20,$25.15,Desert Center,California,United States,Bank Withdrawal
0983-TATYJ,Stayed,0,59,,,3,4935,42,Female,0,33,One Year,$51.45,"$1,758.90","$3,345.87",1,DSL,1,1,9,$48.09,Santa Ynez,California,United States,Credit Card
4116-TZAQJ,Churned,1,76,Attitude,Attitude of support person,1,5393,23,Female,0,9,Month-to-Month,$74.25,$639.65,$764.39,1,Fiber Optic,1,1,76,$13.86,Culver City,California,United States,Credit Card
6199-IWKGC,Stayed,0,59,,,5,5453,71,Female,1,46,One Year,$100.25,"$4,753.85","$5,741.01",1,Fiber Optic,1,1,15,$21.46,Benton,California,United States,Bank Withdrawal
9987-LUTYD,Stayed,0,59,,,4,3161,20,Female,0,13,One Year,$55.15,$742.90,"$1,349.74",1,DSL,1,1,59,$46.68,La Mesa,California,United States,Credit Card
7966-YOTQW,Stayed,0,59,,,4,4163,29,Male,0,10,Month-to-Month,$54.50,$568.20,$908.00,1,DSL,1,1,59,$33.98,Nubieber,California,United States,Credit Card
5687-DKDTV,Churned,1,76,Attitude,Attitude of support person,3,5984,35,Female,0,4,Month-to-Month,$20.35,$77.50,$228.14,0,,1,0,0,$37.66,Bellflower,California,United States,Credit Card
6137-NICCO,Stayed,0,59,,,3,3083,39,Female,0,6,Month-to-Month,$94.05,$518.75,$766.49,1,Fiber Optic,1,1,19,$41.29,Perris,California,United States,Credit Card
3365-SAIGS,Stayed,0,59,,,5,5564,60,Female,0,17,Month-to-Month,$83.55,"$1,329.15","$1,713.52",1,Fiber Optic,1,1,19,$22.61,Rancho Santa Fe,California,United States,Bank Withdrawal
1841-YSJGV,Stayed,0,59,,,4,6258,58,Male,0,72,Two Year,$109.95,"$7,852.40","$10,788.56",1,Fiber Optic,1,1,22,$40.78,South El Monte,California,United States,Credit Card
4106-HADHQ,Churned,1,76,Other,Moved,1,2704,42,Male,0,39,One Year,$80.00,"$3,182.95","$4,575.25",1,DSL,1,1,9,$35.70,Emigrant Gap,California,United States,Credit Card
2034-GDRCN,Churned,1,76,Other,Don't know,3,4157,47,Female,0,2,Month-to-Month,$90.40,$168.20,$189.26,1,Fiber Optic,1,1,8,$10.53,San Diego,California,United States,Bank Withdrawal
1209-VFFOC,Stayed,0,59,,,3,4556,47,Male,0,68,Two Year,$56.40,"$3,948.45","$3,948.45",1,DSL,0,1,19,$0.00,Brisbane,California,United States,Credit Card
7797-EJMDP,Stayed,0,59,,,3,4157,34,Female,0,8,Month-to-Month,$66.05,$574.50,$842.82,1,DSL,1,1,14,$33.54,Manteca,California,United States,Bank Withdrawal
2037-XJFUP,Churned,1,76,Competitor,Competitor made better offer,2,4161,24,Male,0,33,One Year,$95.80,"$3,036.75","$4,476.15",1,Fiber Optic,1,0,41,$41.80,Temecula,California,United States,Bank Withdrawal
2519-FAKOD,Churned,1,76,Competitor,Competitor had better devices,1,5274,30,Male,0,38,Month-to-Month,$99.25,"$3,777.15","$4,965.41",1,Fiber Optic,1,1,85,$31.27,Tehachapi,California,United States,Bank Withdrawal
5716-EZXZN,Stayed,0,59,,,3,5878,56,Female,0,65,Two Year,$99.05,"$6,416.70","$7,274.70",1,Fiber Optic,1,1,13,$13.20,Surfside,California,United States,Credit Card
6497-TILVL,Stayed,0,59,,,3,3097,20,Female,0,7,Month-to-Month,$50.70,$350.35,$529.83,1,DSL,1,1,71,$25.64,La Mirada,California,United States,Credit Card
1564-HJUVY,Stayed,0,59,,,5,2624,53,Male,0,4,Month-to-Month,$63.75,$226.20,$238.32,1,DSL,1,1,11,$3.03,Modesto,California,United States,Bank Withdrawal
2446-ZKVAF,Stayed,0,59,,,5,5558,19,Male,0,18,Month-to-Month,$56.80,"$1,074.65","$1,097.69",1,DSL,1,1,30,$1.28,Stockton,California,United States,Credit Card
1498-DQNRX,Stayed,0,59,,,4,2712,46,Female,0,29,Month-to-Month,$19.85,$573.05,$738.06,0,,1,0,0,$5.69,Westwood,California,United States,Mailed Check
3104-OWCGK,Churned,1,76,Other,Moved,3,4111,21,Male,0,60,One Year,$90.95,"$5,453.40","$7,448.40",1,Fiber Optic,1,1,52,$33.25,South Dos Palos,California,United States,Bank Withdrawal
4065-JJAVA,Joined,0,59,,,4,5262,56,Female,0,1,Month-to-Month,$49.50,$49.50,$96.49,1,DSL,1,0,8,$16.99,Oakland,California,United States,Bank Withdrawal
3372-CDXFJ,Stayed,0,59,,,5,5077,31,Male,0,13,One Year,$24.50,$343.60,$976.70,0,,1,0,0,$48.70,San Quentin,California,United States,Bank Withdrawal
0549-CYCQN,Stayed,0,59,,,5,4673,69,Male,1,51,One Year,$79.60,"$3,974.70","$5,228.89",1,Fiber Optic,1,1,11,$24.92,Flournoy,California,United States,Bank Withdrawal
1555-HAPSU,Stayed,0,59,,,5,5471,25,Female,0,71,Two Year,$23.90,"$1,663.50","$3,751.61",0,,1,0,0,$29.41,Fresno,California,United States,Credit Card
5136-KCKGI,Churned,1,76,Competitor,Competitor had better devices,2,4461,22,Female,0,33,One Year,$103.70,"$3,467.00","$4,840.13",1,Fiber Optic,1,1,73,$41.61,Templeton,California,United States,Mailed Check
2851-STERV,Stayed,0,59,,,4,2715,79,Male,1,35,One Year,$73.00,"$2,471.25","$2,577.65",1,DSL,1,1,18,$3.04,Descanso,California,United States,Bank Withdrawal
5498-IBWPI,Stayed,0,59,,,3,5232,34,Female,0,66,One Year,$49.40,"$3,251.85","$6,427.11",1,Cable,1,1,27,$48.11,Guadalupe,California,United States,Credit Card
3865-ZYKAD,Stayed,0,59,,,3,4503,77,Male,1,69,Month-to-Month,$84.90,"$5,785.65","$6,804.09",1,Fiber Optic,1,1,14,$14.76,Sacramento,California,United States,Credit Card
4373-VVHQL,Joined,0,59,,,4,5479,37,Male,0,1,Month-to-Month,$44.75,$44.75,$73.32,1,DSL,1,0,26,$18.57,Arroyo Grande,California,United States,Bank Withdrawal
2634-HCZGT,Churned,1,77,Other,Moved,1,5271,71,Male,1,53,One Year,$60.05,"$3,229.65","$4,478.16",1,Cable,1,0,6,$21.67,San Jose,California,United States,Bank Withdrawal
4801-JZAZL,Stayed,0,59,,,4,2793,32,Female,0,11,Month-to-Month,$29.60,$346.45,$319.21,1,DSL,0,1,17,$0.00,Angelus Oaks,California,United States,Bank Withdrawal
0196-VULGZ,Churned,1,77,Other,Deceased,3,5721,78,Female,1,6,Month-to-Month,$84.35,$474.90,$647.16,1,Fiber Optic,1,1,17,$28.71,Irvine,California,United States,Bank Withdrawal
9609-BENEA,Stayed,0,59,,,3,5283,50,Male,0,35,One Year,$69.00,"$2,441.70","$4,050.65",1,DSL,1,1,13,$45.97,Chula Vista,California,United States,Bank Withdrawal
8387-UGUSU,Stayed,0,59,,,4,3591,57,Female,0,15,Month-to-Month,$20.05,$284.30,$852.80,0,,1,0,0,$37.90,Irvine,California,United States,Credit Card
2773-OVBPK,Stayed,0,59,,,3,4469,60,Male,0,67,Two Year,$111.30,"$7,567.20","$8,985.11",1,Fiber Optic,1,1,30,$21.71,Orange,California,United States,Bank Withdrawal
9050-IKDZA,Joined,0,59,,,4,4267,66,Female,1,2,Two Year,$81.50,$162.55,$212.45,1,Fiber Optic,1,1,22,$24.95,Clovis,California,United States,Credit Card
2546-KZAAT,Stayed,0,59,,,5,5211,28,Male,0,52,One Year,$75.40,"$3,865.45","$4,406.25",1,DSL,1,1,85,$10.40,San Diego,California,United States,Credit Card
0388-EOPEX,Churned,1,77,Attitude,Attitude of support person,1,4263,28,Female,0,2,Month-to-Month,$74.40,$139.40,$158.98,1,Fiber Optic,1,1,41,$9.79,Riverside,California,United States,Bank Withdrawal
0536-ESJEP,Stayed,0,59,,,4,4544,48,Male,0,54,Two Year,$74.55,"$4,191.45","$4,957.17",1,DSL,1,1,25,$14.18,Rough And Ready,California,United States,Bank Withdrawal
8232-UTFOZ,Stayed,0,59,,,4,4328,24,Male,0,69,Two Year,$19.95,"$1,399.35","$1,894.77",0,,1,0,0,$7.18,Glendora,California,United States,Credit Card
2167-FQSTQ,Stayed,0,59,,,3,5527,20,Female,0,72,Two Year,$92.40,"$6,786.10","$9,632.50",1,DSL,1,0,48,$37.45,Hayward,California,United States,Bank Withdrawal
1194-BHJYC,Stayed,0,59,,,3,6427,22,Male,0,61,Two Year,$62.15,"$3,778.85","$3,778.85",1,DSL,0,1,59,$0.00,Lockwood,California,United States,Credit Card
5747-PMBSQ,Churned,1,77,Competitor,Competitor made better offer,1,2415,72,Male,1,10,Month-to-Month,$92.50,$934.10,"$1,145.30",1,Fiber Optic,1,0,30,$11.12,San Diego,California,United States,Credit Card
3967-VQOGC,Stayed,0,59,,,5,5847,54,Female,0,67,Two Year,$24.90,"$1,680.25","$2,848.06",0,,1,0,0,$17.43,Leggett,California,United States,Credit Card
0057-QBUQH,Stayed,0,59,,,4,4797,31,Female,0,43,Two Year,$25.10,"$1,070.15","$2,387.67",0,,1,0,0,$30.64,San Martin,California,United States,Bank Withdrawal
6734-PSBAW,Stayed,0,59,,,3,5901,46,Male,0,72,Two Year,$23.55,"$1,723.95","$1,857.87",0,,1,0,0,$1.86,Santa Fe Springs,California,United States,Bank Withdrawal
3518-FSTWG,Stayed,0,59,,,3,4086,67,Male,1,72,Two Year,$109.55,"$7,920.70","$9,195.82",1,Fiber Optic,1,1,4,$17.71,Paradise,California,United States,Bank Withdrawal
8450-JOVAH,Churned,1,77,Competitor,Competitor offered higher download speeds,1,5560,62,Male,0,2,Month-to-Month,$56.70,$113.55,$124.89,1,DSL,1,1,53,$5.67,Agoura Hills,California,United States,Credit Card
0455-XFASS,Joined,0,59,,,3,5998,61,Female,0,3,Month-to-Month,$69.55,$200.20,$171.41,1,Fiber Optic,1,1,19,$1.67,Campbell,California,United States,Bank Withdrawal
7159-NOKYQ,Stayed,0,59,,,4,4001,42,Male,0,67,Two Year,$93.15,"$6,368.20","$7,624.00",1,Fiber Optic,1,0,11,$17.40,Montebello,California,United States,Bank Withdrawal
2418-TPEUN,Stayed,0,59,,,3,4681,58,Female,0,56,Two Year,$19.80,"$1,119.90","$3,839.26",0,,1,0,0,$48.56,Topanga,California,United States,Credit Card
2480-JZOSN,Joined,0,59,,,4,4517,64,Female,0,1,Month-to-Month,$20.65,$20.65,$55.89,0,,1,0,0,$35.24,Woody,California,United States,Credit Card
9993-LHIEB,Stayed,0,59,,,3,4792,21,Male,0,67,Two Year,$67.85,"$4,627.65","$4,769.69",1,Cable,1,1,58,$2.12,Solana Beach,California,United States,Credit Card
6844-DZKRF,Joined,0,59,,,4,4697,61,Male,0,2,Month-to-Month,$50.20,$109.25,$131.93,1,Cable,1,0,28,$6.34,Irvine,California,United States,Credit Card
1689-MRZQR,Churned,1,77,Other,Don't know,3,2777,36,Male,0,34,Month-to-Month,$78.30,"$2,564.30","$3,021.60",1,Fiber Optic,1,1,12,$13.45,Turlock,California,United States,Bank Withdrawal
0895-DQHEW,Churned,1,77,Competitor,Competitor offered more data,1,4019,47,Male,0,54,Month-to-Month,$104.30,"$5,278.15","$7,181.54",1,Fiber Optic,1,1,23,$35.46,Burney,California,United States,Bank Withdrawal
1448-CYWKC,Stayed,0,59,,,4,4605,61,Female,0,58,One Year,$105.20,"$6,225.40","$8,685.15",1,Fiber Optic,1,1,30,$43.01,Coronado,California,United States,Credit Card
6445-TNRXS,Stayed,0,59,,,3,5671,61,Male,0,68,Two Year,$114.70,"$7,849.85","$10,065.97",1,Fiber Optic,1,1,24,$32.59,Richmond,California,United States,Bank Withdrawal
5133-VRSAB,Stayed,0,59,,,4,5369,47,Male,0,8,Month-to-Month,$29.35,$216.45,$226.45,1,Cable,0,0,8,$0.00,Olema,California,United States,Credit Card
5186-SAMNZ,Churned,1,77,Price,Price too high,2,3273,75,Male,1,1,Month-to-Month,$69.50,$69.50,$190.70,1,Fiber Optic,1,0,15,$41.20,Marina,California,United States,Bank Withdrawal
2265-CYWIV,Churned,1,77,Dissatisfaction,Network reliability,1,4708,68,Female,1,4,Month-to-Month,$99.60,$347.65,$397.50,1,Fiber Optic,1,1,20,$18.91,Hickman,California,United States,Bank Withdrawal
0236-HFWSV,Churned,1,77,Competitor,Competitor had better devices,1,5264,49,Male,0,15,Month-to-Month,$93.35,"$1,444.65","$2,178.60",1,Fiber Optic,1,1,15,$48.93,Palmdale,California,United States,Bank Withdrawal
8608-OZTLB,Stayed,0,59,,,3,5975,59,Male,0,38,One Year,$74.05,"$2,802.30","$3,997.40",1,DSL,1,1,76,$31.45,Applegate,California,United States,Bank Withdrawal
7921-BEPCI,Stayed,0,59,,,3,4515,40,Female,0,72,Two Year,$59.75,"$4,265.00","$5,174.36",1,DSL,1,1,23,$12.63,Rocklin,California,United States,Bank Withdrawal
9799-CAYJJ,Joined,0,58,,,4,2901,79,Female,1,2,Two Year,$69.30,$153.80,$219.04,1,Fiber Optic,1,1,2,$32.62,West Hills,California,United States,Bank Withdrawal
8996-ZROXE,Stayed,0,58,,,4,5521,78,Male,1,57,One Year,$53.50,"$3,035.80","$4,656.88",1,DSL,1,1,24,$28.44,Miranda,California,United States,Bank Withdrawal
9824-BEMCV,Churned,1,77,Competitor,Competitor offered higher download speeds,2,3368,58,Male,0,17,Month-to-Month,$69.00,"$1,149.65","$1,914.14",1,Fiber Optic,1,1,11,$44.97,Modesto,California,United States,Bank Withdrawal
8659-HDIYE,Stayed,0,58,,,4,5113,68,Female,1,64,Two Year,$74.65,"$4,869.35","$6,595.11",1,DSL,1,1,21,$27.70,Los Angeles,California,United States,Credit Card
5161-UBZXI,Stayed,0,58,,,4,6315,38,Male,0,69,Two Year,$106.35,"$7,261.75","$10,221.85",1,Fiber Optic,1,1,24,$42.90,Alamo,California,United States,Credit Card
9480-BQJEI,Stayed,0,58,,,4,6468,35,Male,0,62,One Year,$92.30,"$5,731.45","$7,241.15",1,Fiber Optic,1,1,16,$24.35,Sacramento,California,United States,Bank Withdrawal
7831-QGOXH,Churned,1,77,Other,Don't know,3,3326,27,Female,0,18,Month-to-Month,$85.20,"$1,553.90","$1,993.10",1,Fiber Optic,1,1,71,$24.40,Blue Lake,California,United States,Bank Withdrawal
3378-AJRAO,Stayed,0,58,,,3,5331,44,Male,0,44,One Year,$24.85,"$1,013.60","$2,431.28",0,,1,0,0,$32.22,Garden Grove,California,United States,Bank Withdrawal
2968-SSGAA,Churned,1,77,Competitor,Competitor offered more data,1,4001,41,Female,0,10,Month-to-Month,$100.60,"$1,060.20","$1,512.30",1,Fiber Optic,1,1,3,$45.21,San Francisco,California,United States,Bank Withdrawal
8887-IPQNC,Stayed,0,58,,,5,5014,61,Female,0,7,Month-to-Month,$44.25,$313.45,$533.46,1,DSL,1,0,24,$31.43,Manhattan Beach,California,United States,Credit Card
2798-NYLMZ,Stayed,0,58,,,3,4111,29,Male,0,71,Two Year,$108.55,"$7,616.00","$9,885.87",1,Fiber Optic,1,1,73,$31.97,Los Banos,California,United States,Credit Card
2955-BJZHG,Churned,1,77,Competitor,Competitor had better devices,1,5174,41,Male,0,17,Month-to-Month,$80.85,"$1,400.85","$1,683.22",1,Fiber Optic,1,1,3,$16.61,Apple Valley,California,United States,Bank Withdrawal
0572-ZJKLT,Stayed,0,58,,,3,4736,32,Female,0,46,Two Year,$99.65,"$4,630.20","$6,886.81",1,Fiber Optic,1,1,18,$49.26,Chester,California,United States,Credit Card
6008-NAIXK,Stayed,0,58,,,3,4521,72,Male,1,54,One Year,$55.45,"$2,966.95","$2,966.95",1,DSL,0,1,26,$0.00,Pine Grove,California,United States,Bank Withdrawal
2969-QWUBZ,Joined,0,58,,,5,2580,53,Female,0,2,Month-to-Month,$51.40,$96.80,$96.80,1,Cable,0,1,21,$0.00,Los Altos,California,United States,Bank Withdrawal
1608-GMEWB,Stayed,0,58,,,4,3960,76,Male,1,45,Two Year,$93.90,"$4,200.25","$4,904.50",1,Fiber Optic,1,1,18,$15.65,Stockton,California,United States,Bank Withdrawal
2120-SMPEX,Stayed,0,58,,,5,3848,43,Male,0,25,Month-to-Month,$20.15,$536.35,$977.35,0,,1,0,0,$17.64,Santa Rosa,California,United States,Mailed Check
9317-WZPGV,Churned,1,77,Price,Extra data charges,3,4038,74,Female,1,2,Month-to-Month,$79.75,$159.40,$248.66,1,Fiber Optic,1,0,23,$39.63,Paskenta,California,United States,Bank Withdrawal
7074-STDCN,Stayed,0,58,,,5,4436,25,Male,0,39,Month-to-Month,$40.60,"$1,494.50","$1,494.50",1,Cable,0,1,26,$0.00,Artesia,California,United States,Bank Withdrawal
9223-UCPVT,Churned,1,77,Price,Lack of affordable download/upload speed,3,5764,49,Female,0,1,Month-to-Month,$94.40,$94.40,$112.74,1,Fiber Optic,1,1,6,$18.34,Orland,California,United States,Bank Withdrawal
9342-VNIMQ,Stayed,0,58,,,3,5201,62,Male,0,33,Month-to-Month,$54.65,"$1,665.20","$1,860.23",1,DSL,1,1,5,$5.91,La Honda,California,United States,Bank Withdrawal
5171-EPLKN,Stayed,0,58,,,4,2176,27,Male,0,27,Two Year,$19.85,$470.00,"$1,756.55",0,,1,0,0,$47.65,Rancho Cucamonga,California,United States,Credit Card
0420-HLGXF,Stayed,0,58,,,3,3860,72,Female,1,39,Two Year,$99.75,"$4,036.00","$4,427.17",1,Fiber Optic,1,1,13,$10.03,Visalia,California,United States,Bank Withdrawal
5859-HZYLF,Stayed,0,58,,,5,4347,45,Male,0,26,Two Year,$19.15,$515.75,"$1,655.59",0,,1,0,0,$43.84,San Jose,California,United States,Credit Card
1834-WULEG,Stayed,0,58,,,4,3000,61,Male,0,24,One Year,$20.25,$439.75,"$1,419.19",0,,1,0,0,$40.81,Nevada City,California,United States,Mailed Check
4550-EVXNY,Churned,1,77,Competitor,Competitor offered higher download speeds,2,2418,52,Female,0,1,Month-to-Month,$69.65,$69.65,$118.89,1,Fiber Optic,1,1,8,$49.24,San Francisco,California,United States,Bank Withdrawal
1843-TLSGD,Stayed,0,58,,,4,3163,56,Female,0,13,Two Year,$20.85,$272.35,$631.41,0,,1,0,0,$27.62,Standish,California,United States,Credit Card
1432-FPAXX,Churned,1,77,Dissatisfaction,Product dissatisfaction,2,3615,53,Female,0,29,Month-to-Month,$30.60,$856.35,$856.35,1,DSL,0,1,7,$0.00,Beale Afb,California,United States,Bank Withdrawal
1640-PLFMP,Joined,0,58,,,4,4063,20,Female,0,1,Month-to-Month,$70.25,$70.25,$90.30,1,Fiber Optic,1,0,51,$10.05,Los Angeles,California,United States,Bank Withdrawal
5919-VCZYM,Joined,0,58,,,5,4394,19,Male,0,2,Month-to-Month,$20.05,$42.70,$123.26,0,,1,0,0,$40.28,Santa Ana,California,United States,Credit Card
1347-KTTTA,Stayed,0,58,,,3,6398,22,Male,0,64,One Year,$102.45,"$6,654.10","$9,245.46",1,Fiber Optic,1,1,69,$40.49,Canyon Country,California,United States,Credit Card
6030-REHUX,Stayed,0,58,,,4,3906,76,Female,1,28,One Year,$110.85,"$3,204.40","$4,483.16",1,Fiber Optic,1,1,8,$45.67,Fountain Valley,California,United States,Bank Withdrawal
2359-KMGLI,Churned,1,77,Competitor,Competitor had better devices,1,4418,52,Male,0,24,Month-to-Month,$80.25,"$1,861.50","$3,044.70",1,Fiber Optic,1,1,20,$49.30,Running Springs,California,United States,Bank Withdrawal
9845-QOMAD,Stayed,0,58,,,3,3958,38,Male,0,14,One Year,$19.75,$309.35,$680.72,0,,1,0,0,$26.99,Long Beach,California,United States,Credit Card
2205-LPVGL,Stayed,0,58,,,3,5035,71,Male,1,58,One Year,$89.85,"$5,125.75","$6,324.69",1,Fiber Optic,1,0,10,$18.43,Colusa,California,United States,Bank Withdrawal
8016-NCFVO,Stayed,0,58,,,4,4222,70,Male,1,55,Month-to-Month,$116.50,"$6,382.55","$7,994.05",1,Fiber Optic,1,1,10,$29.30,Glendale,California,United States,Bank Withdrawal
7501-IWUNG,Stayed,0,58,,,4,6301,57,Female,0,61,Two Year,$73.80,"$4,616.05","$4,674.01",1,DSL,1,0,24,$1.27,Springville,California,United States,Bank Withdrawal
4806-KEXQR,Churned,1,77,Competitor,Competitor had better devices,1,4669,27,Male,0,4,Month-to-Month,$79.90,$324.30,$496.54,1,Fiber Optic,1,1,46,$43.06,Lockeford,California,United States,Bank Withdrawal
3190-ITQXP,Stayed,0,58,,,3,3879,42,Female,0,46,Two Year,$20.25,$890.35,"$2,162.25",0,,1,0,0,$27.65,Ceres,California,United States,Bank Withdrawal
9314-QDMDW,Stayed,0,58,,,3,2738,29,Male,0,11,One Year,$61.25,$729.95,"$1,036.19",1,Cable,1,1,59,$27.84,Los Alamos,California,United States,Bank Withdrawal
3786-WOVKF,Stayed,0,58,,,4,4768,69,Female,1,72,One Year,$106.85,"$7,677.40","$8,342.60",1,Fiber Optic,1,0,20,$7.85,Anaheim,California,United States,Bank Withdrawal
8610-ZIKJJ,Joined,0,58,,,3,2843,57,Female,0,2,One Year,$20.30,$31.90,$102.74,0,,1,0,0,$35.42,Tujunga,California,United States,Credit Card
5312-IRCFR,Stayed,0,58,,,4,5206,21,Female,0,64,One Year,$92.85,"$5,980.75","$8,378.83",1,Fiber Optic,1,1,69,$37.47,Nice,California,United States,Bank Withdrawal
3392-EHMNK,Stayed,0,58,,,4,4803,53,Female,0,67,Two Year,$94.10,"$6,302.80","$7,066.60",1,Fiber Optic,1,1,27,$11.40,Thermal,California,United States,Credit Card
6047-SUHPR,Stayed,0,58,,,3,3093,60,Male,0,39,One Year,$59.80,"$2,343.85","$3,022.05",1,DSL,1,0,13,$13.80,Woodlake,California,United States,Bank Withdrawal
0654-HMSHN,Churned,1,77,Attitude,Attitude of support person,2,3796,45,Male,0,21,Month-to-Month,$104.40,"$2,157.95","$3,053.60",1,Fiber Optic,1,1,3,$42.65,Mojave,California,United States,Bank Withdrawal
6388-TABGU,Stayed,0,58,,,4,4529,48,Male,0,62,One Year,$56.15,"$3,487.95","$3,981.47",1,DSL,1,1,8,$7.96,Los Angeles,California,United States,Bank Withdrawal
3115-JPJDD,Stayed,0,58,,,3,4709,43,Female,0,59,One Year,$81.25,"$4,639.45","$6,385.85",1,Fiber Optic,1,1,12,$29.60,Ventura,California,United States,Credit Card
8263-JQAIK,Churned,1,77,Competitor,Competitor offered more data,3,5573,66,Male,1,2,Month-to-Month,$24.45,$47.50,$47.50,1,DSL,0,1,6,$0.00,Palmdale,California,United States,Credit Card
7114-AEOZE,Stayed,0,58,,,4,6213,53,Female,0,60,Two Year,$19.85,"$1,128.10","$2,995.30",0,,1,0,0,$31.12,Big Bar,California,United States,Bank Withdrawal
8263-QMNTJ,Stayed,0,58,,,3,5890,46,Male,0,72,Two Year,$115.55,"$8,425.30","$11,868.34",1,Fiber Optic,1,1,21,$47.82,San Francisco,California,United States,Bank Withdrawal
4459-BBGHE,Stayed,0,58,,,4,5833,61,Male,0,30,Month-to-Month,$44.50,"$1,307.80","$1,307.80",1,DSL,0,1,17,$0.00,Descanso,California,United States,Bank Withdrawal
0336-PIKEI,Stayed,0,58,,,4,5590,69,Male,1,72,Two Year,$74.40,"$5,360.75","$5,880.19",1,DSL,1,0,9,$5.27,Orange,California,United States,Bank Withdrawal
6467-CHFZW,Churned,1,77,Competitor,Competitor had better devices,1,5789,61,Male,0,47,Month-to-Month,$99.35,"$4,749.15","$6,222.60",1,Fiber Optic,1,1,16,$31.35,Los Angeles,California,United States,Bank Withdrawal
4538-WNTMJ,Stayed,0,58,,,3,3979,39,Female,0,46,One Year,$24.95,"$1,165.90","$1,377.50",0,,1,0,0,$4.60,Isleton,California,United States,Credit Card
0556-FJEGU,Stayed,0,58,,,4,4474,26,Male,0,58,Two Year,$70.10,"$4,048.95","$6,802.21",1,DSL,1,1,69,$47.47,Lafayette,California,United States,Bank Withdrawal
0064-SUDOG,Stayed,0,57,,,5,5190,48,Female,0,12,Two Year,$20.30,$224.50,$455.86,0,,1,0,0,$19.28,Huntington Park,California,United States,Bank Withdrawal
4652-NNHNY,Churned,1,77,Other,Don't know,1,3226,32,Male,0,16,Month-to-Month,$73.85,"$1,284.20","$1,571.56",1,Fiber Optic,1,1,30,$17.96,Fellows,California,United States,Bank Withdrawal
5067-WJEUN,Stayed,0,57,,,4,6005,42,Male,0,67,Two Year,$54.20,"$3,838.20","$4,578.50",1,Cable,1,0,26,$10.90,Bakersfield,California,United States,Bank Withdrawal
3411-WLRSQ,Joined,0,57,,,5,3711,80,Female,1,3,Month-to-Month,$74.60,$239.05,$387.58,1,Fiber Optic,1,0,17,$39.51,Los Angeles,California,United States,Bank Withdrawal
8499-BRXTD,Stayed,0,57,,,5,5586,28,Male,0,18,One Year,$20.10,$401.85,"$1,098.99",0,,1,0,0,$38.73,Kernville,California,United States,Credit Card
5419-JPRRN,Churned,1,77,Price,Extra data charges,1,4390,32,Male,0,1,Month-to-Month,$101.45,$101.45,$111.83,1,Fiber Optic,1,1,7,$10.38,Rough And Ready,California,United States,Bank Withdrawal
5405-ZMYXQ,Stayed,0,57,,,5,2142,21,Female,0,8,Month-to-Month,$74.60,$548.90,$559.14,1,Fiber Optic,1,1,42,$1.28,Los Angeles,California,United States,Credit Card
8544-JNBOX,Stayed,0,57,,,5,4626,31,Male,0,72,Two Year,$20.80,"$1,521.20","$3,208.16",0,,1,0,0,$23.43,Weimar,California,United States,Credit Card
7951-QKZPL,Churned,1,77,Price,Long distance charges,3,5194,21,Female,0,33,Two Year,$24.50,$740.30,"$1,870.48",0,,1,0,0,$35.31,Saint Helena,California,United States,Credit Card
3164-AALRN,Churned,1,77,Competitor,Competitor had better devices,2,2673,39,Male,0,5,One Year,$70.00,$347.40,$583.65,1,DSL,1,0,22,$45.25,Greenwood,California,United States,Credit Card
7688-AWMDX,Stayed,0,57,,,3,4957,21,Male,0,71,Two Year,$54.50,"$3,778.20","$7,208.92",1,DSL,1,1,59,$48.32,San Diego,California,United States,Bank Withdrawal
4674-HGNUA,Stayed,0,57,,,3,4444,57,Male,0,71,Two Year,$89.90,"$6,457.15","$8,681.58",1,Cable,1,1,27,$31.33,Petrolia,California,United States,Credit Card
9578-FOMUK,Stayed,0,57,,,3,3965,53,Male,0,15,Month-to-Month,$24.80,$324.15,$799.45,0,,1,0,0,$32.54,Santa Clara,California,United States,Bank Withdrawal
6625-UTXEW,Stayed,0,57,,,3,3097,26,Female,0,12,Month-to-Month,$51.25,$612.10,"$1,174.66",1,Cable,1,1,73,$46.88,Fort Bragg,California,United States,Bank Withdrawal
7813-TKCVO,Stayed,0,57,,,3,4390,23,Female,0,20,One Year,$20.35,$393.15,$952.35,0,,1,0,0,$27.96,Oak Park,California,United States,Credit Card
0637-UBJRP,Churned,1,77,Competitor,Competitor offered higher download speeds,1,4745,40,Male,0,13,Month-to-Month,$84.05,"$1,095.30","$1,460.29",1,Fiber Optic,1,1,21,$29.92,Wilton,California,United States,Bank Withdrawal
1697-LYYYX,Stayed,0,57,,,4,4376,21,Female,0,61,One Year,$19.10,"$1,143.80","$3,712.51",0,,1,0,0,$42.11,Cotati,California,United States,Credit Card
2000-MPKCA,Stayed,0,57,,,3,5121,51,Female,0,58,One Year,$107.75,"$6,332.75","$9,041.35",1,Fiber Optic,1,1,19,$46.70,San Pedro,California,United States,Bank Withdrawal
4646-QZXTF,Stayed,0,57,,,3,5928,38,Female,0,7,Month-to-Month,$81.25,$580.10,$617.86,1,DSL,1,1,9,$12.16,San Juan Bautista,California,United States,Bank Withdrawal
5961-VUSRV,Stayed,0,57,,,5,4451,53,Female,0,12,One Year,$19.35,$219.35,$419.99,0,,1,0,0,$16.72,Sherman Oaks,California,United States,Bank Withdrawal
4007-NHVHI,Stayed,0,57,,,3,5679,69,Female,1,56,Two Year,$96.85,"$5,219.65","$7,833.17",1,Fiber Optic,1,1,18,$46.67,Rio Linda,California,United States,Bank Withdrawal
9031-ZVQPT,Stayed,0,57,,,4,4773,21,Male,0,72,Two Year,$108.20,"$7,840.60","$8,862.28",1,Fiber Optic,1,1,71,$14.19,San Francisco,California,United States,Bank Withdrawal
6416-YJTTB,Stayed,0,57,,,4,2278,20,Male,0,11,Month-to-Month,$79.50,$795.65,$888.93,1,Fiber Optic,1,1,52,$8.48,Downieville,California,United States,Bank Withdrawal
0322-YINQP,Churned,1,77,Attitude,Attitude of support person,1,5687,37,Male,0,1,Month-to-Month,$48.55,$48.55,$59.90,1,DSL,1,1,9,$11.35,Covina,California,United States,Credit Card
0187-WZNAB,Stayed,0,57,,,3,4331,56,Female,0,27,Month-to-Month,$74.40,"$1,972.35","$3,232.17",1,Fiber Optic,1,1,28,$46.66,Del Rey,California,United States,Credit Card
7817-BOQPW,Churned,1,77,Competitor,Competitor made better offer,2,4320,32,Female,0,2,Month-to-Month,$75.55,$166.30,$249.04,1,Fiber Optic,1,1,28,$41.37,Rio Dell,California,United States,Bank Withdrawal
3244-CQPHU,Stayed,0,57,,,4,5232,77,Female,1,72,Two Year,$110.10,"$7,746.70","$8,718.53",1,Fiber Optic,1,1,23,$14.12,Berkeley,California,United States,Bank Withdrawal
8060-HIWJJ,Stayed,0,57,,,4,4934,35,Male,0,64,Two Year,$86.55,"$5,632.55","$6,553.51",1,DSL,1,1,7,$14.39,Lincoln,California,United States,Credit Card
0248-IPDFW,Joined,0,57,,,4,5617,19,Female,0,1,Month-to-Month,$50.10,$50.10,$79.23,1,Cable,1,1,51,$29.13,Lake Elsinore,California,United States,Bank Withdrawal
5614-DNZCE,Stayed,0,57,,,4,5040,56,Female,0,58,Two Year,$64.90,"$3,795.45","$5,504.71",1,DSL,1,1,16,$29.47,Wilseyville,California,United States,Credit Card
7356-AYNJP,Stayed,0,57,,,4,5685,33,Female,0,4,One Year,$23.90,$97.50,$122.94,0,,1,0,0,$6.36,Stockton,California,United States,Bank Withdrawal
2202-CUYXZ,Churned,1,77,Competitor,Competitor had better devices,1,3086,25,Male,0,1,Month-to-Month,$84.85,$84.85,$120.92,1,Fiber Optic,1,1,41,$36.07,Dublin,California,United States,Bank Withdrawal
3692-JHONH,Stayed,0,57,,,5,4499,70,Female,1,52,One Year,$106.50,"$5,621.85","$7,154.33",1,Fiber Optic,1,0,18,$27.74,Kettleman City,California,United States,Bank Withdrawal
5204-QZXPU,Churned,1,78,Competitor,Competitor had better devices,1,2933,50,Male,0,19,Month-to-Month,$39.65,$733.35,$733.35,1,DSL,0,1,21,$0.00,Glendale,California,United States,Bank Withdrawal
4070-OKWVH,Stayed,0,57,,,3,6212,60,Female,0,52,Month-to-Month,$94.60,"$5,025.80","$6,545.76",1,Fiber Optic,1,1,30,$29.23,Mira Loma,California,United States,Bank Withdrawal
4659-NZRUF,Churned,1,78,Price,Long distance charges,3,5830,64,Female,0,19,Month-to-Month,$95.15,"$1,789.25","$2,533.78",1,Fiber Optic,1,0,17,$32.87,Oakland,California,United States,Bank Withdrawal
1354-YZFNB,Stayed,0,57,,,4,5573,53,Male,0,4,Two Year,$19.55,$68.80,$185.16,0,,1,0,0,$29.09,Mad River,California,United States,Credit Card
8651-ENBZX,Churned,1,78,Price,Long distance charges,3,5507,68,Female,1,60,One Year,$106.00,"$6,441.40","$8,614.80",1,Fiber Optic,1,0,17,$34.39,Grizzly Flats,California,United States,Bank Withdrawal
5549-ZGHFB,Stayed,0,57,,,5,6019,33,Male,0,50,Two Year,$24.95,"$1,261.45","$2,376.45",0,,1,0,0,$22.30,Glendale,California,United States,Credit Card
4686-GEFRM,Stayed,0,57,,,3,5582,23,Male,0,70,Two Year,$98.70,"$6,858.90","$10,025.70",1,Fiber Optic,1,1,42,$45.24,Pioneertown,California,United States,Bank Withdrawal
0082-LDZUE,Joined,0,57,,,5,4427,54,Male,0,1,Month-to-Month,$44.30,$44.30,$87.25,1,DSL,1,1,9,$42.95,Calistoga,California,United States,Credit Card
8624-GIOUT,Churned,1,78,Other,Don't know,1,6006,40,Female,0,49,Month-to-Month,$59.75,"$2,934.30","$4,691.93",1,DSL,1,1,30,$35.87,Seeley,California,United States,Credit Card
6656-JWRQX,Joined,0,57,,,4,5565,60,Female,0,1,Month-to-Month,$30.55,$30.55,$70.55,1,DSL,0,0,9,$0.00,San Diego,California,United States,Credit Card
7396-VJUZB,Stayed,0,57,,,5,2776,33,Male,0,4,Month-to-Month,$45.25,$155.35,$295.71,1,DSL,1,1,30,$35.09,Willow Creek,California,United States,Credit Card
0516-WJVXC,Churned,1,78,Dissatisfaction,Network reliability,1,5476,21,Female,0,5,Month-to-Month,$54.20,$308.25,$326.30,1,DSL,1,1,69,$3.61,Sacramento,California,United States,Bank Withdrawal
6288-CHQJB,Stayed,0,57,,,4,5077,21,Female,0,54,Two Year,$69.95,"$3,871.85","$5,393.03",1,DSL,1,1,76,$28.17,San Bernardino,California,United States,Bank Withdrawal
7876-BEUTG,Stayed,0,57,,,4,2577,34,Female,0,15,Month-to-Month,$48.80,$720.10,"$1,118.20",1,DSL,1,1,18,$26.54,San Bruno,California,United States,Credit Card
5027-XWQHA,Churned,1,78,Dissatisfaction,Network reliability,2,2087,35,Male,0,6,Month-to-Month,$44.75,$270.95,$527.91,1,Cable,1,0,10,$41.16,Ukiah,California,United States,Bank Withdrawal
4652-ODEVH,Stayed,0,57,,,5,3586,43,Male,0,45,Two Year,$24.45,"$1,088.25","$3,217.20",0,,1,0,0,$47.31,Dutch Flat,California,United States,Mailed Check
1195-OIYEJ,Churned,1,78,Attitude,Attitude of support person,2,5347,54,Male,0,13,Month-to-Month,$91.10,"$1,135.70","$1,286.29",1,Fiber Optic,1,0,26,$5.43,La Puente,California,United States,Bank Withdrawal
9055-MOJJJ,Stayed,0,57,,,3,4754,39,Female,0,64,One Year,$65.80,"$4,068.00","$5,769.01",1,Cable,1,0,17,$26.70,Douglas City,California,United States,Mailed Check
1226-UDFZR,Churned,1,78,Dissatisfaction,Network reliability,1,3599,26,Female,0,2,Month-to-Month,$49.60,$114.70,$157.26,1,Cable,1,1,26,$21.28,Lafayette,California,United States,Credit Card
7603-USHJS,Churned,1,78,Attitude,Attitude of support person,3,2010,27,Male,0,12,Month-to-Month,$73.75,$871.40,"$1,050.92",1,Fiber Optic,1,1,59,$14.96,San Gabriel,California,United States,Credit Card
5751-USDBL,Stayed,0,57,,,4,4280,37,Male,0,46,Two Year,$81.00,"$3,846.35","$5,960.05",1,Cable,1,1,10,$45.95,Soda Springs,California,United States,Mailed Check
0151-ONTOV,Churned,1,78,Competitor,Competitor had better devices,1,4739,43,Female,0,1,Month-to-Month,$70.90,$70.90,$110.71,1,Fiber Optic,1,1,23,$39.81,Moorpark,California,United States,Mailed Check
9025-ZRPVR,Churned,1,78,Attitude,Attitude of support person,3,5403,59,Male,0,9,Month-to-Month,$18.95,$185.60,$633.26,0,,1,0,0,$49.74,Pacific Grove,California,United States,Credit Card
8062-YBDOE,Churned,1,78,Other,Don't know,2,5844,70,Male,1,1,Month-to-Month,$69.65,$69.65,$76.88,1,Fiber Optic,1,1,2,$7.23,Canyon Country,California,United States,Bank Withdrawal
2228-BZDEE,Stayed,0,57,,,5,5755,45,Female,0,54,Two Year,$20.10,"$1,079.45","$2,496.95",0,,1,0,0,$26.25,Pleasanton,California,United States,Credit Card
1465-VINDH,Churned,1,78,Competitor,Competitor offered higher download speeds,3,3596,31,Female,0,10,Month-to-Month,$102.10,"$1,068.85","$1,389.55",1,Fiber Optic,1,1,22,$32.07,Los Angeles,California,United States,Credit Card
5542-NKVRU,Stayed,0,57,,,3,2574,24,Female,0,42,Two Year,$20.75,$844.45,"$1,613.47",0,,1,0,0,$18.31,La Grange,California,United States,Bank Withdrawal
0840-DCNZE,Stayed,0,57,,,4,5631,33,Male,0,47,One Year,$86.95,"$4,138.90","$5,867.56",1,DSL,1,1,25,$36.78,Newport Beach,California,United States,Bank Withdrawal
2254-DLXRI,Joined,0,57,,,4,2742,33,Female,0,1,Month-to-Month,$79.15,$79.15,$157.15,1,Fiber Optic,1,0,23,$18.00,Burbank,California,United States,Credit Card
7825-GKXMW,Churned,1,78,Competitor,Competitor made better offer,1,5973,41,Female,0,1,Month-to-Month,$45.80,$45.80,$77.91,1,DSL,1,0,18,$22.11,San Diego,California,United States,Bank Withdrawal
6668-CNMFP,Stayed,0,57,,,4,4473,24,Female,0,19,One Year,$89.35,"$1,686.85","$2,388.33",1,Fiber Optic,1,1,52,$36.92,West Hills,California,United States,Bank Withdrawal
5570-PTWEH,Churned,1,78,Attitude,Attitude of support person,2,2270,33,Female,0,3,Month-to-Month,$75.15,$216.75,$261.81,1,Fiber Optic,1,1,29,$15.02,Encinitas,California,United States,Credit Card
4183-MYFRB,Stayed,0,57,,,3,5982,30,Female,0,21,Month-to-Month,$90.05,"$1,862.90","$2,029.19",1,Fiber Optic,1,0,73,$6.49,Los Angeles,California,United States,Bank Withdrawal
8099-MZPUJ,Stayed,0,57,,,3,3922,49,Male,0,48,Two Year,$111.80,"$5,443.65","$6,047.01",1,Fiber Optic,1,1,18,$12.57,Carmel,California,United States,Credit Card
1557-EMYVT,Stayed,0,57,,,4,4115,25,Female,0,43,Two Year,$115.05,"$4,895.10","$5,952.89",1,Fiber Optic,1,1,26,$24.85,Tecate,California,United States,Credit Card
6885-PKOAM,Stayed,0,57,,,3,4487,59,Female,0,71,Two Year,$85.75,"$6,223.80","$8,397.48",1,Cable,1,1,18,$30.68,San Marcos,California,United States,Credit Card
0100-DUVFC,Stayed,0,57,,,5,5291,66,Male,1,70,One Year,$104.80,"$7,308.95","$10,067.14",1,Fiber Optic,1,1,28,$39.49,Wilmington,California,United States,Bank Withdrawal
5084-OOVCJ,Stayed,0,57,,,4,5465,25,Female,0,17,Month-to-Month,$55.35,$920.50,"$1,264.41",1,DSL,1,1,69,$20.23,Canyon Dam,California,United States,Credit Card
0804-XBFBV,Stayed,0,57,,,3,5916,49,Female,0,11,Month-to-Month,$25.20,$321.05,$321.05,1,DSL,0,1,19,$0.00,Foothill Ranch,California,United States,Bank Withdrawal
5519-TEEUH,Stayed,0,57,,,3,5759,51,Male,0,33,One Year,$20.15,$682.15,"$1,380.43",0,,1,0,0,$21.16,Irvine,California,United States,Credit Card
8695-WDYEA,Joined,0,57,,,4,4483,32,Male,0,1,Month-to-Month,$51.25,$51.25,$90.55,1,DSL,1,1,26,$39.30,Chico,California,United States,Credit Card
7874-ECPQJ,Stayed,0,57,,,5,4462,57,Female,0,4,Month-to-Month,$20.05,$85.50,$194.98,0,,1,0,0,$27.37,Wofford Heights,California,United States,Bank Withdrawal
1963-SVUCV,Churned,1,78,Competitor,Competitor offered higher download speeds,2,5774,59,Male,0,1,Month-to-Month,$45.30,$45.30,$103.67,1,DSL,1,0,7,$28.37,Flournoy,California,United States,Bank Withdrawal
0303-UNCIP,Stayed,0,57,,,4,5043,35,Male,0,41,One Year,$65.00,"$2,531.80","$4,211.35",1,DSL,1,0,30,$37.55,Claremont,California,United States,Mailed Check
9814-AOUDH,Stayed,0,57,,,5,5625,29,Male,0,53,Two Year,$19.50,"$1,050.50","$2,331.51",0,,1,0,0,$24.17,Arbuckle,California,United States,Credit Card
6581-NQCBA,Churned,1,78,Other,Don't know,1,4840,36,Female,0,16,Month-to-Month,$49.95,$810.20,$810.20,1,DSL,0,1,29,$0.00,Snelling,California,United States,Bank Withdrawal
3800-LYTRK,Stayed,0,57,,,4,4978,52,Female,0,14,One Year,$55.70,$795.15,"$1,282.67",1,DSL,1,0,26,$27.68,Point Reyes Station,California,United States,Credit Card
4619-EVPHY,Stayed,0,57,,,5,3748,65,Female,1,20,One Year,$91.00,"$1,859.50","$2,636.50",1,Fiber Optic,1,1,2,$38.85,Lamont,California,United States,Bank Withdrawal
2013-SGDXK,Churned,1,78,Competitor,Competitor offered more data,1,2172,27,Female,0,1,Month-to-Month,$84.30,$84.30,$95.93,1,Fiber Optic,1,0,59,$1.63,Mariposa,California,United States,Bank Withdrawal
7217-JYHOQ,Stayed,0,56,,,3,3359,30,Male,0,24,Month-to-Month,$70.30,"$1,706.45","$2,776.13",1,Cable,1,1,26,$44.57,Burbank,California,United States,Credit Card
0988-AADSA,Stayed,0,56,,,4,6317,40,Female,0,72,Two Year,$80.85,"$5,824.75","$6,534.59",1,Cable,1,0,15,$9.72,Forbestown,California,United States,Bank Withdrawal
8806-EAGWC,Churned,1,78,Dissatisfaction,Network reliability,2,5698,25,Male,0,3,Month-to-Month,$55.15,$159.15,$227.46,1,DSL,1,1,51,$22.77,Old Station,California,United States,Credit Card
5339-TJFEK,Stayed,0,56,,,4,4271,22,Male,0,62,Month-to-Month,$105.50,"$6,487.20","$7,551.70",1,Fiber Optic,1,0,52,$14.75,Santa Rosa,California,United States,Bank Withdrawal
0641-EVBOJ,Joined,0,56,,,4,5755,61,Male,0,3,Month-to-Month,$82.30,$214.40,$369.31,1,Fiber Optic,1,0,16,$44.97,Coarsegold,California,United States,Credit Card
9337-SRRNI,Stayed,0,56,,,4,6019,64,Male,0,66,Two Year,$25.30,"$1,673.80","$3,245.26",0,,1,0,0,$23.81,Rio Oso,California,United States,Credit Card
1661-CZBAU,Stayed,0,56,,,3,2667,50,Male,0,48,One Year,$70.95,"$3,629.20","$5,777.68",1,DSL,1,1,18,$44.76,Carlotta,California,United States,Bank Withdrawal
5019-GQVCR,Stayed,0,56,,,4,4556,74,Male,1,43,Two Year,$84.85,"$3,645.60","$4,024.43",1,Fiber Optic,1,1,7,$8.81,Westlake Village,California,United States,Bank Withdrawal
3967-KXAPS,Stayed,0,56,,,4,5136,42,Male,0,72,Two Year,$92.30,"$6,719.90","$7,698.38",1,DSL,1,0,5,$13.59,Los Angeles,California,United States,Credit Card
5985-BEHZK,Stayed,0,56,,,5,6423,78,Female,1,72,One Year,$105.00,"$7,578.05","$9,578.93",1,Fiber Optic,1,1,10,$27.79,Santa Ana,California,United States,Credit Card
0962-CQPWQ,Stayed,0,56,,,5,4574,57,Female,0,62,Two Year,$20.30,"$1,296.15","$1,445.57",0,,1,0,0,$2.41,Alameda,California,United States,Bank Withdrawal
8268-YDIXR,Stayed,0,56,,,3,4778,45,Male,0,56,One Year,$93.15,"$5,253.95","$7,512.43",1,Fiber Optic,1,1,9,$40.33,Merced,California,United States,Bank Withdrawal
8672-OAUPW,Stayed,0,56,,,4,4138,48,Male,0,51,One Year,$47.85,"$2,356.75","$4,204.45",1,DSL,1,1,20,$36.59,Corona,California,United States,Credit Card
6061-GWWAV,Stayed,0,56,,,4,5365,44,Male,0,41,One Year,$70.20,"$2,894.55","$3,458.71",1,Cable,1,1,11,$13.76,Fresno,California,United States,Credit Card
8024-XNAFQ,Stayed,0,56,,,4,5294,66,Female,1,72,Two Year,$107.40,"$7,748.75","$10,003.07",1,Fiber Optic,1,1,18,$31.31,Isleton,California,United States,Bank Withdrawal
4163-KIUHY,Stayed,0,56,,,4,2980,21,Male,0,35,Month-to-Month,$25.60,$901.25,"$2,295.65",0,,1,0,0,$39.84,Los Angeles,California,United States,Bank Withdrawal
6234-PFPXL,Stayed,0,56,,,3,3207,42,Male,0,22,Month-to-Month,$95.90,"$2,234.95","$3,018.59",1,Fiber Optic,1,1,29,$35.62,Sacramento,California,United States,Credit Card
8414-MYSHR,Churned,1,78,Dissatisfaction,Network reliability,1,2834,79,Male,1,5,Month-to-Month,$91.40,$449.75,$472.70,1,Fiber Optic,1,1,11,$4.59,Arcadia,California,United States,Bank Withdrawal
6221-AVQYL,Churned,1,78,Price,Price too high,1,2919,37,Male,0,2,Month-to-Month,$73.25,$131.05,$136.97,1,Fiber Optic,1,1,15,$2.96,Glendale,California,United States,Credit Card
4672-FOTSD,Stayed,0,56,,,3,4334,54,Male,0,12,Month-to-Month,$67.25,$832.30,"$1,381.90",1,DSL,1,1,4,$45.80,Dorris,California,United States,Bank Withdrawal
7703-ZEKEF,Churned,1,78,Competitor,Competitor offered more data,2,5701,47,Male,0,23,Month-to-Month,$81.00,"$1,917.10","$2,347.20",1,Fiber Optic,1,1,24,$18.70,Heber,California,United States,Bank Withdrawal
4869-EPIUS,Stayed,0,56,,,5,5344,37,Male,0,56,One Year,$80.90,"$4,557.50","$7,143.58",1,Fiber Optic,1,1,24,$46.18,San Rafael,California,United States,Bank Withdrawal
6128-CZOMY,Churned,1,78,Competitor,Competitor offered higher download speeds,2,4689,43,Female,0,1,Month-to-Month,$45.65,$45.65,$82.64,1,Cable,1,1,22,$36.99,Alpine,California,United States,Bank Withdrawal
5027-YOCXN,Stayed,0,56,,,3,5604,23,Male,0,51,One Year,$110.05,"$5,686.40","$7,029.35",1,Fiber Optic,1,1,41,$26.73,Cardiff By The Sea,California,United States,Credit Card
2845-HSJCY,Churned,1,78,Competitor,Competitor made better offer,2,4786,49,Female,0,14,Month-to-Month,$87.25,"$1,258.60","$1,667.12",1,Fiber Optic,1,1,19,$29.18,Fallbrook,California,United States,Bank Withdrawal
3896-ZVNET,Stayed,0,56,,,3,5302,42,Female,0,24,Two Year,$24.70,$571.75,"$1,069.51",0,,1,0,0,$20.74,Gerber,California,United States,Mailed Check
8466-PZBLH,Stayed,0,56,,,3,4743,32,Male,0,67,Two Year,$104.60,"$6,885.75","$7,643.52",1,Fiber Optic,1,1,57,$11.31,Descanso,California,United States,Bank Withdrawal
9964-WBQDJ,Stayed,0,56,,,5,4412,19,Female,0,71,Two Year,$24.40,"$1,725.40","$3,480.52",0,,1,0,0,$24.72,West Hollywood,California,United States,Credit Card
3590-TCXTB,Joined,0,56,,,5,2648,50,Male,0,1,Month-to-Month,$20.35,$20.35,$52.32,0,,1,0,0,$31.97,Cerritos,California,United States,Credit Card
8670-ERCJH,Stayed,0,56,,,3,6347,33,Male,0,72,Two Year,$113.40,"$8,164.10","$8,348.42",1,Fiber Optic,1,1,25,$2.56,Portola Valley,California,United States,Bank Withdrawal
4566-NECEV,Stayed,0,56,,,3,3787,40,Male,0,5,Month-to-Month,$96.55,$500.10,$695.75,1,Fiber Optic,1,1,20,$39.13,Palos Verdes Peninsula,California,United States,Bank Withdrawal
8802-UNOJF,Churned,1,78,Competitor,Competitor had better devices,1,5565,65,Male,1,12,Month-to-Month,$83.80,"$1,029.75","$1,408.73",1,Cable,1,0,7,$28.63,Philo,California,United States,Credit Card
6621-NRZAK,Stayed,0,56,,,5,5975,40,Female,0,63,Two Year,$20.00,"$1,209.25","$4,163.95",0,,1,0,0,$46.90,Mount Hamilton,California,United States,Credit Card
4072-IPYLT,Stayed,0,56,,,3,2161,32,Female,0,36,Month-to-Month,$51.05,"$1,815.00","$2,525.28",1,DSL,1,1,19,$19.73,Randsburg,California,United States,Credit Card
9174-FKWZE,Churned,1,78,Dissatisfaction,Limited range of services,1,3848,70,Female,1,1,Month-to-Month,$19.45,$19.45,$42.37,0,,1,0,0,$22.92,Sacramento,California,United States,Bank Withdrawal
4190-MFLUW,Churned,1,78,Competitor,Competitor made better offer,1,5925,21,Female,0,10,Month-to-Month,$55.20,$528.35,$622.45,1,Cable,1,1,69,$9.41,San Diego,California,United States,Credit Card
7531-GQHME,Stayed,0,56,,,4,4996,34,Male,0,12,Month-to-Month,$20.05,$265.45,$732.97,0,,1,0,0,$38.96,San Jacinto,California,United States,Credit Card
9620-QJREV,Stayed,0,56,,,5,3313,62,Male,0,47,One Year,$20.55,"$1,013.05","$2,998.80",0,,1,0,0,$42.25,Weldon,California,United States,Credit Card
0734-OXWBT,Joined,0,56,,,3,2584,44,Male,0,3,Month-to-Month,$70.70,$225.65,$300.77,1,Cable,1,1,17,$25.04,Covina,California,United States,Credit Card
2446-PLQVO,Churned,1,78,Other,Don't know,2,4512,32,Male,0,1,Month-to-Month,$70.30,$70.30,$75.97,1,Fiber Optic,1,1,7,$5.67,Santa Clarita,California,United States,Bank Withdrawal
1536-HBSWP,Joined,0,56,,,3,4667,33,Female,0,1,Month-to-Month,$49.90,$49.90,$64.83,1,DSL,1,1,4,$14.93,Terra Bella,California,United States,Bank Withdrawal
6416-JNVRK,Stayed,0,56,,,5,2867,50,Female,0,46,One Year,$55.65,"$2,688.85","$2,782.23",1,Cable,1,1,7,$2.03,Gardena,California,United States,Credit Card
1088-CNNKB,Stayed,0,56,,,3,5540,34,Male,0,63,One Year,$80.00,"$5,040.20","$7,183.46",1,DSL,1,1,18,$34.02,Campbell,California,United States,Credit Card
6532-YLWSI,Churned,1,78,Price,Price too high,3,4166,25,Female,0,53,One Year,$20.80,"$1,021.80","$3,027.85",0,,1,0,0,$37.85,Crescent Mills,California,United States,Bank Withdrawal
1535-VTJOQ,Stayed,0,56,,,5,3904,19,Female,0,24,Two Year,$25.15,$553.00,"$1,192.36",0,,1,0,0,$26.64,Thornton,California,United States,Credit Card
0420-BWTPW,Churned,1,78,Attitude,Attitude of support person,2,5578,40,Male,0,8,Month-to-Month,$25.50,$215.20,$215.20,1,DSL,0,1,16,$0.00,San Diego,California,United States,Mailed Check
2621-UDNLU,Joined,0,56,,,3,5867,35,Female,0,3,Month-to-Month,$20.85,$72.00,$107.31,0,,1,0,0,$11.77,San Francisco,California,United States,Credit Card
5321-NTRKC,Stayed,0,56,,,5,6236,25,Male,0,66,Two Year,$79.85,"$5,234.95","$7,545.61",1,DSL,1,1,59,$35.01,Pebble Beach,California,United States,Bank Withdrawal
2718-YSKCS,Stayed,0,56,,,5,6444,64,Male,0,71,Two Year,$19.60,"$1,387.45","$2,532.68",0,,1,0,0,$16.13,Tomales,California,United States,Bank Withdrawal
7549-MYGPK,Churned,1,79,Price,Price too high,2,5413,48,Female,0,63,Month-to-Month,$100.55,"$6,215.35","$6,781.09",1,Fiber Optic,1,0,16,$8.98,Mountain View,California,United States,Bank Withdrawal
2274-XUATA,Stayed,0,56,,,3,4933,78,Male,1,72,Two Year,$63.10,"$4,685.55","$4,685.55",1,Cable,0,1,26,$0.00,Earp,California,United States,Bank Withdrawal
7503-MIOGA,Stayed,0,56,,,3,5881,68,Female,1,72,Two Year,$89.85,"$6,697.35","$10,190.07",1,Cable,1,1,17,$48.51,Shandon,California,United States,Bank Withdrawal
4277-BWBML,Stayed,0,56,,,3,5092,48,Male,0,72,Two Year,$19.95,"$1,322.85","$1,937.01",0,,1,0,0,$8.53,Three Rivers,California,United States,Bank Withdrawal
6035-BXTTY,Stayed,0,56,,,5,4045,69,Female,1,32,One Year,$54.65,"$1,830.10","$2,477.54",1,DSL,1,0,14,$19.92,Rancho Santa Fe,California,United States,Bank Withdrawal
3567-PQTSO,Stayed,0,56,,,3,6365,40,Male,0,53,One Year,$105.25,"$5,576.30","$5,776.64",1,Fiber Optic,1,1,27,$3.78,Junction City,California,United States,Bank Withdrawal
6061-PQHMK,Stayed,0,56,,,5,3048,50,Female,0,25,One Year,$19.90,$527.50,$561.50,0,,1,0,0,$1.36,Los Angeles,California,United States,Credit Card
8914-RBTSB,Churned,1,79,Other,Don't know,1,4115,62,Male,0,31,Month-to-Month,$93.80,"$3,019.50","$3,135.22",1,Fiber Optic,1,0,17,$2.12,Valley Village,California,United States,Bank Withdrawal
5136-GFPMB,Stayed,0,56,,,5,5871,44,Male,0,54,Month-to-Month,$89.40,"$4,869.50","$6,776.78",1,Fiber Optic,1,1,15,$35.32,Spring Valley,California,United States,Credit Card
3230-IUALN,Stayed,0,56,,,3,2934,41,Female,0,45,Two Year,$81.00,"$3,533.60","$4,704.05",1,Cable,1,1,29,$26.01,Eureka,California,United States,Credit Card
3566-CAAYU,Stayed,0,56,,,5,5644,28,Female,0,64,Two Year,$49.85,"$3,210.35","$3,210.35",1,DSL,0,1,59,$0.00,Cayucos,California,United States,Bank Withdrawal
1024-KPRBB,Stayed,0,56,,,4,2675,63,Female,0,38,One Year,$89.10,"$3,342.00","$4,575.42",1,Fiber Optic,1,0,18,$30.09,San Diego,California,United States,Mailed Check
8184-WMOFI,Stayed,0,56,,,3,5327,47,Male,0,62,One Year,$71.40,"$4,487.30","$5,358.40",1,DSL,1,1,25,$14.05,Fresno,California,United States,Credit Card
4299-OPXEJ,Stayed,0,56,,,5,5764,57,Female,0,56,Two Year,$19.55,"$1,080.55","$1,858.39",0,,1,0,0,$13.89,Inglewood,California,United States,Bank Withdrawal
1513-XNPPH,Churned,1,79,Dissatisfaction,Product dissatisfaction,1,5047,36,Female,0,12,Month-to-Month,$89.40,"$1,095.65","$1,305.17",1,Fiber Optic,1,1,9,$17.46,Los Angeles,California,United States,Bank Withdrawal
1228-FZFRV,Churned,1,79,Price,Extra data charges,1,5536,37,Male,0,50,Month-to-Month,$105.95,"$5,341.80","$6,385.80",1,Fiber Optic,1,1,13,$20.88,Los Angeles,California,United States,Credit Card
3672-YITQD,Churned,1,79,Competitor,Competitor made better offer,1,2987,71,Male,1,36,Month-to-Month,$84.10,"$3,021.60","$4,161.00",1,Fiber Optic,1,1,15,$31.65,Castaic,California,United States,Bank Withdrawal
7663-YJHSN,Stayed,0,56,,,3,5096,33,Female,0,72,Two Year,$103.95,"$7,556.90","$10,814.34",1,Fiber Optic,1,0,8,$44.27,Moss Landing,California,United States,Bank Withdrawal
5766-XQXMQ,Churned,1,79,Competitor,Competitor made better offer,1,5449,45,Female,0,29,Month-to-Month,$68.85,"$1,970.50","$2,000.08",1,DSL,1,1,19,$1.02,Princeton,California,United States,Bank Withdrawal
2091-MJTFX,Churned,1,79,Dissatisfaction,Network reliability,3,4568,57,Female,0,30,Month-to-Month,$51.20,"$1,561.50","$1,561.50",1,DSL,0,1,12,$0.00,Auburn,California,United States,Credit Card
9625-QSTYE,Churned,1,79,Competitor,Competitor had better devices,1,4806,37,Female,0,13,Month-to-Month,$81.15,$952.30,"$1,002.22",1,Fiber Optic,1,1,4,$3.84,San Francisco,California,United States,Bank Withdrawal
7576-ASEJU,Stayed,0,56,,,4,5246,38,Female,0,41,One Year,$74.70,"$3,187.65","$4,219.21",1,DSL,1,1,11,$25.16,Azusa,California,United States,Credit Card
9277-JOOMO,Joined,0,56,,,4,5756,27,Female,0,3,Month-to-Month,$24.60,$86.35,$165.34,0,,1,0,0,$26.33,Garberville,California,United States,Credit Card
2609-IAICY,Churned,1,79,Dissatisfaction,Limited range of services,3,2756,32,Female,0,1,Month-to-Month,$77.15,$77.15,$114.85,1,Fiber Optic,1,0,19,$27.70,North Fork,California,United States,Bank Withdrawal
3594-IVHJZ,Joined,0,56,,,5,2606,31,Female,0,2,Month-to-Month,$20.45,$42.45,$136.83,0,,1,0,0,$47.19,French Gulch,California,United States,Mailed Check
8080-DDEMJ,Churned,1,79,Attitude,Attitude of support person,2,4499,71,Male,1,1,Month-to-Month,$45.10,$45.10,$60.38,1,Cable,1,1,14,$15.28,Glendale,California,United States,Bank Withdrawal
1258-YMZNM,Stayed,0,56,,,3,4997,70,Female,1,27,One Year,$110.50,"$2,857.60","$3,823.12",1,Fiber Optic,1,1,4,$35.76,Montara,California,United States,Bank Withdrawal
9975-GPKZU,Stayed,0,56,,,4,2610,62,Male,0,46,Two Year,$19.75,$856.50,"$1,209.32",0,,1,0,0,$7.67,Alameda,California,United States,Credit Card
7740-BTPUX,Stayed,0,56,,,5,5754,72,Male,1,55,Two Year,$113.60,"$6,292.70","$7,002.75",1,Fiber Optic,1,1,21,$12.91,Manchester,California,United States,Bank Withdrawal
1320-HTRDR,Churned,1,79,Attitude,Attitude of service provider,2,5948,30,Female,0,3,Month-to-Month,$75.50,$220.60,$363.13,1,Fiber Optic,1,1,85,$47.51,Fellows,California,United States,Bank Withdrawal
7781-EWARA,Stayed,0,56,,,3,4122,19,Male,0,70,One Year,$60.35,"$4,138.70","$4,089.47",1,Cable,0,1,47,$0.00,Big Bend,California,United States,Bank Withdrawal
7562-UXTPG,Stayed,0,56,,,4,2992,40,Female,0,13,Month-to-Month,$70.15,$886.70,"$1,217.86",1,Fiber Optic,1,1,28,$26.13,Canoga Park,California,United States,Credit Card
5232-NXPAY,Stayed,0,55,,,3,3459,33,Female,0,47,Two Year,$74.45,"$3,510.30","$3,673.39",1,DSL,1,1,12,$3.47,Hilmar,California,United States,Credit Card
3454-JFUBC,Stayed,0,55,,,5,6136,66,Male,1,68,Two Year,$20.00,"$1,396.00","$2,108.64",0,,1,0,0,$10.48,Pala,California,United States,Credit Card
2541-YGPKE,Stayed,0,55,,,4,3764,29,Male,0,42,One Year,$63.70,"$2,763.35","$4,651.25",1,DSL,1,1,69,$44.95,Lemon Cove,California,United States,Credit Card
3798-EPWRR,Joined,0,55,,,5,4057,74,Female,1,2,Month-to-Month,$43.95,$85.10,$123.28,1,DSL,1,1,30,$19.09,Beverly Hills,California,United States,Bank Withdrawal
1122-YJBCS,Stayed,0,55,,,3,6092,36,Male,0,69,One Year,$53.65,"$3,804.40","$4,782.82",1,DSL,1,1,16,$14.18,Los Angeles,California,United States,Credit Card
0409-WTMPL,Stayed,0,55,,,3,4761,35,Female,0,58,One Year,$110.65,"$6,526.65","$8,727.75",1,Fiber Optic,1,1,18,$37.95,Whittier,California,United States,Credit Card
8573-CGOCC,Stayed,0,55,,,5,5433,48,Male,0,16,Month-to-Month,$19.75,$294.90,$691.54,0,,1,0,0,$24.79,Stockton,California,United States,Credit Card
5842-POCOP,Churned,1,79,Competitor,Competitor offered higher download speeds,1,4356,37,Female,0,5,Month-to-Month,$88.90,$454.15,$662.00,1,Cable,1,1,27,$41.57,Randsburg,California,United States,Mailed Check
1676-MQAOA,Stayed,0,55,,,3,6284,32,Male,0,72,Two Year,$75.10,"$5,336.35","$6,418.51",1,Cable,1,1,22,$15.03,North Hollywood,California,United States,Bank Withdrawal
8167-GJLRN,Joined,0,55,,,4,3108,19,Male,0,3,Month-to-Month,$30.40,$82.15,$82.15,1,DSL,0,1,59,$0.00,La Crescenta,California,United States,Bank Withdrawal
7153-OANIO,Churned,1,79,Other,Moved,1,5066,48,Male,0,1,Month-to-Month,$69.95,$69.95,$97.53,1,Fiber Optic,1,1,16,$27.58,Mendocino,California,United States,Bank Withdrawal
5813-UECBU,Churned,1,79,Competitor,Competitor made better offer,2,2583,78,Male,1,33,Month-to-Month,$83.85,"$2,716.30","$3,987.79",1,Fiber Optic,1,1,2,$38.53,Bridgeville,California,United States,Credit Card
3519-ZKXGG,Churned,1,79,Competitor,Competitor offered more data,2,4062,61,Female,0,3,Month-to-Month,$75.85,$256.60,$389.62,1,Fiber Optic,1,1,29,$44.34,San Francisco,California,United States,Bank Withdrawal
6661-HBGWL,Churned,1,79,Dissatisfaction,Network reliability,1,2984,69,Female,1,42,Month-to-Month,$104.75,"$4,323.45","$5,004.69",1,Fiber Optic,1,1,12,$16.22,Mineral,California,United States,Bank Withdrawal
8677-HDZEE,Stayed,0,55,,,3,4212,42,Female,0,56,Month-to-Month,$105.45,"$5,916.95","$6,056.95",1,Fiber Optic,1,1,3,$2.50,Mountain Center,California,United States,Bank Withdrawal
8219-VYBVI,Stayed,0,55,,,4,4295,52,Male,0,39,Two Year,$25.00,"$1,004.35","$2,952.40",0,,1,0,0,$49.95,Rancho Santa Fe,California,United States,Credit Card
2038-OEQZH,Stayed,0,55,,,5,3653,63,Male,0,4,Month-to-Month,$86.05,$308.10,$485.54,1,Fiber Optic,1,1,20,$44.36,Menifee,California,United States,Bank Withdrawal
6303-KFWSL,Stayed,0,55,,,4,5481,28,Female,0,29,One Year,$55.25,"$1,620.20","$2,761.35",1,DSL,1,1,69,$39.35,Los Angeles,California,United States,Bank Withdrawal
4929-BSTRX,Churned,1,79,Price,Lack of affordable download/upload speed,1,2326,61,Female,0,1,Month-to-Month,$53.55,$53.55,$55.14,1,Cable,1,1,14,$1.59,Oxnard,California,United States,Credit Card
3125-RAHBV,Stayed,0,55,,,4,2768,24,Male,0,22,One Year,$20.30,$467.15,$973.81,0,,1,0,0,$23.03,Rocklin,California,United States,Credit Card
8413-YNHNV,Stayed,0,55,,,3,6487,42,Male,0,69,Two Year,$90.65,"$6,322.10","$9,594.77",1,DSL,1,1,22,$47.43,Oakland,California,United States,Credit Card
3230-WYKIR,Churned,1,79,Dissatisfaction,Product dissatisfaction,1,3306,36,Male,0,18,One Year,$82.00,"$1,425.45","$1,650.45",1,DSL,1,1,5,$12.50,San Francisco,California,United States,Credit Card
0048-LUMLS,Stayed,0,55,,,5,5263,23,Male,0,37,One Year,$91.20,"$3,247.55","$4,838.92",1,Fiber Optic,1,1,51,$43.01,Moss Beach,California,United States,Credit Card
7665-TOALD,Churned,1,79,Competitor,Competitor made better offer,1,2412,25,Female,0,1,Month-to-Month,$69.60,$69.60,$83.79,1,Fiber Optic,1,1,59,$14.19,Temecula,California,United States,Bank Withdrawal
9919-KNPOO,Stayed,0,55,,,3,2058,60,Female,0,21,Month-to-Month,$94.30,"$1,948.35","$2,559.21",1,Fiber Optic,1,0,8,$27.66,La Mirada,California,United States,Bank Withdrawal
3327-YBAKM,Stayed,0,55,,,3,5369,31,Female,0,64,One Year,$96.90,"$6,314.35","$7,531.06",1,Fiber Optic,1,1,21,$19.22,San Diego,California,United States,Credit Card
4282-MSACW,Stayed,0,55,,,3,4629,39,Male,0,68,One Year,$117.20,"$8,035.95","$10,257.51",1,Fiber Optic,1,1,3,$32.67,Tahoe City,California,United States,Credit Card
9924-JPRMC,Stayed,0,55,,,3,4886,60,Male,0,72,Two Year,$118.20,"$8,547.15","$11,174.43",1,Fiber Optic,1,1,27,$36.49,Lockeford,California,United States,Bank Withdrawal
2049-BAFNW,Joined,0,55,,,5,3929,60,Female,0,1,Month-to-Month,$35.90,$35.90,$35.90,1,DSL,0,1,7,$0.00,Vallejo,California,United States,Credit Card
1839-UMACK,Stayed,0,55,,,5,3756,20,Male,0,42,One Year,$25.05,$949.85,"$2,110.73",0,,1,0,0,$27.64,Pasadena,California,United States,Bank Withdrawal
4999-IEZLT,Stayed,0,55,,,3,5112,45,Male,0,66,One Year,$29.45,"$1,983.15","$1,983.15",1,Cable,0,1,15,$0.00,Susanville,California,United States,Credit Card
7526-IVLYU,Joined,0,55,,,5,4852,46,Male,0,3,Month-to-Month,$19.65,$68.35,$175.12,0,,1,0,0,$35.59,San Francisco,California,United States,Credit Card
0704-VCUMB,Stayed,0,55,,,3,5974,64,Female,0,61,Two Year,$20.25,"$1,278.80","$1,940.99",0,,1,0,0,$10.94,San Diego,California,United States,Credit Card
7096-ZNBZI,Stayed,0,55,,,4,5534,21,Female,0,72,Two Year,$26.45,"$1,914.50","$3,514.34",0,,1,0,0,$22.22,Studio City,California,United States,Credit Card
9701-CDXHR,Stayed,0,55,,,4,5187,63,Female,0,51,Month-to-Month,$69.15,"$3,649.60","$6,093.36",1,Fiber Optic,1,0,13,$45.76,Fallbrook,California,United States,Credit Card
3006-XIMLN,Churned,1,79,Dissatisfaction,Lack of self-service on Website,2,5299,34,Female,0,2,Month-to-Month,$94.20,$193.80,$279.58,1,Fiber Optic,1,1,13,$42.89,Garden Valley,California,United States,Bank Withdrawal
9470-YFUYI,Stayed,0,55,,,3,5247,69,Male,1,71,One Year,$71.00,"$5,012.10","$5,817.95",1,DSL,1,1,24,$11.35,Redway,California,United States,Bank Withdrawal
8309-PPCED,Stayed,0,55,,,4,6030,33,Female,0,72,Two Year,$110.45,"$7,982.50","$11,311.06",1,Fiber Optic,1,1,18,$46.23,Nipomo,California,United States,Bank Withdrawal
7881-EVUAD,Churned,1,79,Competitor,Competitor offered more data,2,4648,49,Female,0,2,Month-to-Month,$42.60,$72.40,$72.40,1,DSL,0,1,21,$0.00,Oroville,California,United States,Bank Withdrawal
2067-QYTCF,Stayed,0,55,,,4,5455,41,Female,0,64,Month-to-Month,$111.15,"$6,953.40","$7,503.80",1,Fiber Optic,1,1,21,$8.60,Los Angeles,California,United States,Bank Withdrawal
1837-YQUCE,Stayed,0,55,,,3,4093,54,Female,0,70,Two Year,$58.35,"$4,214.25","$4,214.25",1,DSL,0,1,13,$0.00,Buena Park,California,United States,Bank Withdrawal
3001-CBHLQ,Churned,1,79,Attitude,Attitude of support person,1,3966,76,Male,1,32,Month-to-Month,$104.90,"$3,351.55","$4,710.14",1,Fiber Optic,1,1,22,$43.51,Angels Camp,California,United States,Bank Withdrawal
1449-XQEMT,Churned,1,79,Price,Long distance charges,1,4323,33,Male,0,3,Month-to-Month,$19.80,$58.15,$103.51,0,,1,0,0,$15.12,Susanville,California,United States,Mailed Check
6356-ELRKD,Churned,1,79,Other,Don't know,2,4091,29,Female,0,1,Month-to-Month,$95.60,$95.60,$102.27,1,Fiber Optic,1,1,27,$6.67,Rancho Mirage,California,United States,Bank Withdrawal
2538-OIMXF,Joined,0,55,,,5,3065,29,Female,0,1,Month-to-Month,$24.70,$24.70,$94.70,1,Cable,0,0,48,$0.00,Cathedral City,California,United States,Credit Card
1596-BBVTG,Churned,1,79,Other,Poor expertise of online support,3,2785,53,Male,0,35,Month-to-Month,$75.35,"$2,636.05","$3,512.45",1,Fiber Optic,1,1,21,$25.04,San Dimas,California,United States,Credit Card
0203-HHYIJ,Churned,1,79,Price,Long distance charges,3,3779,62,Male,0,25,One Year,$25.30,$676.35,$815.60,0,,1,0,0,$5.57,Atherton,California,United States,Bank Withdrawal
8663-UPDGF,Stayed,0,55,,,4,3866,54,Female,0,26,Month-to-Month,$69.50,"$1,800.05","$2,460.45",1,DSL,1,1,10,$25.40,Whittier,California,United States,Bank Withdrawal
2240-HSJQD,Stayed,0,55,,,5,3571,44,Male,0,38,Month-to-Month,$81.85,"$3,141.70","$3,189.96",1,Fiber Optic,1,1,13,$1.27,La Mesa,California,United States,Credit Card
1092-WPIVQ,Stayed,0,55,,,4,3675,33,Female,0,18,Two Year,$25.10,$428.45,"$1,125.96",0,,1,0,0,$39.56,French Gulch,California,United States,Credit Card
7576-JMYWV,Stayed,0,55,,,3,4162,76,Female,1,46,Two Year,$110.20,"$4,972.10","$5,911.42",1,Fiber Optic,1,1,16,$20.42,San Martin,California,United States,Bank Withdrawal
4445-KWOKW,Stayed,0,55,,,3,5988,23,Female,0,42,One Year,$60.15,"$2,421.60","$3,658.08",1,Cable,1,1,41,$29.44,Potrero,California,United States,Bank Withdrawal
6701-DHKWQ,Stayed,0,55,,,3,4159,38,Female,0,61,Two Year,$51.35,"$3,244.40","$3,244.40",1,DSL,0,1,17,$0.00,Montrose,California,United States,Credit Card
6629-CZTTH,Churned,1,79,Dissatisfaction,Product dissatisfaction,1,4629,62,Male,0,1,Month-to-Month,$55.70,$55.70,$103.92,1,Cable,1,1,22,$48.22,Orange,California,United States,Credit Card
0637-KVDLV,Churned,1,80,Other,Don't know,1,5944,30,Male,0,2,Month-to-Month,$76.50,$162.45,$196.89,1,Fiber Optic,1,1,30,$17.22,Elk Grove,California,United States,Bank Withdrawal
8069-YQQAJ,Stayed,0,55,,,5,3448,63,Male,0,14,Month-to-Month,$31.10,$419.70,$419.70,1,Cable,0,1,12,$0.00,Studio City,California,United States,Mailed Check
7771-ZONAT,Stayed,0,55,,,4,4574,62,Male,0,22,Two Year,$56.75,"$1,304.85","$1,304.85",1,DSL,0,1,19,$0.00,Woodacre,California,United States,Bank Withdrawal
4361-BKAXE,Churned,1,80,Competitor,Competitor made better offer,1,3038,23,Female,0,41,Month-to-Month,$114.50,"$4,527.45","$5,411.41",1,Fiber Optic,1,1,59,$21.56,Boulder Creek,California,United States,Bank Withdrawal
1133-KXCGE,Stayed,0,55,,,4,2910,38,Female,0,18,One Year,$20.10,$407.05,$745.45,0,,1,0,0,$18.80,Palmdale,California,United States,Mailed Check
9725-SCPZG,Churned,1,80,Price,Price too high,3,5086,47,Male,0,1,Month-to-Month,$90.85,$90.85,$91.98,1,Fiber Optic,1,1,6,$1.13,South Lake Tahoe,California,United States,Bank Withdrawal
0851-DFJKB,Stayed,0,55,,,4,4497,57,Female,0,15,Month-to-Month,$58.95,$955.15,"$1,413.25",1,DSL,1,1,11,$30.54,Concord,California,United States,Bank Withdrawal
3148-BLQJT,Churned,1,80,Competitor,Competitor made better offer,1,5747,33,Male,0,1,Month-to-Month,$20.10,$20.10,$36.91,0,,1,0,0,$16.81,Fallbrook,California,United States,Credit Card
9546-CQJSU,Churned,1,80,Competitor,Competitor had better devices,1,5100,50,Female,0,2,Month-to-Month,$91.40,$193.60,$272.84,1,Fiber Optic,1,1,7,$39.62,Soda Springs,California,United States,Bank Withdrawal
1932-UEDCX,Stayed,0,55,,,4,3669,79,Male,1,33,Month-to-Month,$100.60,"$3,270.25","$4,725.55",1,Fiber Optic,1,1,22,$44.10,Manchester,California,United States,Bank Withdrawal
2826-UWHIS,Stayed,0,55,,,5,5602,64,Male,0,45,Month-to-Month,$81.40,"$3,775.85","$3,847.40",1,Fiber Optic,1,1,19,$1.59,Sequoia National Park,California,United States,Bank Withdrawal
7285-KLOTR,Stayed,0,55,,,3,2495,46,Female,0,12,One Year,$78.85,$876.75,"$1,177.83",1,Cable,1,1,17,$25.09,Pacifica,California,United States,Bank Withdrawal
3831-YCPUO,Stayed,0,55,,,3,6419,38,Female,0,72,Two Year,$109.50,"$7,854.90","$10,175.46",1,Fiber Optic,1,1,19,$32.23,Glencoe,California,United States,Credit Card
0013-MHZWF,Stayed,0,55,,,3,5108,23,Female,0,9,Month-to-Month,$69.40,$571.45,$722.38,1,Cable,1,1,73,$16.77,Midpines,California,United States,Credit Card
3521-SYVOR,Churned,1,80,Attitude,Attitude of support person,1,5554,26,Female,0,37,Month-to-Month,$64.75,"$2,345.20","$2,466.19",1,Cable,1,1,71,$3.27,San Diego,California,United States,Bank Withdrawal
8100-HZZLJ,Stayed,0,55,,,3,4205,26,Female,0,43,Month-to-Month,$63.95,"$2,737.05","$2,977.85",1,Cable,1,1,30,$5.60,Indio,California,United States,Bank Withdrawal
0461-CVKMU,Churned,1,80,Attitude,Attitude of support person,1,5737,45,Female,0,23,Month-to-Month,$83.80,"$1,900.25","$2,792.88",1,Fiber Optic,1,1,28,$38.81,Oak Run,California,United States,Bank Withdrawal
3027-ZTDHO,Churned,1,80,Other,Don't know,1,5951,21,Male,0,1,Month-to-Month,$89.90,$89.90,$122.75,1,Fiber Optic,1,1,53,$32.85,Fresno,California,United States,Bank Withdrawal
1027-LKKQQ,Stayed,0,54,,,3,4480,35,Female,0,72,Two Year,$80.45,"$5,886.85","$6,819.97",1,DSL,1,1,56,$12.96,Plymouth,California,United States,Bank Withdrawal
0330-BGYZE,Stayed,0,54,,,5,4968,48,Male,0,60,One Year,$102.50,"$6,157.60","$7,310.80",1,Fiber Optic,1,1,4,$19.22,Milford,California,United States,Bank Withdrawal
9372-TXXPS,Stayed,0,54,,,3,4029,49,Female,0,60,Two Year,$59.85,"$3,483.45","$5,967.45",1,Cable,1,1,21,$41.40,Burson,California,United States,Bank Withdrawal
9027-YFHQJ,Stayed,0,54,,,5,4868,26,Male,0,7,Month-to-Month,$25.05,$152.95,$468.86,0,,1,0,0,$45.13,San Francisco,California,United States,Bank Withdrawal
0621-CXBKL,Stayed,0,54,,,5,4116,62,Female,0,53,Two Year,$18.70,"$1,005.70","$1,552.66",0,,1,0,0,$10.32,Copperopolis,California,United States,Mailed Check
9689-PTNPG,Churned,1,80,Competitor,Competitor made better offer,1,5055,42,Male,0,2,Month-to-Month,$80.25,$144.55,$232.61,1,Fiber Optic,1,0,30,$39.03,San Diego,California,United States,Bank Withdrawal
9282-IZGQK,Churned,1,80,Other,Don't know,3,5679,51,Female,0,1,Month-to-Month,$85.00,$85.00,$115.52,1,Fiber Optic,1,1,30,$30.52,Irvine,California,United States,Bank Withdrawal
2481-SBOYW,Stayed,0,54,,,4,4673,62,Female,0,61,Two Year,$25.00,"$1,498.35","$3,453.40",0,,1,0,0,$32.05,San Bernardino,California,United States,Credit Card
5307-UVGNB,Stayed,0,54,,,4,4116,40,Female,0,53,Month-to-Month,$48.70,"$2,495.20","$2,495.20",1,Cable,0,1,25,$0.00,Compton,California,United States,Bank Withdrawal
5997-OPVFA,Stayed,0,54,,,4,6212,39,Male,0,72,Two Year,$89.05,"$6,254.45","$6,690.05",1,Cable,1,1,30,$6.05,Montrose,California,United States,Bank Withdrawal
5117-ZSMHQ,Stayed,0,54,,,5,5835,22,Female,0,71,Two Year,$89.90,"$6,342.70","$9,160.17",1,DSL,1,0,85,$37.57,Pioneer,California,United States,Bank Withdrawal
4821-SJHJV,Stayed,0,54,,,4,4444,25,Female,0,32,Month-to-Month,$89.60,"$2,901.80","$4,453.48",1,Fiber Optic,1,1,82,$48.49,Calipatria,California,United States,Bank Withdrawal
1971-DTCZB,Stayed,0,54,,,3,6091,52,Female,0,72,Two Year,$90.95,"$6,468.60","$9,538.68",1,DSL,1,1,15,$42.64,Yreka,California,United States,Bank Withdrawal
6985-HAYWX,Stayed,0,54,,,3,5168,50,Female,0,26,Month-to-Month,$79.30,"$2,015.80","$2,993.40",1,Fiber Optic,1,1,10,$37.60,Hughson,California,United States,Bank Withdrawal
8410-BGQXN,Stayed,0,54,,,5,4402,26,Male,0,4,Month-to-Month,$19.40,$93.40,$183.56,0,,1,0,0,$22.54,Angels Camp,California,United States,Credit Card
6374-NTQLP,Stayed,0,54,,,3,5092,67,Male,1,72,Two Year,$104.10,"$7,447.70","$8,698.74",1,Fiber Optic,1,0,25,$16.82,Trinity Center,California,United States,Credit Card
8565-WUXZU,Stayed,0,54,,,4,4240,77,Male,1,72,Two Year,$84.80,"$6,141.65","$6,538.37",1,Fiber Optic,1,1,2,$5.51,Vina,California,United States,Credit Card
9848-JQJTX,Stayed,0,54,,,3,5781,52,Male,0,72,Two Year,$100.90,"$7,459.05","$9,225.21",1,Fiber Optic,1,1,12,$24.53,Venice,California,United States,Bank Withdrawal
1818-ESQMW,Stayed,0,54,,,3,4384,31,Female,0,27,Month-to-Month,$89.20,"$2,383.60","$3,453.34",1,Fiber Optic,1,1,2,$39.62,San Joaquin,California,United States,Bank Withdrawal
3841-CONLJ,Joined,0,54,,,3,4099,33,Female,0,1,Month-to-Month,$35.00,$35.00,$35.00,1,DSL,0,1,14,$0.00,Morro Bay,California,United States,Bank Withdrawal
5630-AHZIL,Joined,0,54,,,3,5613,51,Female,0,3,Month-to-Month,$64.50,$177.40,$356.05,1,DSL,1,0,56,$39.55,El Segundo,California,United States,Bank Withdrawal
7299-GNVPL,Stayed,0,54,,,3,2177,19,Female,0,23,Month-to-Month,$84.40,"$1,936.85","$2,563.37",1,Fiber Optic,1,1,82,$27.24,El Portal,California,United States,Mailed Check
5229-PRWKT,Churned,1,80,Attitude,Attitude of service provider,3,4193,47,Male,0,8,Month-to-Month,$86.55,$649.65,$847.73,1,Fiber Optic,1,1,2,$24.76,Lompoc,California,United States,Bank Withdrawal
2144-BFDSO,Stayed,0,54,,,3,5211,70,Female,1,50,Month-to-Month,$108.75,"$5,431.90","$5,890.90",1,Fiber Optic,1,1,2,$9.18,Ranchita,California,United States,Bank Withdrawal
0369-ZGOVK,Stayed,0,54,,,3,5195,56,Female,0,28,One Year,$70.40,"$1,992.20","$2,354.52",1,Fiber Optic,1,1,24,$12.94,Cypress,California,United States,Bank Withdrawal
6120-RJKLU,Stayed,0,54,,,4,6488,69,Female,1,62,Two Year,$79.95,"$4,819.75","$6,346.19",1,DSL,1,1,29,$24.62,Sierra Madre,California,United States,Credit Card
7538-GWHML,Churned,1,80,Competitor,Competitor made better offer,2,2323,52,Female,0,2,Month-to-Month,$69.65,$145.15,$160.43,1,Fiber Optic,1,1,27,$7.64,Lemon Cove,California,United States,Bank Withdrawal
1559-DTODC,Stayed,0,54,,,4,3784,37,Male,0,19,Month-to-Month,$25.15,$468.35,$468.35,1,DSL,0,1,6,$0.00,Santa Barbara,California,United States,Bank Withdrawal
0979-PHULV,Churned,1,80,Competitor,Competitor made better offer,3,4020,30,Male,0,69,Month-to-Month,$99.45,"$7,007.60","$10,374.80",1,Fiber Optic,1,1,26,$48.80,San Diego,California,United States,Credit Card
1730-VFMWO,Stayed,0,54,,,5,4352,33,Female,0,34,Month-to-Month,$50.20,"$1,815.30","$3,198.08",1,DSL,1,1,7,$40.67,Petaluma,California,United States,Bank Withdrawal
2294-SALNE,Stayed,0,54,,,4,3200,51,Male,0,23,One Year,$86.80,"$1,940.80","$2,413.29",1,Fiber Optic,1,0,22,$16.63,Chula Vista,California,United States,Credit Card
9537-JALFH,Stayed,0,54,,,3,6058,49,Male,0,69,Two Year,$19.90,"$1,356.70","$3,301.81",0,,1,0,0,$28.19,Imperial,California,United States,Bank Withdrawal
1571-SAVHK,Churned,1,80,Competitor,Competitor had better devices,1,5598,20,Male,0,12,Month-to-Month,$99.95,"$1,132.75","$1,590.67",1,Fiber Optic,1,0,42,$28.16,Meadow Vista,California,United States,Credit Card
7727-SHVZV,Stayed,0,54,,,4,4883,56,Female,0,9,Month-to-Month,$19.50,$150.35,$544.82,0,,1,0,0,$43.83,Chico,California,United States,Bank Withdrawal
2506-CLAKW,Churned,1,80,Attitude,Attitude of support person,1,3578,20,Female,0,6,Month-to-Month,$98.15,$567.45,$689.01,1,Fiber Optic,1,1,26,$20.26,Ventura,California,United States,Bank Withdrawal
4795-WRNVT,Stayed,0,54,,,3,3885,32,Female,0,40,Month-to-Month,$65.10,"$2,586.00","$3,048.40",1,DSL,1,1,26,$11.56,Pomona,California,United States,Credit Card
0835-JKADZ,Stayed,0,54,,,4,4361,29,Female,0,71,Two Year,$111.25,"$7,984.15","$10,960.47",1,Fiber Optic,1,1,53,$41.92,San Francisco,California,United States,Bank Withdrawal
1183-CANVH,Stayed,0,54,,,4,3835,55,Female,0,23,One Year,$60.00,"$1,347.15","$1,379.12",1,DSL,1,1,18,$1.39,Escondido,California,United States,Bank Withdrawal
3870-SPZSI,Stayed,0,54,,,5,4203,56,Female,0,70,Two Year,$113.05,"$7,869.05","$10,196.55",1,Fiber Optic,1,1,15,$33.25,Wilton,California,United States,Credit Card
8739-XNIKG,Stayed,0,54,,,4,4456,29,Female,0,5,Month-to-Month,$84.00,$424.75,$667.20,1,Fiber Optic,1,1,85,$48.49,Bakersfield,California,United States,Bank Withdrawal
0308-GIQJT,Stayed,0,54,,,4,4921,80,Male,1,71,One Year,$105.75,"$7,382.85","$7,815.95",1,Fiber Optic,1,1,9,$6.10,San Diego,California,United States,Bank Withdrawal
4695-WJZUE,Churned,1,80,Competitor,Competitor had better devices,1,3685,68,Female,1,2,Month-to-Month,$88.55,$179.25,$222.39,1,Fiber Optic,1,1,28,$21.57,Irvine,California,United States,Bank Withdrawal
4203-QGNZA,Stayed,0,54,,,5,4476,27,Female,0,28,Month-to-Month,$20.25,$535.35,"$1,265.87",0,,1,0,0,$26.09,Los Angeles,California,United States,Credit Card
3948-XHGNA,Churned,1,80,Other,Don't know,1,5005,35,Male,0,24,Month-to-Month,$49.55,"$1,210.40","$1,555.76",1,DSL,1,1,28,$14.39,San Diego,California,United States,Bank Withdrawal
7814-LEEVE,Joined,0,54,,,5,4215,60,Female,0,1,Month-to-Month,$20.30,$20.30,$26.94,0,,1,0,0,$6.64,Grass Valley,California,United States,Bank Withdrawal
4130-MZLCC,Stayed,0,54,,,3,2739,24,Female,0,5,Month-to-Month,$50.55,$244.75,$459.85,1,DSL,1,1,42,$43.02,Temple City,California,United States,Bank Withdrawal
6345-FZOQH,Stayed,0,54,,,5,5570,40,Male,0,69,Two Year,$19.90,"$1,363.45","$3,492.79",0,,1,0,0,$30.86,La Canada Flintridge,California,United States,Credit Card
8722-NGNBH,Churned,1,80,Competitor,Competitor had better devices,1,3125,25,Male,0,5,Month-to-Month,$40.00,$223.45,$223.45,1,Cable,0,1,59,$0.00,Walnut,California,United States,Credit Card
1360-JYXKQ,Stayed,0,54,,,5,4118,68,Female,1,54,One Year,$99.10,"$5,437.10","$6,627.80",1,Fiber Optic,1,1,17,$22.05,South Gate,California,United States,Bank Withdrawal
1453-RZFON,Joined,0,54,,,3,5969,39,Female,0,1,Month-to-Month,$49.90,$49.90,$58.90,1,Cable,1,1,53,$9.00,Cantua Creek,California,United States,Credit Card
3724-BSCVH,Stayed,0,54,,,4,4613,37,Male,0,10,One Year,$20.45,$242.40,$618.30,0,,1,0,0,$37.59,Mecca,California,United States,Credit Card
8910-ICHIU,Stayed,0,54,,,3,4727,27,Female,0,46,One Year,$95.65,"$4,664.20","$6,071.80",1,Fiber Optic,1,1,59,$30.60,Essex,California,United States,Credit Card
6625-IUTTT,Stayed,0,54,,,4,6035,29,Male,0,67,Two Year,$65.55,"$4,361.55","$7,734.13",1,Cable,1,0,41,$49.74,Fremont,California,United States,Bank Withdrawal
8063-GBATB,Churned,1,80,Competitor,Competitor had better devices,1,5172,74,Female,1,27,Month-to-Month,$85.25,"$2,287.25","$3,128.84",1,Fiber Optic,1,1,25,$31.17,Cobb,California,United States,Bank Withdrawal
2712-SYWAY,Joined,0,54,,,3,5249,30,Female,0,1,Month-to-Month,$25.70,$25.70,$69.54,0,,1,0,0,$43.84,Creston,California,United States,Bank Withdrawal
5935-FCCNB,Stayed,0,54,,,4,4425,79,Female,1,17,Two Year,$94.20,"$1,608.15","$2,118.98",1,Fiber Optic,1,1,11,$32.19,Downey,California,United States,Bank Withdrawal
0068-FIGTF,Stayed,0,54,,,3,2297,20,Female,0,27,One Year,$78.20,"$2,078.95","$3,399.52",1,DSL,1,1,59,$48.91,Fremont,California,United States,Credit Card
7353-YOWFP,Stayed,0,54,,,5,4208,41,Female,0,7,One Year,$20.25,$129.15,$406.28,0,,1,0,0,$39.59,Brookdale,California,United States,Credit Card
6877-TJMBR,Churned,1,80,Dissatisfaction,Network reliability,3,2627,21,Male,0,1,Month-to-Month,$84.80,$84.80,$122.63,1,Fiber Optic,1,1,51,$37.83,Orinda,California,United States,Bank Withdrawal
5960-WPXQM,Churned,1,80,Competitor,Competitor made better offer,1,3555,24,Male,0,1,Month-to-Month,$79.05,$79.05,$110.39,1,Fiber Optic,1,1,52,$31.34,Temecula,California,United States,Bank Withdrawal
2929-ERCFZ,Churned,1,80,Competitor,Competitor had better devices,1,2939,22,Female,0,8,Month-to-Month,$94.20,$777.30,"$1,087.94",1,Fiber Optic,1,1,76,$38.83,Independence,California,United States,Bank Withdrawal
2239-CFOUJ,Joined,0,54,,,4,4540,27,Male,0,1,One Year,$20.40,$20.40,$47.90,0,,1,0,0,$27.50,Trinidad,California,United States,Credit Card
9039-RBEEE,Churned,1,80,Price,Price too high,1,3080,27,Male,0,39,Month-to-Month,$48.95,"$1,880.85","$1,880.85",1,Cable,0,1,48,$0.00,Santa Clara,California,United States,Credit Card
8861-HGGKB,Churned,1,80,Competitor,Competitor made better offer,2,5699,57,Female,0,10,Month-to-Month,$86.45,$830.85,"$1,007.35",1,Fiber Optic,1,1,20,$17.65,San Diego,California,United States,Bank Withdrawal
6654-QGBZZ,Joined,0,54,,,5,5057,21,Female,0,1,Month-to-Month,$19.90,$19.90,$21.40,0,,1,0,0,$1.50,Nevada City,California,United States,Credit Card
6169-PGNCD,Stayed,0,54,,,4,5741,61,Female,0,57,Two Year,$74.30,"$4,166.35","$4,534.00",1,DSL,1,1,3,$6.45,Westwood,California,United States,Credit Card
3810-DVDQQ,Stayed,0,54,,,3,6173,28,Female,0,72,Two Year,$117.60,"$8,308.90","$11,688.90",1,Fiber Optic,1,1,48,$47.02,Shasta Lake,California,United States,Bank Withdrawal
7318-EIVKO,Stayed,0,54,,,3,3003,38,Male,0,8,Month-to-Month,$59.25,$436.60,$822.20,1,DSL,1,1,22,$48.20,Shandon,California,United States,Bank Withdrawal
1338-CECEE,Stayed,0,54,,,4,3877,28,Male,0,41,One Year,$68.50,"$2,839.95","$3,358.36",1,DSL,1,1,51,$13.58,Mount Hermon,California,United States,Bank Withdrawal
2812-ENYMO,Stayed,0,54,,,4,4296,22,Male,0,26,One Year,$54.55,"$1,362.85","$1,362.85",1,Cable,0,1,82,$0.00,Orick,California,United States,Credit Card
9430-FRQOC,Churned,1,80,Competitor,Competitor made better offer,2,5587,33,Female,0,4,Month-to-Month,$87.10,$341.45,$471.29,1,Fiber Optic,1,1,3,$32.46,San Diego,California,United States,Mailed Check
8809-XKHMD,Stayed,0,54,,,5,6082,62,Male,0,72,Two Year,$100.55,"$7,325.10","$10,481.58",1,Fiber Optic,1,1,15,$43.84,Sacramento,California,United States,Bank Withdrawal
7402-EYFXX,Stayed,0,54,,,5,4030,65,Male,1,26,Two Year,$93.60,"$2,404.10","$3,055.14",1,Fiber Optic,1,1,9,$25.04,Salyer,California,United States,Bank Withdrawal
4817-KEQSP,Stayed,0,54,,,4,6342,43,Female,0,71,Two Year,$19.85,"$1,326.35","$2,521.99",0,,1,0,0,$16.84,Temecula,California,United States,Bank Withdrawal
4770-QAZXN,Stayed,0,54,,,5,2783,42,Female,0,13,Month-to-Month,$19.45,$232.10,$834.00,0,,1,0,0,$46.30,Tomales,California,United States,Credit Card
8242-SOQUO,Stayed,0,54,,,4,2660,73,Female,1,5,One Year,$84.70,$392.50,$422.40,1,Fiber Optic,1,1,4,$14.22,Oakland,California,United States,Bank Withdrawal
3486-KHMLI,Stayed,0,54,,,4,5403,53,Male,0,21,Month-to-Month,$24.70,$467.15,"$1,123.61",0,,1,0,0,$31.26,Adelanto,California,United States,Credit Card
0979-MOZQI,Stayed,0,54,,,4,4987,61,Male,0,62,Two Year,$39.00,"$2,337.45","$2,337.45",1,Cable,0,1,4,$0.00,Monterey,California,United States,Bank Withdrawal
9560-BBZXK,Stayed,0,54,,,4,4871,61,Female,0,36,Two Year,$31.05,"$1,126.35","$1,126.35",1,Cable,0,1,27,$0.00,Whittier,California,United States,Bank Withdrawal
6972-SNKKW,Stayed,0,53,,,3,3142,60,Female,0,6,Month-to-Month,$20.00,$109.20,$393.96,0,,1,0,0,$47.46,Chester,California,United States,Mailed Check
3249-VHRIP,Stayed,0,53,,,4,4507,38,Female,0,62,Two Year,$43.60,"$2,748.70","$2,748.70",1,Cable,0,1,30,$0.00,Fiddletown,California,United States,Credit Card
6390-DSAZX,Churned,1,80,Competitor,Competitor made better offer,1,2565,21,Female,0,1,Month-to-Month,$73.60,$73.60,$79.79,1,Fiber Optic,1,1,52,$6.19,San Diego,California,United States,Credit Card
6048-NJXHX,Stayed,0,53,,,4,2011,21,Male,0,41,Two Year,$19.75,$899.45,"$2,353.31",0,,1,0,0,$35.46,Apple Valley,California,United States,Bank Withdrawal
4853-RULSV,Churned,1,80,Attitude,Attitude of service provider,1,4544,25,Male,0,70,Two Year,$104.00,"$7,250.15","$8,103.45",1,Fiber Optic,1,1,42,$12.19,Miramonte,California,United States,Credit Card
6631-HMANX,Stayed,0,53,,,4,5641,39,Male,0,72,Two Year,$85.45,"$6,227.50","$8,470.30",1,Cable,1,1,16,$31.15,Kelseyville,California,United States,Credit Card
4114-QMKVN,Stayed,0,53,,,3,6494,25,Female,0,56,One Year,$68.75,"$3,815.40","$4,334.76",1,DSL,1,0,76,$7.31,Surfside,California,United States,Bank Withdrawal
6092-QZVPP,Stayed,0,53,,,3,4830,27,Male,0,36,Month-to-Month,$79.20,"$2,854.95","$4,425.31",1,Cable,1,0,52,$42.51,Fresno,California,United States,Credit Card
9239-ZBZZV,Churned,1,80,Competitor,Competitor had better devices,1,2240,23,Female,0,6,Month-to-Month,$47.95,$305.10,$305.10,1,DSL,0,1,71,$0.00,Los Angeles,California,United States,Bank Withdrawal
3836-FZSDJ,Stayed,0,53,,,5,4367,69,Male,1,71,Two Year,$24.85,"$1,901.00","$3,476.49",0,,1,0,0,$22.19,Fresno,California,United States,Bank Withdrawal
3194-ORPIK,Churned,1,80,Competitor,Competitor had better devices,1,5135,59,Female,0,50,Month-to-Month,$84.40,"$4,116.15","$5,882.65",1,Fiber Optic,1,1,17,$35.33,San Diego,California,United States,Bank Withdrawal
7044-YAACC,Stayed,0,53,,,5,4444,70,Male,1,4,Two Year,$70.20,$280.35,$273.72,1,Fiber Optic,1,1,8,$6.03,Napa,California,United States,Bank Withdrawal
6357-JJPQT,Joined,0,53,,,5,2032,48,Female,0,3,Month-to-Month,$80.50,$232.35,$312.93,1,Fiber Optic,1,0,5,$26.86,San Gabriel,California,United States,Bank Withdrawal
2386-LAHRK,Churned,1,80,Dissatisfaction,Product dissatisfaction,1,5094,22,Male,0,1,Month-to-Month,$53.50,$53.50,$68.08,1,DSL,1,1,73,$14.58,Weimar,California,United States,Mailed Check
2087-QAREY,Stayed,0,53,,,3,5722,60,Female,0,22,Month-to-Month,$54.70,"$1,178.75","$2,055.01",1,Cable,1,1,16,$39.83,Sequoia National Park,California,United States,Credit Card
5996-NRVXR,Stayed,0,53,,,3,4332,68,Male,1,40,One Year,$98.15,"$4,116.80","$4,694.91",1,Fiber Optic,1,1,18,$15.15,Los Alamitos,California,United States,Credit Card
4423-JWZJN,Stayed,0,53,,,4,4799,57,Male,0,64,One Year,$90.25,"$5,629.15","$8,531.55",1,Fiber Optic,1,1,30,$45.35,Springville,California,United States,Credit Card
9817-APLHW,Stayed,0,53,,,4,4408,37,Male,0,12,Month-to-Month,$25.00,$316.20,$343.68,0,,1,0,0,$2.29,Los Angeles,California,United States,Bank Withdrawal
6892-XPFPU,Churned,1,80,Competitor,Competitor offered higher download speeds,1,2104,70,Male,1,24,Month-to-Month,$104.25,"$2,433.90","$3,628.14",1,Fiber Optic,1,1,11,$49.76,Pasadena,California,United States,Bank Withdrawal
7739-LAXOG,Churned,1,80,Competitor,Competitor offered more data,1,3590,51,Female,0,32,Month-to-Month,$91.05,"$2,954.50","$4,525.94",1,Fiber Optic,1,0,9,$46.92,Sacramento,California,United States,Bank Withdrawal
5055-MGMGF,Stayed,0,53,,,3,5313,35,Female,0,65,Month-to-Month,$105.05,"$6,914.95","$9,621.10",1,Fiber Optic,1,0,23,$40.71,Half Moon Bay,California,United States,Bank Withdrawal
5778-BVOFB,Stayed,0,53,,,5,4011,33,Female,0,9,Month-to-Month,$59.50,$530.05,$882.76,1,Cable,1,1,20,$39.19,Escondido,California,United States,Bank Withdrawal
1325-USMEC,Stayed,0,53,,,3,4120,58,Male,0,70,Two Year,$99.35,"$6,944.50","$10,304.50",1,Fiber Optic,1,1,13,$48.00,Pearblossom,California,United States,Credit Card
0376-OIWME,Stayed,0,53,,,4,2701,24,Male,0,36,Month-to-Month,$93.60,"$3,366.05","$4,837.37",1,Fiber Optic,1,1,41,$41.33,San Ysidro,California,United States,Bank Withdrawal
6845-RGTYS,Churned,1,80,Competitor,Competitor made better offer,1,4622,29,Female,0,47,Month-to-Month,$98.75,"$4,533.70","$4,668.59",1,Fiber Optic,1,1,51,$2.87,San Diego,California,United States,Bank Withdrawal
2636-SJDOU,Stayed,0,53,,,3,5044,34,Male,0,64,One Year,$84.30,"$5,289.05","$7,226.33",1,Fiber Optic,1,1,12,$30.27,Seal Beach,California,United States,Credit Card
6023-YEBUP,Churned,1,81,Competitor,Competitor had better devices,1,5351,32,Male,0,3,Month-to-Month,$100.95,$329.95,$375.77,1,Cable,1,0,30,$11.94,Stockton,California,United States,Bank Withdrawal
8084-OIVBS,Stayed,0,53,,,4,3731,31,Female,0,11,One Year,$20.00,$211.95,$723.34,0,,1,0,0,$46.49,Clarksburg,California,United States,Credit Card
9497-QCMMS,Churned,1,81,Competitor,Competitor made better offer,1,5536,73,Male,1,1,Month-to-Month,$93.55,$93.55,$123.72,1,Fiber Optic,1,1,6,$30.17,San Diego,California,United States,Bank Withdrawal
5954-BDFSG,Stayed,0,53,,,3,4708,40,Female,0,72,Two Year,$107.50,"$7,853.70","$8,595.54",1,Fiber Optic,1,0,21,$9.47,West Hollywood,California,United States,Credit Card
6559-RAKOZ,Stayed,0,53,,,3,4301,61,Male,0,49,One Year,$97.95,"$4,917.90","$5,702.88",1,Fiber Optic,1,1,18,$16.02,Orange Cove,California,United States,Bank Withdrawal
9348-ROUAI,Stayed,0,53,,,3,4617,50,Female,0,59,Two Year,$90.30,"$5,194.05","$7,970.00",1,Cable,1,1,24,$47.05,Honeydew,California,United States,Credit Card
7952-OBOYL,Joined,0,53,,,5,4096,24,Male,0,3,Month-to-Month,$89.85,$244.45,$319.75,1,Fiber Optic,1,1,59,$25.10,Upland,California,United States,Credit Card
2070-FNEXE,Churned,1,81,Price,Lack of affordable download/upload speed,2,4419,77,Female,1,7,Month-to-Month,$76.45,$503.60,$681.20,1,Fiber Optic,1,0,18,$26.95,Pasadena,California,United States,Bank Withdrawal
8544-GOQSH,Stayed,0,53,,,5,4400,51,Female,0,14,Month-to-Month,$80.05,"$1,112.30","$1,135.96",1,Fiber Optic,1,1,21,$1.69,Pacoima,California,United States,Credit Card
6741-EGCBI,Stayed,0,53,,,3,5983,69,Male,1,30,Two Year,$90.50,"$2,595.85","$2,717.05",1,Fiber Optic,1,1,14,$4.04,Hacienda Heights,California,United States,Credit Card
3638-WEABW,Stayed,0,53,,,3,6407,25,Female,0,58,Two Year,$59.90,"$3,505.10","$6,345.94",1,Cable,1,1,76,$48.98,Los Angeles,California,United States,Credit Card
1685-BQULA,Stayed,0,53,,,3,3819,54,Female,0,40,Month-to-Month,$93.40,"$3,756.40","$3,865.42",1,Fiber Optic,1,1,22,$2.83,La Quinta,California,United States,Bank Withdrawal
1035-IPQPU,Stayed,0,53,,,4,5187,77,Female,1,63,Month-to-Month,$103.50,"$6,479.40","$7,622.22",1,Fiber Optic,1,1,2,$18.14,Parker Dam,California,United States,Bank Withdrawal
5016-LIPDW,Stayed,0,53,,,5,4194,45,Male,0,57,One Year,$19.40,"$1,061.60","$3,430.52",0,,1,0,0,$41.56,Stanford,California,United States,Credit Card
2958-NHPPS,Stayed,0,53,,,5,4263,45,Male,0,23,Month-to-Month,$20.85,$473.90,"$1,286.26",0,,1,0,0,$35.32,Sacramento,California,United States,Bank Withdrawal
0613-WUXUM,Stayed,0,53,,,3,5261,38,Female,0,70,Two Year,$19.20,"$1,401.40","$4,105.50",0,,1,0,0,$38.63,Soquel,California,United States,Credit Card
3678-MNGZX,Stayed,0,53,,,3,4165,45,Male,0,68,Two Year,$19.95,"$1,377.70","$3,789.24",0,,1,0,0,$35.89,Porter Ranch,California,United States,Bank Withdrawal
6408-OTUBZ,Stayed,0,53,,,3,4494,44,Female,0,66,One Year,$104.55,"$6,779.05","$7,860.79",1,Fiber Optic,1,1,26,$16.39,Glendale,California,United States,Bank Withdrawal
4512-ZUIYL,Churned,1,81,Other,Moved,3,2928,31,Female,0,2,Month-to-Month,$70.00,$153.05,$228.57,1,Fiber Optic,1,1,10,$37.76,Sunnyvale,California,United States,Bank Withdrawal
1052-QJIBV,Stayed,0,53,,,3,6015,28,Female,0,71,Two Year,$19.90,"$1,397.30","$2,852.09",0,,1,0,0,$20.49,Colfax,California,United States,Credit Card
9659-ZTWSM,Stayed,0,53,,,4,4138,71,Male,1,66,One Year,$107.35,"$7,051.95","$7,531.53",1,Fiber Optic,1,1,26,$7.86,Los Angeles,California,United States,Bank Withdrawal
3058-WQDRE,Stayed,0,53,,,5,4943,37,Male,0,13,Month-to-Month,$25.15,$331.85,$283.26,1,Cable,0,1,16,$0.00,Branscomb,California,United States,Bank Withdrawal
6078-VESFR,Stayed,0,53,,,5,5225,78,Male,1,13,Month-to-Month,$70.45,$849.10,"$1,324.51",1,Fiber Optic,1,1,26,$36.57,Vista,California,United States,Bank Withdrawal
7452-FOLON,Stayed,0,53,,,5,5986,45,Male,0,39,One Year,$25.45,$958.45,"$2,774.68",0,,1,0,0,$46.57,Terra Bella,California,United States,Bank Withdrawal
2025-JKFWI,Churned,1,81,Price,Lack of affordable download/upload speed,1,3493,31,Male,0,13,Month-to-Month,$99.00,"$1,301.70","$1,615.52",1,Fiber Optic,1,1,21,$24.14,Burbank,California,United States,Credit Card
7821-DPRQE,Stayed,0,53,,,3,5015,25,Male,0,68,Month-to-Month,$107.70,"$7,320.90","$8,953.58",1,Fiber Optic,1,1,48,$24.01,Stockton,California,United States,Bank Withdrawal
8617-ENBDS,Joined,0,53,,,5,5510,29,Male,0,3,Month-to-Month,$73.60,$232.50,$324.52,1,Fiber Optic,1,0,71,$27.34,Helendale,California,United States,Credit Card
7644-OMVMY,Stayed,0,53,,,3,2019,56,Male,0,10,Two Year,$19.85,$198.50,$353.60,0,,1,0,0,$15.51,Los Angeles,California,United States,Credit Card
7502-BNYGS,Stayed,0,53,,,5,2333,29,Female,0,46,Month-to-Month,$69.10,"$3,168.00","$4,634.48",1,DSL,1,1,53,$31.88,Wasco,California,United States,Credit Card
5562-BETPV,Joined,0,53,,,3,2539,21,Male,0,1,One Year,$19.65,$19.65,$43.06,0,,1,0,0,$23.41,San Andreas,California,United States,Mailed Check
5176-LMJXE,Stayed,0,53,,,4,5404,34,Female,0,47,Two Year,$20.55,$945.70,"$3,046.13",0,,1,0,0,$44.69,San Diego,California,United States,Credit Card
8098-TDCBU,Stayed,0,53,,,4,3052,55,Female,0,42,Two Year,$25.25,"$1,108.20","$2,520.66",0,,1,0,0,$33.63,North Fork,California,United States,Bank Withdrawal
1552-CZCLL,Stayed,0,53,,,4,4277,31,Female,0,55,Month-to-Month,$20.00,"$1,087.25","$2,808.75",0,,1,0,0,$31.30,Descanso,California,United States,Credit Card
2962-XPMCQ,Churned,1,81,Competitor,Competitor offered higher download speeds,2,2699,56,Male,0,2,Month-to-Month,$45.15,$98.50,$111.44,1,DSL,1,1,21,$6.47,Sacramento,California,United States,Bank Withdrawal
1987-AUELQ,Stayed,0,52,,,5,6334,46,Female,0,71,Two Year,$25.05,"$1,873.70","$5,057.34",0,,1,0,0,$44.84,Los Angeles,California,United States,Credit Card
0319-QZTCO,Joined,0,52,,,3,3654,25,Female,0,3,Month-to-Month,$58.70,$168.60,$203.01,1,DSL,1,1,51,$11.47,Santa Rosa,California,United States,Credit Card
5652-MSDEY,Stayed,0,52,,,5,4525,37,Female,0,10,Month-to-Month,$75.75,$777.30,"$1,175.80",1,Fiber Optic,1,1,21,$39.85,Sutter Creek,California,United States,Mailed Check
7503-QQRVF,Churned,1,81,Competitor,Competitor had better devices,1,2076,74,Male,1,16,Month-to-Month,$74.30,"$1,178.25","$1,596.17",1,Fiber Optic,1,1,8,$26.12,San Jose,California,United States,Credit Card
2232-DMLXU,Churned,1,81,Dissatisfaction,Poor expertise of online support,2,3638,22,Female,0,1,Month-to-Month,$55.20,$55.20,$90.80,1,DSL,1,1,58,$35.60,Van Nuys,California,United States,Credit Card
7184-LRUUR,Stayed,0,52,,,5,5146,22,Female,0,22,One Year,$65.25,"$1,441.80","$1,480.08",1,DSL,1,1,85,$1.74,Los Banos,California,United States,Bank Withdrawal
5394-MEITZ,Stayed,0,52,,,5,5667,26,Female,0,60,Two Year,$80.60,"$4,946.70","$5,786.70",1,Cable,1,1,42,$14.00,Corona Del Mar,California,United States,Bank Withdrawal
7508-KBIMB,Stayed,0,52,,,4,3607,33,Male,0,24,One Year,$56.25,"$1,454.25","$1,509.69",1,Cable,1,1,53,$2.31,Jamestown,California,United States,Credit Card
2325-ZUSFD,Churned,1,81,Dissatisfaction,Network reliability,1,4669,46,Female,0,57,One Year,$70.10,"$3,913.30","$6,002.35",1,DSL,1,1,7,$36.65,Irvine,California,United States,Bank Withdrawal
9962-BFPDU,Joined,0,52,,,5,5811,61,Female,0,1,Month-to-Month,$20.05,$20.05,$36.07,0,,1,0,0,$16.02,Kenwood,California,United States,Credit Card
1131-QQZEB,Stayed,0,52,,,3,4329,66,Male,1,71,Two Year,$23.95,"$1,756.20","$3,937.32",0,,1,0,0,$30.72,Sunset Beach,California,United States,Bank Withdrawal
9822-BIIGN,Stayed,0,52,,,4,4903,61,Male,0,53,Month-to-Month,$71.85,"$3,827.90","$5,288.58",1,Cable,1,1,26,$27.56,Los Altos,California,United States,Bank Withdrawal
3003-CMDUU,Stayed,0,52,,,3,3273,22,Female,0,25,Month-to-Month,$95.15,"$2,395.70","$3,220.95",1,Fiber Optic,1,0,52,$29.81,Santa Paula,California,United States,Bank Withdrawal
4199-QHJNM,Stayed,0,52,,,3,5869,72,Male,1,67,Two Year,$102.90,"$6,989.70","$10,251.26",1,Fiber Optic,1,1,17,$48.68,Bass Lake,California,United States,Bank Withdrawal
6339-YPSAH,Stayed,0,52,,,3,4895,54,Male,0,9,Month-to-Month,$73.80,$704.30,$770.95,1,Fiber Optic,1,0,22,$1.85,Tehama,California,United States,Bank Withdrawal
9225-BZLNZ,Stayed,0,52,,,3,6275,64,Male,0,72,Two Year,$85.25,"$6,083.10","$7,276.86",1,DSL,1,1,30,$16.58,Los Angeles,California,United States,Bank Withdrawal
9974-JFBHQ,Stayed,0,52,,,5,4590,31,Male,0,64,Month-to-Month,$99.15,"$6,171.20","$7,605.44",1,Fiber Optic,1,1,24,$22.41,Del Rey,California,United States,Credit Card
8039-ACLPL,Stayed,0,52,,,3,4505,29,Female,0,72,Two Year,$68.75,"$4,888.20","$5,775.24",1,DSL,1,1,59,$12.32,Mather,California,United States,Credit Card
2960-NKRSO,Stayed,0,52,,,3,5421,60,Male,0,24,Month-to-Month,$85.95,"$2,107.15","$2,335.87",1,Fiber Optic,1,1,24,$9.53,Mad River,California,United States,Bank Withdrawal
6732-FZUGP,Stayed,0,52,,,4,4510,30,Female,0,47,One Year,$94.90,"$4,615.25","$6,507.00",1,Fiber Optic,1,1,69,$40.25,Berkeley,California,United States,Credit Card
9019-QVLZD,Churned,1,81,Competitor,Competitor made better offer,2,5082,58,Female,0,1,Month-to-Month,$79.55,$79.55,$121.68,1,Fiber Optic,1,0,15,$32.13,Oakland,California,United States,Bank Withdrawal
6563-VRERX,Stayed,0,52,,,5,5212,63,Male,0,33,One Year,$20.60,$690.25,"$1,819.51",0,,1,0,0,$34.22,San Diego,California,United States,Credit Card
2361-UPSND,Stayed,0,52,,,3,5433,45,Female,0,46,One Year,$70.60,"$3,231.05","$5,289.55",1,DSL,1,1,27,$44.75,Herlong,California,United States,Credit Card
9013-AQORL,Stayed,0,52,,,3,4106,26,Female,0,48,Month-to-Month,$45.55,"$2,108.35","$2,108.35",1,DSL,0,1,48,$0.00,Ramona,California,United States,Credit Card
0375-HVGXO,Churned,1,81,Other,Don't know,3,4476,31,Female,0,1,Month-to-Month,$34.70,$34.70,$34.70,1,DSL,0,1,8,$0.00,Los Angeles,California,United States,Bank Withdrawal
9308-ANMVE,Stayed,0,52,,,3,5491,52,Male,0,47,Month-to-Month,$55.30,"$2,654.05","$3,840.80",1,Cable,1,1,17,$25.25,Los Olivos,California,United States,Bank Withdrawal
2321-OMBXY,Churned,1,81,Other,Don't know,1,2071,55,Female,0,38,One Year,$80.30,"$3,058.65","$4,659.97",1,DSL,1,1,19,$42.14,San Diego,California,United States,Credit Card
4657-FWVFY,Stayed,0,52,,,5,2004,51,Female,0,40,Month-to-Month,$96.35,"$3,915.40","$5,092.20",1,Fiber Optic,1,1,23,$29.42,Kings Beach,California,United States,Credit Card
4661-NJEUX,Joined,0,52,,,3,5368,42,Male,0,1,Month-to-Month,$20.05,$20.05,$23.28,0,,1,0,0,$3.23,Portola Valley,California,United States,Credit Card
7674-YTAFD,Stayed,0,52,,,3,3118,64,Female,0,33,One Year,$79.95,"$2,684.85","$4,080.42",1,Fiber Optic,1,1,13,$42.29,North Hills,California,United States,Bank Withdrawal
4826-TZEVA,Stayed,0,52,,,3,3258,50,Female,0,40,Month-to-Month,$74.80,"$2,971.70","$3,714.50",1,Fiber Optic,1,1,15,$18.57,O Neals,California,United States,Credit Card
7707-PYBBH,Stayed,0,52,,,4,2520,49,Male,0,40,Month-to-Month,$61.90,"$2,647.10","$4,126.30",1,DSL,1,1,21,$36.98,Lucerne Valley,California,United States,Credit Card
4737-HOBAX,Stayed,0,52,,,4,4073,51,Male,0,63,Two Year,$79.80,"$5,034.05","$5,668.46",1,Cable,1,1,20,$10.07,Penngrove,California,United States,Credit Card
6727-IOTLZ,Stayed,0,52,,,3,2564,48,Male,0,14,Two Year,$81.95,"$1,181.75","$1,254.13",1,Cable,1,1,25,$5.17,Pasadena,California,United States,Credit Card
3143-JQEGI,Churned,1,81,Competitor,Competitor made better offer,2,3740,52,Female,0,13,Month-to-Month,$88.35,"$1,222.80","$1,454.59",1,Fiber Optic,1,1,10,$17.83,San Diego,California,United States,Bank Withdrawal
6651-RLGGM,Stayed,0,52,,,5,6066,54,Male,0,67,Two Year,$26.30,"$1,688.90","$2,663.08",0,,1,0,0,$14.54,Galt,California,United States,Credit Card
0017-IUDMW,Stayed,0,52,,,3,6252,25,Female,0,72,Two Year,$116.80,"$8,456.75","$9,609.47",1,Fiber Optic,1,1,59,$16.01,Sunnyvale,California,United States,Credit Card
9620-ENEJV,Stayed,0,52,,,3,4059,52,Female,0,6,Month-to-Month,$70.55,$433.95,$617.19,1,Fiber Optic,1,1,27,$30.54,Vina,California,United States,Credit Card
7901-HXJVA,Stayed,0,52,,,4,2292,20,Male,0,14,Month-to-Month,$76.45,"$1,117.55","$1,375.99",1,Fiber Optic,1,1,26,$18.46,Chico,California,United States,Bank Withdrawal
9430-NKQLY,Stayed,0,52,,,3,4185,49,Male,0,72,Two Year,$25.10,"$1,790.80","$3,754.95",0,,1,0,0,$27.93,Arcadia,California,United States,Credit Card
7511-YMXVQ,Churned,1,81,Competitor,Competitor had better devices,1,5028,54,Male,0,9,Month-to-Month,$45.40,$418.80,$438.80,1,Cable,0,0,20,$0.00,Lynwood,California,United States,Bank Withdrawal
3173-WSSUE,Stayed,0,52,,,3,5921,22,Female,0,71,Two Year,$19.70,"$1,415.85","$3,003.41",0,,1,0,0,$22.36,Canoga Park,California,United States,Credit Card
2680-XKKNJ,Stayed,0,52,,,4,3325,60,Female,0,8,One Year,$58.20,$469.25,$639.41,1,DSL,1,0,28,$17.52,Weimar,California,United States,Bank Withdrawal
8049-WJCLQ,Stayed,0,52,,,4,5318,50,Male,0,10,Month-to-Month,$60.20,$563.50,$761.20,1,DSL,1,1,12,$19.77,Ducor,California,United States,Credit Card
9593-CVZKR,Stayed,0,52,,,3,5577,20,Female,0,56,Two Year,$24.45,"$1,385.85","$3,151.53",0,,1,0,0,$31.53,Los Angeles,California,United States,Credit Card
7963-SHNDT,Stayed,0,52,,,3,4247,63,Female,0,52,Two Year,$39.10,"$1,982.10","$2,112.10",1,DSL,0,0,7,$0.00,Redwood City,California,United States,Credit Card
8947-YRTDV,Stayed,0,52,,,4,5288,42,Male,0,32,One Year,$94.80,"$3,131.55","$4,559.39",1,Fiber Optic,1,0,76,$43.37,Hoopa,California,United States,Credit Card
6734-JDTTV,Stayed,0,52,,,3,6009,55,Male,0,65,Two Year,$19.85,"$1,267.05","$3,442.60",0,,1,0,0,$33.47,Manton,California,United States,Credit Card
2054-PJOCK,Stayed,0,52,,,5,4159,32,Female,0,60,One Year,$80.55,"$4,847.05","$5,813.65",1,Cable,1,1,18,$16.11,Corona,California,United States,Credit Card
8065-BVEPF,Stayed,0,52,,,4,4574,80,Male,1,65,Two Year,$99.10,"$6,496.15","$7,681.10",1,Fiber Optic,1,1,3,$18.23,Yorkville,California,United States,Bank Withdrawal
4628-WQCQQ,Churned,1,81,Competitor,Competitor had better devices,1,5928,37,Male,0,35,One Year,$85.15,"$3,030.60","$3,923.45",1,Fiber Optic,1,1,16,$25.51,Whittier,California,United States,Bank Withdrawal
2346-CZYIL,Stayed,0,52,,,3,4962,42,Male,0,27,Two Year,$20.35,$531.60,"$1,605.39",0,,1,0,0,$39.77,Beverly Hills,California,United States,Credit Card
9938-PRCVK,Stayed,0,52,,,3,2902,45,Female,0,41,Two Year,$19.70,$804.25,"$1,786.20",0,,1,0,0,$23.95,Stevenson Ranch,California,United States,Bank Withdrawal
2111-DWYHN,Joined,0,52,,,5,2810,31,Male,0,1,Month-to-Month,$21.10,$21.10,$39.91,0,,1,0,0,$18.81,Aptos,California,United States,Credit Card
1501-SGHBW,Churned,1,81,Competitor,Competitor made better offer,1,3843,34,Male,0,2,Month-to-Month,$45.85,$81.00,$120.04,1,Cable,1,1,16,$19.52,Guatay,California,United States,Credit Card
4256-ZWTZI,Stayed,0,52,,,4,2789,22,Female,0,5,Month-to-Month,$51.00,$286.80,$486.95,1,DSL,1,0,52,$40.03,Morro Bay,California,United States,Credit Card
9435-JMLSX,Stayed,0,52,,,4,6286,39,Male,0,71,Two Year,$86.10,"$6,045.90","$6,437.11",1,Cable,1,1,6,$5.51,Monte Rio,California,United States,Bank Withdrawal
3709-OIJEA,Stayed,0,52,,,5,5156,51,Male,0,26,One Year,$85.20,"$2,184.60","$2,957.32",1,Fiber Optic,1,1,11,$29.72,Geyserville,California,United States,Bank Withdrawal
0366-NQSHS,Joined,0,52,,,3,5863,42,Male,0,2,Month-to-Month,$19.35,$46.35,$135.03,0,,1,0,0,$44.34,Colusa,California,United States,Credit Card
9093-FPDLG,Stayed,0,52,,,3,2405,54,Female,0,11,Month-to-Month,$94.20,$999.90,"$1,104.62",1,Fiber Optic,1,1,4,$9.52,Hilmar,California,United States,Bank Withdrawal
7016-BPGEU,Churned,1,81,Competitor,Competitor offered higher download speeds,1,2796,53,Female,0,29,Month-to-Month,$25.10,$712.85,$712.85,1,Cable,0,1,22,$0.00,Dunsmuir,California,United States,Credit Card
4194-FJARJ,Stayed,0,52,,,3,4798,22,Female,0,54,Two Year,$60.00,"$3,273.95","$3,734.57",1,Cable,1,1,73,$8.53,Albany,California,United States,Bank Withdrawal
2369-FEVNO,Joined,0,52,,,3,4590,36,Male,0,1,Month-to-Month,$19.90,$19.90,$27.66,0,,1,0,0,$7.76,Long Beach,California,United States,Credit Card
6899-PPEEA,Churned,1,81,Attitude,Attitude of service provider,2,4448,66,Female,1,37,Month-to-Month,$96.55,"$3,580.30","$3,702.40",1,Fiber Optic,1,1,2,$3.30,Vallejo,California,United States,Bank Withdrawal
4526-ZJJTM,Stayed,0,51,,,3,4849,72,Female,1,25,Two Year,$88.40,"$2,191.15","$2,677.15",1,Fiber Optic,1,1,4,$19.44,San Mateo,California,United States,Bank Withdrawal
9481-SFCQY,Stayed,0,51,,,4,5962,44,Female,0,14,Month-to-Month,$59.80,$824.85,"$1,442.81",1,DSL,1,1,24,$44.14,Bass Lake,California,United States,Credit Card
5167-ZFFMM,Churned,1,81,Competitor,Competitor made better offer,3,3424,64,Male,0,1,Month-to-Month,$90.85,$90.85,$99.41,1,Fiber Optic,1,1,24,$8.56,San Diego,California,United States,Credit Card
3758-CKOQL,Stayed,0,51,,,4,4620,20,Female,0,59,One Year,$107.00,"$6,152.30","$8,580.15",1,Fiber Optic,1,0,48,$41.15,Valyermo,California,United States,Credit Card
7302-ZHMHP,Joined,0,51,,,5,2577,35,Female,0,1,Month-to-Month,$19.15,$19.15,$41.52,0,,1,0,0,$22.37,Coronado,California,United States,Credit Card
4578-PHJYZ,Stayed,0,51,,,3,4172,45,Male,0,52,One Year,$68.75,"$3,482.85","$3,752.51",1,Cable,1,1,19,$5.51,Orland,California,United States,Bank Withdrawal
8395-ETZKQ,Stayed,0,51,,,3,5443,73,Male,1,68,One Year,$19.50,"$1,193.55","$3,583.07",0,,1,0,0,$35.14,Sacramento,California,United States,Bank Withdrawal
2967-MXRAV,Joined,0,51,,,3,5160,29,Male,0,1,One Year,$18.80,$18.80,$62.37,0,,1,0,0,$43.57,Los Angeles,California,United States,Mailed Check
0322-CHQRU,Churned,1,81,Competitor,Competitor had better devices,1,3478,63,Male,0,2,Month-to-Month,$45.35,$89.50,$140.48,1,DSL,1,1,9,$25.49,Palmdale,California,United States,Bank Withdrawal
2387-KDZQY,Stayed,0,51,,,4,2185,46,Male,0,17,One Year,$20.10,$279.50,$816.70,0,,1,0,0,$31.60,Weaverville,California,United States,Credit Card
7356-IWLFW,Stayed,0,51,,,5,3315,43,Male,0,46,Month-to-Month,$80.00,"$3,769.70","$4,023.62",1,Fiber Optic,1,1,16,$5.52,Weott,California,United States,Bank Withdrawal
9572-MTILT,Churned,1,81,Competitor,Competitor made better offer,1,4508,47,Male,0,59,Month-to-Month,$106.75,"$6,252.90","$9,202.19",1,Fiber Optic,1,0,21,$49.31,Fullerton,California,United States,Bank Withdrawal
6023-GSSXW,Stayed,0,51,,,5,4162,27,Female,0,69,Two Year,$61.45,"$4,131.20","$4,319.57",1,DSL,1,1,69,$2.73,Wofford Heights,California,United States,Credit Card
6698-OXETB,Stayed,0,51,,,4,5397,60,Male,0,11,Two Year,$20.40,$231.45,$779.25,0,,1,0,0,$49.80,Joshua Tree,California,United States,Credit Card
9603-OAIHC,Joined,0,51,,,3,2469,72,Male,1,1,Two Year,$70.05,$70.05,$73.02,1,Fiber Optic,1,1,5,$2.97,Palmdale,California,United States,Bank Withdrawal
8837-VVWLQ,Churned,1,81,Other,Moved,1,4437,35,Female,0,8,Month-to-Month,$84.95,$668.40,$926.88,1,Fiber Optic,1,1,6,$32.31,Capistrano Beach,California,United States,Bank Withdrawal
8761-NSOBC,Churned,1,81,Dissatisfaction,Network reliability,2,3486,41,Male,0,44,Month-to-Month,$100.55,"$4,398.15","$6,286.63",1,Fiber Optic,1,1,23,$42.92,Gridley,California,United States,Bank Withdrawal
2668-TZSPS,Joined,0,51,,,5,2664,32,Male,0,1,Month-to-Month,$20.45,$20.45,$60.06,0,,1,0,0,$39.61,Santa Rosa,California,United States,Mailed Check
4443-EMBNA,Stayed,0,51,,,3,4642,55,Female,0,71,Two Year,$24.75,"$1,836.90","$4,118.13",0,,1,0,0,$32.13,Castaic,California,United States,Bank Withdrawal
2952-QAYZF,Churned,1,81,Competitor,Competitor had better devices,1,2264,30,Male,0,5,Month-to-Month,$85.30,$424.15,$606.75,1,Fiber Optic,1,1,27,$36.52,Sacramento,California,United States,Bank Withdrawal
4223-BKEOR,Stayed,0,51,,,3,3302,55,Female,0,21,One Year,$64.85,"$1,336.80","$1,985.28",1,DSL,1,1,15,$30.88,San Bernardino,California,United States,Mailed Check
8590-OHDIW,Stayed,0,51,,,5,4686,52,Female,0,38,One Year,$20.30,$749.35,"$2,422.86",0,,1,0,0,$44.32,Garden Grove,California,United States,Credit Card
5149-CUZUJ,Stayed,0,51,,,3,2037,35,Male,0,28,One Year,$92.90,"$2,768.35","$3,533.87",1,Fiber Optic,1,1,16,$27.34,Helendale,California,United States,Bank Withdrawal
6135-OZQVA,Stayed,0,51,,,4,4389,46,Female,0,7,Month-to-Month,$53.65,$404.35,$687.29,1,Cable,1,1,17,$40.42,Santa Clarita,California,United States,Bank Withdrawal
9142-KZXOP,Stayed,0,51,,,3,2053,41,Male,0,44,Month-to-Month,$68.85,"$2,958.95","$3,033.75",1,Fiber Optic,1,1,28,$1.70,Sylmar,California,United States,Credit Card
3528-HFRIQ,Stayed,0,51,,,5,5491,73,Male,1,71,Month-to-Month,$52.30,"$3,765.05","$3,805.05",1,Cable,0,0,28,$0.00,Los Angeles,California,United States,Bank Withdrawal
4343-EJVQB,Stayed,0,51,,,4,2463,48,Male,0,7,Month-to-Month,$74.35,$533.60,$545.29,1,Fiber Optic,1,1,23,$1.67,Mariposa,California,United States,Credit Card
5025-GOOKI,Stayed,0,51,,,5,4277,46,Female,0,20,Month-to-Month,$18.90,$347.65,"$1,024.85",0,,1,0,0,$33.86,San Geronimo,California,United States,Credit Card
2159-TURXX,Stayed,0,51,,,4,2483,26,Male,0,5,Month-to-Month,$20.05,$95.55,$206.35,0,,1,0,0,$22.16,Weaverville,California,United States,Credit Card
8685-WHQPW,Churned,1,81,Competitor,Competitor had better devices,1,2407,79,Female,1,22,Month-to-Month,$74.40,"$1,692.60","$1,804.58",1,Fiber Optic,1,0,23,$5.09,San Diego,California,United States,Bank Withdrawal
2599-CZABP,Stayed,0,51,,,3,4612,57,Male,0,14,One Year,$44.60,$641.25,"$1,270.55",1,DSL,1,1,19,$44.95,Meridian,California,United States,Bank Withdrawal
1355-KUSBG,Stayed,0,51,,,4,4785,56,Female,0,7,Month-to-Month,$48.80,$349.80,$413.50,1,DSL,1,1,28,$9.10,Fall River Mills,California,United States,Bank Withdrawal
1163-VIPRI,Stayed,0,51,,,4,6087,22,Female,0,65,Two Year,$109.30,"$7,337.55","$8,198.80",1,Fiber Optic,1,1,47,$13.25,Garberville,California,United States,Bank Withdrawal
2114-MGINA,Churned,1,81,Attitude,Attitude of support person,1,4107,57,Female,0,14,Month-to-Month,$89.80,"$1,129.10","$1,273.30",1,Fiber Optic,1,1,29,$10.30,Rio Vista,California,United States,Credit Card
6719-OXYBR,Stayed,0,51,,,3,5559,41,Male,0,15,Month-to-Month,$85.30,"$1,219.85","$1,629.35",1,Fiber Optic,1,1,18,$27.30,California City,California,United States,Bank Withdrawal
3580-GICBM,Stayed,0,51,,,3,6201,56,Female,0,61,Two Year,$24.20,"$1,445.20","$3,570.44",0,,1,0,0,$34.84,Clovis,California,United States,Credit Card
0330-IVZHA,Churned,1,81,Attitude,Attitude of service provider,2,2969,55,Female,0,5,Month-to-Month,$69.95,$330.15,$415.55,1,Fiber Optic,1,1,10,$17.08,Anderson,California,United States,Bank Withdrawal
3774-VBNXY,Stayed,0,51,,,5,4557,23,Female,0,64,Two Year,$20.20,"$1,277.75","$3,597.11",0,,1,0,0,$36.24,Hawaiian Gardens,California,United States,Credit Card
5061-PBXFW,Stayed,0,51,,,3,2649,49,Female,0,32,Month-to-Month,$61.40,"$1,864.65","$3,357.77",1,DSL,1,1,17,$46.66,San Jose,California,United States,Bank Withdrawal
8207-DMRVL,Stayed,0,51,,,3,6158,47,Male,0,72,Two Year,$114.55,"$8,306.05","$9,900.53",1,Fiber Optic,1,0,58,$21.89,Yorba Linda,California,United States,Bank Withdrawal
8800-ZKRFW,Stayed,0,51,,,4,3094,62,Female,0,30,Month-to-Month,$107.50,"$3,242.50","$3,979.30",1,Fiber Optic,1,1,18,$24.56,Philo,California,United States,Bank Withdrawal
2208-NKVVH,Stayed,0,51,,,4,4432,60,Male,0,43,Two Year,$24.25,"$1,077.95","$1,198.78",0,,1,0,0,$2.81,Costa Mesa,California,United States,Credit Card
7762-ONLJY,Stayed,0,51,,,3,4122,62,Female,0,6,One Year,$19.70,$94.45,$359.23,0,,1,0,0,$44.13,Sacramento,California,United States,Credit Card
0691-IFBQW,Churned,1,81,Competitor,Competitor made better offer,1,2403,65,Female,1,46,One Year,$110.00,"$4,874.80","$4,983.82",1,Fiber Optic,1,1,20,$2.37,Biola,California,United States,Bank Withdrawal
5375-XLDOF,Stayed,0,51,,,4,6082,24,Male,0,69,Two Year,$114.35,"$7,665.80","$10,295.73",1,Fiber Optic,1,0,27,$37.97,Calipatria,California,United States,Bank Withdrawal
1658-BYGOY,Churned,1,81,Competitor,Competitor made better offer,2,3179,71,Male,1,18,Month-to-Month,$95.45,"$1,752.55","$1,910.88",1,Fiber Optic,1,1,52,$11.33,Los Angeles,California,United States,Bank Withdrawal
4835-YSJMR,Stayed,0,51,,,4,2202,59,Male,0,39,Two Year,$49.80,"$1,971.15","$2,124.42",1,DSL,1,1,15,$3.93,Ceres,California,United States,Bank Withdrawal
6627-CFOSN,Stayed,0,51,,,3,5247,54,Female,0,59,Month-to-Month,$99.45,"$5,623.70","$7,979.48",1,Fiber Optic,1,0,12,$39.42,Madera,California,United States,Bank Withdrawal
3372-KWFBM,Churned,1,81,Dissatisfaction,Network reliability,3,2508,76,Male,1,16,Month-to-Month,$86.60,"$1,281.00","$1,587.88",1,Fiber Optic,1,1,22,$19.18,Bayside,California,United States,Bank Withdrawal
8565-HBFNN,Stayed,0,51,,,4,5935,51,Male,0,69,One Year,$107.20,"$7,317.10","$9,619.63",1,Fiber Optic,1,1,24,$33.37,Los Altos,California,United States,Credit Card
4877-TSOFF,Stayed,0,51,,,3,4489,41,Female,0,55,One Year,$75.75,"$4,264.25","$5,153.05",1,DSL,1,1,29,$16.16,Morongo Valley,California,United States,Bank Withdrawal
3768-VHXQO,Stayed,0,51,,,4,4833,19,Male,0,67,Two Year,$24.85,"$1,583.50","$1,803.26",0,,1,0,0,$3.28,Redondo Beach,California,United States,Credit Card
8840-DQLGN,Churned,1,81,Attitude,Attitude of support person,1,4745,65,Female,1,35,Month-to-Month,$100.50,"$3,653.35","$4,212.65",1,Cable,1,1,22,$15.98,Burbank,California,United States,Bank Withdrawal
6458-CYIDZ,Stayed,0,51,,,4,3468,72,Female,1,5,Month-to-Month,$80.70,$374.80,$556.15,1,Fiber Optic,1,1,17,$36.27,Albion,California,United States,Bank Withdrawal
2011-TRQYE,Churned,1,82,Dissatisfaction,Product dissatisfaction,2,5474,59,Male,0,18,Month-to-Month,$33.50,$600.00,$600.00,1,DSL,0,1,26,$0.00,Deer Park,California,United States,Credit Card
6158-HDPXZ,Joined,0,51,,,4,4193,31,Male,0,1,Month-to-Month,$25.35,$25.35,$25.35,1,DSL,0,1,13,$0.00,San Diego,California,United States,Credit Card
8313-AFGBW,Stayed,0,51,,,4,4795,55,Male,0,47,Two Year,$73.60,"$3,522.65","$4,187.23",1,DSL,1,1,28,$14.14,Los Angeles,California,United States,Bank Withdrawal
4832-VRBMR,Stayed,0,51,,,3,6441,65,Male,1,65,One Year,$103.15,"$6,792.45","$7,874.70",1,Fiber Optic,1,1,5,$16.65,Parker Dam,California,United States,Bank Withdrawal
7105-BENQF,Stayed,0,51,,,4,4442,31,Male,0,15,One Year,$64.85,$950.75,"$1,606.10",1,DSL,1,1,29,$43.69,Tarzana,California,United States,Credit Card
6897-UUBNU,Stayed,0,51,,,4,2681,39,Male,0,29,Month-to-Month,$89.65,"$2,623.65","$3,008.33",1,Fiber Optic,1,0,24,$12.92,North Hollywood,California,United States,Credit Card
0665-XHDJU,Stayed,0,51,,,5,6022,21,Male,0,72,Two Year,$99.40,"$7,285.70","$9,802.10",1,Fiber Optic,1,1,48,$34.95,Monte Rio,California,United States,Bank Withdrawal
7901-IIDQV,Stayed,0,51,,,3,3398,28,Male,0,24,One Year,$54.60,"$1,242.25","$1,394.31",1,Cable,1,1,85,$7.52,San Diego,California,United States,Bank Withdrawal
6834-NXDCA,Churned,1,82,Dissatisfaction,Limited range of services,3,2967,30,Female,0,13,Month-to-Month,$23.90,$300.80,$300.80,1,DSL,0,1,53,$0.00,South Dos Palos,California,United States,Bank Withdrawal
7657-DYEPJ,Churned,1,82,Price,Lack of affordable download/upload speed,3,2645,73,Male,1,38,One Year,$70.15,"$2,497.35","$2,715.85",1,Cable,1,1,30,$5.75,Los Angeles,California,United States,Credit Card
9053-JZFKV,Churned,1,82,Other,Don't know,2,4495,25,Male,0,67,Two Year,$116.20,"$7,752.30","$10,022.26",1,Fiber Optic,1,1,71,$33.88,Redway,California,United States,Credit Card
9614-RMGHA,Churned,1,82,Competitor,Competitor made better offer,3,5530,29,Male,0,65,Month-to-Month,$91.85,"$5,940.85","$8,329.60",1,Fiber Optic,1,1,73,$36.75,San Diego,California,United States,Bank Withdrawal
0254-WWRKD,Stayed,0,51,,,5,5122,44,Female,0,67,One Year,$50.55,"$3,431.75","$6,574.05",1,Cable,1,1,28,$46.90,Challenge,California,United States,Credit Card
0379-DJQHR,Stayed,0,51,,,3,4219,60,Male,0,67,Two Year,$81.35,"$5,398.60","$8,430.35",1,DSL,1,1,18,$45.25,Sunnyvale,California,United States,Credit Card
5022-JNQEQ,Stayed,0,51,,,5,4843,39,Female,0,9,Month-to-Month,$75.85,$647.50,$720.40,1,Fiber Optic,1,1,20,$8.10,Esparto,California,United States,Bank Withdrawal
6860-YRJZP,Stayed,0,51,,,5,2003,66,Male,1,9,Two Year,$74.05,$678.45,"$1,036.38",1,Fiber Optic,1,1,25,$39.77,Sacramento,California,United States,Bank Withdrawal
8388-FYNPZ,Stayed,0,51,,,3,2401,26,Male,0,4,Month-to-Month,$56.75,$245.15,$383.91,1,DSL,1,1,47,$34.69,Pleasant Hill,California,United States,Bank Withdrawal
7851-WZEKY,Churned,1,82,Competitor,Competitor made better offer,2,2414,32,Female,0,2,Month-to-Month,$95.15,$196.90,$273.92,1,Fiber Optic,1,1,25,$38.51,Stockton,California,United States,Bank Withdrawal
6685-XSHHU,Stayed,0,51,,,5,4425,45,Male,0,60,Two Year,$20.95,"$1,270.55","$3,197.75",0,,1,0,0,$32.12,Keyes,California,United States,Bank Withdrawal
4301-VVZKA,Stayed,0,51,,,5,5432,25,Male,0,16,Month-to-Month,$75.40,"$1,189.40","$1,602.68",1,Fiber Optic,1,1,46,$25.83,San Francisco,California,United States,Bank Withdrawal
1122-JWTJW,Churned,1,82,Competitor,Competitor had better devices,1,3463,64,Male,0,1,Month-to-Month,$70.65,$70.65,$108.33,1,Fiber Optic,1,1,26,$37.68,Ocotillo,California,United States,Credit Card
1573-LGXBA,Stayed,0,51,,,4,5833,26,Male,0,57,One Year,$97.55,"$5,598.00","$5,836.26",1,Fiber Optic,1,1,73,$4.18,Soledad,California,United States,Credit Card
4541-RMRLG,Churned,1,82,Attitude,Attitude of support person,3,4489,53,Male,0,7,Month-to-Month,$19.25,$112.30,$176.28,0,,1,0,0,$9.14,Hayward,California,United States,Bank Withdrawal
1894-IGFSG,Churned,1,82,Competitor,Competitor had better devices,1,3161,38,Female,0,22,Month-to-Month,$89.25,"$1,907.85","$2,304.07",1,Fiber Optic,1,1,2,$18.01,Lancaster,California,United States,Bank Withdrawal
2077-DDHJK,Stayed,0,50,,,4,4114,48,Female,0,68,Two Year,$70.90,"$4,911.35","$6,725.86",1,DSL,1,1,9,$27.41,Goleta,California,United States,Credit Card
0883-EIBTI,Churned,1,82,Dissatisfaction,Limited range of services,3,2484,23,Female,0,2,Month-to-Month,$19.50,$31.55,$87.59,0,,1,0,0,$28.02,Clarksburg,California,United States,Mailed Check
7971-HLVXI,Stayed,0,50,,,5,6202,62,Male,0,72,Two Year,$84.50,"$6,130.85","$9,298.85",1,Fiber Optic,1,1,20,$44.00,San Bernardino,California,United States,Credit Card
4154-AQUGT,Churned,1,82,Competitor,Competitor made better offer,1,3861,76,Male,1,13,Month-to-Month,$89.05,"$1,169.35","$1,188.46",1,Fiber Optic,1,1,5,$1.47,San Diego,California,United States,Bank Withdrawal
1732-FEKLD,Stayed,0,50,,,4,5665,30,Female,0,54,One Year,$94.75,"$5,121.75","$7,224.85",1,Fiber Optic,1,0,30,$37.65,Newport Beach,California,United States,Bank Withdrawal
3587-PMCOY,Stayed,0,50,,,3,4614,37,Male,0,10,One Year,$98.90,"$1,064.95","$1,528.25",1,Fiber Optic,1,1,26,$46.33,Placerville,California,United States,Bank Withdrawal
5469-NUJUR,Stayed,0,50,,,4,2831,58,Male,0,19,Two Year,$19.95,$373.50,$736.40,0,,1,0,0,$19.10,Zenia,California,United States,Credit Card
9101-BWFSS,Churned,1,82,Other,Moved,2,4274,58,Female,0,50,One Year,$108.55,"$5,610.70","$7,082.20",1,Fiber Optic,1,1,14,$29.43,Tollhouse,California,United States,Bank Withdrawal
1228-ZLNBX,Stayed,0,50,,,3,2847,25,Male,0,21,Month-to-Month,$75.30,"$1,570.70","$1,639.16",1,Fiber Optic,1,1,51,$3.26,Farmington,California,United States,Credit Card
7714-YXSMB,Stayed,0,50,,,3,2921,60,Female,0,26,Month-to-Month,$100.50,"$2,599.95","$3,267.11",1,Fiber Optic,1,1,3,$25.66,Irvine,California,United States,Bank Withdrawal
8917-SZTTJ,Stayed,0,50,,,5,6315,31,Male,0,60,Two Year,$19.65,"$1,161.75","$2,480.55",0,,1,0,0,$21.98,Los Angeles,California,United States,Credit Card
7321-KKSDU,Stayed,0,50,,,4,3114,38,Male,0,32,Two Year,$20.50,$696.80,"$1,238.88",0,,1,0,0,$16.94,San Marino,California,United States,Credit Card
3855-ONCAR,Stayed,0,50,,,4,5775,35,Female,0,4,Month-to-Month,$78.90,$299.75,$430.46,1,Fiber Optic,1,1,53,$41.93,Arcadia,California,United States,Credit Card
8387-MOJJT,Churned,1,82,Competitor,Competitor made better offer,1,5396,53,Female,0,42,Month-to-Month,$77.95,"$3,384.00","$4,812.84",1,Fiber Optic,1,1,18,$34.02,Nubieber,California,United States,Credit Card
0238-WHBIQ,Stayed,0,50,,,3,4193,25,Male,0,72,Two Year,$89.70,"$6,339.30","$8,769.30",1,Cable,1,1,30,$33.75,Folsom,California,United States,Credit Card
1891-FZYSA,Churned,1,82,Competitor,Competitor had better devices,1,6363,65,Male,1,69,Month-to-Month,$89.95,"$6,143.15","$7,373.82",1,Fiber Optic,1,0,4,$16.34,Piercy,California,United States,Bank Withdrawal
5293-WXJAK,Churned,1,82,Competitor,Competitor offered more data,3,4553,73,Female,1,11,Month-to-Month,$104.05,"$1,133.65","$1,323.40",1,Fiber Optic,1,1,27,$17.25,San Jose,California,United States,Bank Withdrawal
9251-AWQGT,Stayed,0,50,,,5,2608,19,Female,0,48,Two Year,$20.00,$935.90,"$1,404.86",0,,1,0,0,$9.77,Palmdale,California,United States,Credit Card
8325-QRPZR,Stayed,0,50,,,3,4216,56,Female,0,7,Month-to-Month,$75.15,$525.00,$745.42,1,Fiber Optic,1,0,10,$30.06,Benicia,California,United States,Bank Withdrawal
9720-JJJOR,Stayed,0,50,,,3,4565,20,Male,0,41,One Year,$60.30,"$2,511.30","$2,610.93",1,DSL,1,1,69,$2.43,San Ysidro,California,United States,Bank Withdrawal
5451-YHYPW,Stayed,0,50,,,3,6205,75,Female,1,72,Two Year,$115.75,"$8,443.70","$11,795.78",1,Fiber Optic,1,0,24,$44.89,San Francisco,California,United States,Credit Card
7407-SUJIZ,Stayed,0,50,,,3,2305,33,Male,0,25,Month-to-Month,$20.60,$541.50,$875.50,0,,1,0,0,$13.36,Los Angeles,California,United States,Credit Card
0748-RDGGM,Churned,1,82,Price,Long distance charges,2,6136,38,Male,0,70,One Year,$109.50,"$7,534.65","$10,308.75",1,Fiber Optic,1,1,26,$39.63,Tarzana,California,United States,Bank Withdrawal
0895-LMRSF,Stayed,0,50,,,4,3314,34,Male,0,23,One Year,$64.90,"$1,509.80","$2,707.00",1,Cable,1,0,23,$46.40,Imperial Beach,California,United States,Bank Withdrawal
4277-UDIEF,Stayed,0,50,,,3,3019,51,Male,0,24,Month-to-Month,$81.00,"$1,923.85","$3,020.17",1,Cable,1,1,26,$45.68,Nuevo,California,United States,Bank Withdrawal
4342-HFXWS,Stayed,0,50,,,3,3442,19,Female,0,48,One Year,$69.70,"$3,023.65","$5,167.33",1,DSL,1,1,27,$44.66,Santa Monica,California,United States,Bank Withdrawal
5027-QPKTE,Churned,1,82,Competitor,Competitor had better devices,1,4292,39,Male,0,7,Month-to-Month,$69.35,$451.10,$564.35,1,Fiber Optic,1,0,28,$14.75,Modesto,California,United States,Bank Withdrawal
2908-ZTPNF,Stayed,0,50,,,4,4452,41,Female,0,36,Month-to-Month,$34.85,"$1,267.20","$1,267.20",1,Cable,0,1,2,$0.00,Pleasanton,California,United States,Bank Withdrawal
4825-XJGDM,Stayed,0,50,,,4,4051,59,Female,0,61,One Year,$43.70,"$2,696.55","$2,696.55",1,DSL,0,1,8,$0.00,Mccloud,California,United States,Credit Card
8051-HJRLT,Churned,1,82,Attitude,Attitude of service provider,3,2146,72,Female,1,1,Month-to-Month,$70.55,$70.55,$88.75,1,Fiber Optic,1,1,13,$18.20,Wrightwood,California,United States,Bank Withdrawal
8430-TWCBX,Stayed,0,50,,,3,4074,62,Female,0,49,One Year,$20.70,"$1,032.05","$2,461.87",0,,1,0,0,$29.18,Novato,California,United States,Credit Card
0253-ZTEOB,Stayed,0,50,,,4,3246,44,Female,0,48,Two Year,$79.65,"$3,870.30","$4,299.42",1,DSL,1,1,27,$8.94,Los Angeles,California,United States,Bank Withdrawal
0581-BXBUB,Stayed,0,50,,,4,4503,76,Female,1,4,Two Year,$72.75,$317.75,$460.43,1,Fiber Optic,1,1,8,$35.67,Penn Valley,California,United States,Bank Withdrawal
4851-BQDNX,Stayed,0,50,,,4,5904,56,Male,0,40,One Year,$85.05,"$3,355.65","$3,893.90",1,Fiber Optic,1,1,22,$14.41,Oxnard,California,United States,Bank Withdrawal
2070-XYMFH,Stayed,0,50,,,5,3558,66,Female,1,23,Two Year,$79.35,"$1,835.30","$2,020.45",1,Fiber Optic,1,1,18,$8.72,Long Beach,California,United States,Credit Card
9921-QFQUL,Stayed,0,50,,,4,5110,33,Female,0,23,Month-to-Month,$90.15,"$2,044.95","$2,554.86",1,Fiber Optic,1,1,15,$22.17,Garden Valley,California,United States,Credit Card
0743-HNPFG,Stayed,0,50,,,3,5628,50,Female,0,51,One Year,$69.75,"$3,562.50","$4,477.95",1,DSL,1,1,14,$17.95,Butte City,California,United States,Credit Card
5766-FTRTS,Stayed,0,50,,,3,6297,35,Male,0,72,Two Year,$84.45,"$6,033.10","$8,557.42",1,DSL,1,1,26,$35.06,El Segundo,California,United States,Credit Card
9359-JANWS,Stayed,0,50,,,4,5657,22,Female,0,65,Two Year,$58.90,"$3,857.10","$6,087.25",1,DSL,1,1,71,$34.31,North Hills,California,United States,Credit Card
5373-SFODM,Churned,1,82,Dissatisfaction,Product dissatisfaction,2,3041,65,Male,1,36,Month-to-Month,$85.25,"$3,132.75","$4,016.19",1,Fiber Optic,1,1,5,$24.54,San Lucas,California,United States,Credit Card
7924-GJZFI,Stayed,0,50,,,4,4442,75,Female,1,25,Two Year,$69.30,"$1,813.10","$2,777.85",1,Fiber Optic,1,1,24,$38.59,Jackson,California,United States,Bank Withdrawal
0376-YMCJC,Churned,1,82,Competitor,Competitor offered higher download speeds,2,4359,21,Male,0,23,Month-to-Month,$90.60,"$1,943.20","$2,828.34",1,Cable,1,1,69,$38.69,Novato,California,United States,Bank Withdrawal
6818-DJXAA,Stayed,0,50,,,3,3857,43,Female,0,10,Month-to-Month,$91.10,$964.35,"$1,393.65",1,Fiber Optic,1,1,52,$42.93,Alturas,California,United States,Bank Withdrawal
5268-DSMNQ,Stayed,0,50,,,5,5428,65,Female,1,62,One Year,$97.95,"$5,936.55","$6,643.97",1,Fiber Optic,1,1,25,$11.41,Farmington,California,United States,Credit Card
1042-HFUCW,Stayed,0,50,,,5,5136,37,Female,0,25,One Year,$54.75,"$1,266.35","$2,248.09",1,DSL,1,1,27,$39.90,Cobb,California,United States,Credit Card
0311-UNPFF,Churned,1,82,Dissatisfaction,Service dissatisfaction,2,4910,58,Female,0,26,Month-to-Month,$88.80,"$2,274.35","$3,314.69",1,Fiber Optic,1,0,22,$38.09,Long Beach,California,United States,Bank Withdrawal
7028-DVOIQ,Churned,1,82,Other,Don't know,1,2074,71,Male,1,35,Month-to-Month,$99.05,"$3,395.80","$4,244.85",1,Fiber Optic,1,0,19,$20.83,Birds Landing,California,United States,Bank Withdrawal
1093-YSWCA,Stayed,0,50,,,3,5433,45,Male,0,11,Two Year,$19.55,$223.15,$385.15,0,,1,0,0,$17.12,Corona,California,United States,Credit Card
9565-JSNFM,Churned,1,82,Price,Lack of affordable download/upload speed,3,5437,39,Male,0,38,One Year,$70.45,"$2,597.60","$3,878.58",1,Fiber Optic,1,1,17,$33.71,Meadow Valley,California,United States,Bank Withdrawal
8922-LIEGH,Churned,1,82,Dissatisfaction,Poor expertise of online support,3,4078,72,Female,1,25,Month-to-Month,$89.70,"$2,187.55","$3,073.22",1,Fiber Optic,1,1,6,$36.36,Jolon,California,United States,Bank Withdrawal
2212-LYASK,Stayed,0,49,,,4,2068,25,Male,0,27,One Year,$45.85,"$1,246.40","$1,276.40",1,DSL,0,0,27,$0.00,Brea,California,United States,Credit Card
2921-XWDJH,Stayed,0,49,,,3,2768,76,Female,1,38,Two Year,$83.45,"$3,147.15","$3,252.13",1,Fiber Optic,1,1,15,$3.42,Glendale,California,United States,Bank Withdrawal
7758-XKCBS,Churned,1,82,Competitor,Competitor offered more data,1,5518,56,Male,0,15,Month-to-Month,$29.70,$438.25,$528.25,1,DSL,0,0,29,$0.00,Reseda,California,United States,Bank Withdrawal
8433-WXGNA,Churned,1,82,Other,Don't know,1,4676,55,Male,0,2,Month-to-Month,$75.70,$189.20,$273.52,1,Cable,1,1,2,$42.16,Salinas,California,United States,Bank Withdrawal
1247-QBVSH,Stayed,0,49,,,4,5284,41,Female,0,43,Month-to-Month,$50.20,"$2,169.40","$2,798.92",1,DSL,1,1,19,$14.64,Santa Margarita,California,United States,Mailed Check
0148-DCDOS,Churned,1,82,Competitor,Competitor had better devices,1,5641,41,Male,0,25,Month-to-Month,$94.70,"$2,362.10","$3,234.10",1,Fiber Optic,1,1,8,$34.88,Planada,California,United States,Bank Withdrawal
1845-CSBRZ,Stayed,0,49,,,5,2656,71,Female,1,22,Two Year,$85.35,"$1,961.60","$2,845.78",1,Fiber Optic,1,1,27,$40.19,Pomona,California,United States,Bank Withdrawal
3285-UCQVC,Churned,1,82,Other,Don't know,2,4429,31,Female,0,37,Month-to-Month,$28.60,$973.55,$973.55,1,DSL,0,1,10,$0.00,Seaside,California,United States,Credit Card
0956-SYCWG,Stayed,0,49,,,3,2024,61,Female,0,13,One Year,$19.65,$244.80,$675.49,0,,1,0,0,$33.13,Agoura Hills,California,United States,Bank Withdrawal
2885-HIJDH,Stayed,0,49,,,3,4667,47,Male,0,69,Two Year,$86.90,"$6,194.10","$8,012.25",1,DSL,1,1,53,$26.35,Tecate,California,United States,Bank Withdrawal
1732-VHUBQ,Churned,1,82,Competitor,Competitor made better offer,3,4457,73,Female,1,47,Month-to-Month,$70.55,"$3,309.25","$4,548.91",1,Fiber Optic,1,1,26,$26.95,Escondido,California,United States,Bank Withdrawal
3213-VVOLG,Stayed,0,49,,,4,2299,22,Male,0,10,Two Year,$25.35,$253.50,$617.20,0,,1,0,0,$36.37,Sun City,California,United States,Credit Card
6369-MCAKO,Stayed,0,49,,,3,5001,50,Female,0,68,Two Year,$89.05,"$6,185.80","$9,443.68",1,DSL,1,1,23,$47.91,Monterey Park,California,United States,Bank Withdrawal
3132-TVFDZ,Churned,1,82,Attitude,Attitude of support person,2,5172,70,Male,1,57,Month-to-Month,$44.85,"$2,572.95","$2,560.88",1,Cable,0,1,3,$0.00,Glendale,California,United States,Bank Withdrawal
1757-TCATG,Stayed,0,49,,,3,3942,24,Male,0,35,One Year,$20.05,$746.75,"$2,182.45",0,,1,0,0,$41.02,Huntington Beach,California,United States,Bank Withdrawal
1077-HUUJM,Stayed,0,49,,,5,4668,48,Female,0,7,Month-to-Month,$71.05,$472.65,$682.15,1,Fiber Optic,1,0,13,$28.50,Rancho Cucamonga,California,United States,Bank Withdrawal
5035-PGZXH,Stayed,0,49,,,3,6161,49,Female,0,56,One Year,$106.80,"$5,914.40","$7,760.48",1,Fiber Optic,1,0,2,$32.43,Chico,California,United States,Bank Withdrawal
6122-LJADA,Stayed,0,49,,,3,5824,31,Male,0,70,Two Year,$90.15,"$6,237.05","$6,412.05",1,Cable,1,1,13,$2.50,Lower Lake,California,United States,Credit Card
4361-JEIVL,Churned,1,82,Attitude,Attitude of service provider,3,4067,29,Male,0,1,Month-to-Month,$44.40,$44.40,$51.54,1,DSL,1,1,52,$7.14,Greenfield,California,United States,Bank Withdrawal
7569-NMZYQ,Stayed,0,49,,,4,5475,33,Female,0,72,Two Year,$118.75,"$8,672.45","$11,634.53",1,Fiber Optic,1,1,53,$41.14,Middletown,California,United States,Bank Withdrawal
9286-DOJGF,Churned,1,82,Dissatisfaction,Product dissatisfaction,1,5165,66,Female,1,38,Month-to-Month,$74.95,"$2,869.85","$3,469.49",1,Fiber Optic,1,1,30,$15.78,Lotus,California,United States,Bank Withdrawal
3308-JSGML,Stayed,0,49,,,3,6306,77,Male,1,59,Two Year,$64.05,"$3,886.85","$3,886.85",1,Cable,0,1,6,$0.00,Shandon,California,United States,Credit Card
9496-IVVRP,Stayed,0,49,,,3,5777,42,Female,0,11,Month-to-Month,$51.00,$581.70,"$1,134.94",1,DSL,1,0,57,$44.84,Lake Elsinore,California,United States,Bank Withdrawal
0519-DRGTI,Stayed,0,49,,,4,2522,58,Female,0,20,Month-to-Month,$20.35,$442.60,"$1,291.80",0,,1,0,0,$42.46,Stockton,California,United States,Credit Card
2332-EFBJY,Churned,1,82,Price,Long distance charges,1,3438,35,Male,0,16,Month-to-Month,$19.70,$342.40,$434.24,0,,1,0,0,$5.74,Sherman Oaks,California,United States,Credit Card
1623-NLDOT,Churned,1,82,Competitor,Competitor had better devices,2,2044,55,Female,0,42,One Year,$33.55,"$1,445.30","$1,495.30",1,Cable,0,0,5,$0.00,Lancaster,California,United States,Mailed Check
5756-JYOJT,Stayed,0,49,,,3,3206,55,Female,0,11,One Year,$64.90,$697.25,$752.25,1,Cable,1,1,23,$5.00,Santa Ana,California,United States,Credit Card
4039-HEUNW,Churned,1,82,Price,Lack of affordable download/upload speed,3,4652,77,Male,1,36,Month-to-Month,$96.50,"$3,436.10","$4,034.06",1,Fiber Optic,1,1,3,$16.61,Irvine,California,United States,Bank Withdrawal
1614-JBEBI,Stayed,0,49,,,5,3330,59,Female,0,8,Month-to-Month,$20.70,$137.60,$349.36,0,,1,0,0,$26.47,Georgetown,California,United States,Mailed Check
9289-LBQVU,Stayed,0,49,,,4,5037,24,Male,0,64,One Year,$70.15,"$4,480.70","$6,588.22",1,DSL,1,1,26,$32.93,Hemet,California,United States,Credit Card
0780-XNZFN,Stayed,0,49,,,5,4193,60,Male,0,57,Two Year,$20.65,"$1,125.60","$1,221.93",0,,1,0,0,$1.69,Oakland,California,United States,Bank Withdrawal
3565-UNOCC,Churned,1,82,Competitor,Competitor offered higher download speeds,1,3179,65,Female,1,29,Month-to-Month,$99.05,"$2,952.85","$3,600.42",1,Fiber Optic,1,1,6,$22.33,Stockton,California,United States,Bank Withdrawal
3956-CJUST,Stayed,0,49,,,4,2491,67,Female,1,23,One Year,$75.40,"$1,643.55","$2,128.81",1,Fiber Optic,1,0,25,$17.62,San Francisco,California,United States,Bank Withdrawal
9063-ZGTUY,Churned,1,82,Price,Long distance charges,3,4221,22,Female,0,61,Month-to-Month,$19.40,"$1,182.55","$4,005.02",0,,1,0,0,$46.27,Adelanto,California,United States,Credit Card
1157-BQCUW,Churned,1,82,Competitor,Competitor had better devices,1,2591,59,Male,0,1,Month-to-Month,$74.95,$74.95,$105.02,1,Fiber Optic,1,1,26,$30.07,Fall River Mills,California,United States,Bank Withdrawal
5934-TSSAU,Stayed,0,49,,,5,5903,51,Female,0,23,Month-to-Month,$75.30,"$1,702.90","$2,823.69",1,Fiber Optic,1,1,75,$48.73,Landers,California,United States,Credit Card
4833-QTJNO,Stayed,0,49,,,3,5261,66,Male,1,67,Month-to-Month,$83.85,"$5,588.80","$8,597.10",1,Fiber Optic,1,1,20,$44.90,Coulterville,California,United States,Bank Withdrawal
6097-EQISJ,Churned,1,82,Competitor,Competitor had better devices,1,4688,41,Female,0,66,One Year,$102.45,"$6,615.15","$9,963.97",1,Fiber Optic,1,0,12,$48.77,Los Angeles,California,United States,Credit Card
1496-GGSUK,Churned,1,83,Attitude,Attitude of service provider,1,4095,68,Female,1,1,Month-to-Month,$25.70,$25.70,$25.70,1,Cable,0,1,9,$0.00,Fulton,California,United States,Mailed Check
3417-TSCIC,Stayed,0,49,,,5,4161,19,Male,0,29,One Year,$24.85,$788.05,$788.05,1,DSL,0,1,59,$0.00,Cloverdale,California,United States,Credit Card
5161-XEUVX,Stayed,0,49,,,3,2615,23,Male,0,37,Two Year,$94.30,"$3,460.95","$3,946.76",1,Fiber Optic,1,1,58,$13.13,Lynwood,California,United States,Credit Card
6439-PKTRR,Stayed,0,49,,,4,4412,50,Female,0,70,Two Year,$80.70,"$5,617.95","$5,905.65",1,Cable,1,1,16,$4.11,San Diego,California,United States,Bank Withdrawal
7931-PXHFC,Churned,1,83,Dissatisfaction,Poor expertise of phone support,3,3818,46,Male,0,38,One Year,$62.30,"$2,354.80","$4,110.78",1,Cable,1,1,14,$46.21,Duarte,California,United States,Credit Card
6504-VBLFL,Stayed,0,49,,,3,6231,38,Male,0,55,Two Year,$58.60,"$3,068.60","$3,433.25",1,DSL,1,1,23,$6.63,Madeline,California,United States,Bank Withdrawal
5740-YHGTW,Stayed,0,49,,,4,4551,62,Male,0,70,Month-to-Month,$97.55,"$6,669.05","$8,935.65",1,Fiber Optic,1,1,53,$32.38,Los Angeles,California,United States,Credit Card
3094-JOJAI,Stayed,0,49,,,5,2643,63,Male,0,18,Month-to-Month,$74.15,"$1,387.00","$1,465.84",1,Fiber Optic,1,1,20,$4.38,Maxwell,California,United States,Credit Card
2272-JKMSI,Stayed,0,49,,,4,4306,42,Female,0,62,One Year,$110.80,"$6,840.95","$7,662.45",1,Fiber Optic,1,1,57,$13.25,Roseville,California,United States,Bank Withdrawal
5915-ANOEI,Stayed,0,49,,,4,4408,40,Male,0,70,Two Year,$79.15,"$5,536.50","$8,291.00",1,DSL,1,1,2,$39.35,Corcoran,California,United States,Credit Card
2160-GPFXD,Stayed,0,49,,,3,5725,25,Male,0,54,Two Year,$65.65,"$3,566.70","$4,894.56",1,DSL,1,1,52,$24.59,Davis,California,United States,Credit Card
0727-BMPLR,Churned,1,83,Competitor,Competitor offered higher download speeds,3,5679,66,Female,1,55,One Year,$100.00,"$5,509.30","$7,665.20",1,Fiber Optic,1,0,7,$37.38,Fresno,California,United States,Bank Withdrawal
7729-JTEEC,Joined,0,49,,,5,5456,33,Male,0,2,Month-to-Month,$44.50,$90.05,$151.79,1,DSL,1,1,19,$30.87,Olympic Valley,California,United States,Bank Withdrawal
3217-FZDMN,Churned,1,83,Competitor,Competitor had better devices,1,3676,66,Female,1,8,Month-to-Month,$94.45,$742.95,$784.63,1,Fiber Optic,1,1,8,$5.21,Los Angeles,California,United States,Credit Card
4750-ZRXIU,Churned,1,83,Competitor,Competitor had better devices,1,2467,68,Female,1,4,Month-to-Month,$84.60,$360.10,$386.82,1,Cable,1,1,17,$6.68,Palo Alto,California,United States,Bank Withdrawal
3481-JHUZH,Stayed,0,49,,,5,5757,36,Male,0,41,Month-to-Month,$80.25,"$3,439.00","$5,051.81",1,Fiber Optic,1,1,3,$39.39,Forks Of Salmon,California,United States,Bank Withdrawal
6734-FQAJX,Stayed,0,49,,,4,4143,65,Male,1,67,Two Year,$105.05,"$7,171.70","$9,465.11",1,Fiber Optic,1,1,11,$34.23,Somerset,California,United States,Bank Withdrawal
9142-XMYJH,Stayed,0,49,,,5,5227,46,Female,0,29,Month-to-Month,$19.35,$601.60,$681.64,0,,1,0,0,$2.76,Fresno,California,United States,Credit Card
7083-MIOPC,Stayed,0,49,,,4,5733,62,Female,0,72,Two Year,$20.25,"$1,566.90","$4,616.82",0,,1,0,0,$42.36,Burbank,California,United States,Credit Card
5357-TZHPP,Churned,1,83,Attitude,Attitude of support person,2,5745,67,Male,1,9,Month-to-Month,$84.40,$732.50,"$1,009.70",1,Fiber Optic,1,1,18,$30.80,Wheatland,California,United States,Credit Card
1980-KXVPM,Churned,1,83,Competitor,Competitor had better devices,1,3553,68,Female,1,3,Month-to-Month,$75.05,$256.25,$327.71,1,Fiber Optic,1,1,30,$23.82,El Centro,California,United States,Credit Card
2075-PUEPR,Stayed,0,49,,,3,5248,46,Male,0,55,Two Year,$19.35,"$1,153.25","$2,511.75",0,,1,0,0,$24.70,Newport Coast,California,United States,Bank Withdrawal
9591-YVTEB,Stayed,0,49,,,3,5829,77,Male,1,55,Month-to-Month,$44.85,"$2,479.05","$2,479.05",1,DSL,0,1,30,$0.00,National City,California,United States,Bank Withdrawal
3853-LYGAM,Stayed,0,49,,,4,3139,58,Male,0,17,Month-to-Month,$95.65,"$1,640.00","$1,999.38",1,Fiber Optic,1,1,5,$21.14,Meadow Vista,California,United States,Bank Withdrawal
9801-NOSHQ,Stayed,0,49,,,3,3058,50,Male,0,23,One Year,$19.80,$465.45,$493.05,0,,1,0,0,$1.20,Shingletown,California,United States,Credit Card
5887-IKKYO,Stayed,0,49,,,4,4777,54,Male,0,58,Two Year,$94.35,"$5,563.65","$5,854.23",1,Fiber Optic,1,1,23,$5.01,Pomona,California,United States,Bank Withdrawal
6475-VHUIZ,Stayed,0,49,,,5,5140,47,Female,0,23,Month-to-Month,$54.25,"$1,221.55","$2,116.94",1,Cable,1,1,4,$38.93,Myers Flat,California,United States,Bank Withdrawal
5143-WMWOG,Churned,1,83,Attitude,Attitude of support person,2,2051,62,Male,0,1,Month-to-Month,$19.95,$19.95,$37.56,0,,1,0,0,$17.61,Stratford,California,United States,Bank Withdrawal
5501-TVMGM,Joined,0,49,,,5,3255,21,Male,0,1,Month-to-Month,$55.25,$55.25,$154.44,1,DSL,1,0,69,$39.19,Canby,California,United States,Bank Withdrawal
4182-BGSIQ,Stayed,0,49,,,3,3196,46,Female,0,10,Month-to-Month,$19.80,$196.75,$387.25,0,,1,0,0,$19.05,Durham,California,United States,Bank Withdrawal
4160-AMJTL,Churned,1,83,Attitude,Attitude of support person,2,5432,74,Female,1,8,Month-to-Month,$19.65,$164.30,$387.90,0,,1,0,0,$27.95,Fellows,California,United States,Bank Withdrawal
3878-AVSOQ,Joined,0,49,,,4,5033,68,Female,1,1,Two Year,$71.25,$71.25,$98.85,1,Fiber Optic,1,0,2,$17.60,La Jolla,California,United States,Bank Withdrawal
3890-RTCMS,Stayed,0,49,,,4,3446,29,Male,0,16,Month-to-Month,$49.45,$799.00,"$1,574.20",1,DSL,1,1,59,$48.45,Millville,California,United States,Credit Card
9758-MFWGD,Stayed,0,49,,,5,2617,75,Female,1,48,One Year,$29.90,"$1,388.75","$1,388.75",1,DSL,0,1,19,$0.00,Hawthorne,California,United States,Bank Withdrawal
1935-IMVBB,Stayed,0,49,,,4,5955,43,Male,0,56,Month-to-Month,$89.70,"$4,952.95","$5,123.53",1,Fiber Optic,1,1,14,$3.79,San Diego,California,United States,Credit Card
8849-PRIQJ,Stayed,0,49,,,3,4103,53,Female,0,67,One Year,$109.40,"$7,281.60","$7,464.36",1,Fiber Optic,1,1,19,$3.30,Simi Valley,California,United States,Bank Withdrawal
0818-OCPZO,Churned,1,83,Competitor,Competitor offered more data,3,2571,80,Male,1,27,Month-to-Month,$81.45,"$2,122.05","$3,280.62",1,Fiber Optic,1,1,5,$42.91,Los Angeles,California,United States,Bank Withdrawal
5020-ZSTTY,Churned,1,83,Competitor,Competitor made better offer,1,4149,70,Female,1,54,One Year,$82.45,"$4,350.10","$5,002.42",1,DSL,1,1,5,$12.08,San Diego,California,United States,Bank Withdrawal
7841-FCRQD,Stayed,0,49,,,3,3160,27,Female,0,33,One Year,$53.75,"$1,857.30","$2,367.15",1,Cable,1,1,59,$15.45,Walnut,California,United States,Credit Card
7776-QWNFX,Churned,1,83,Attitude,Attitude of support person,3,4795,71,Male,1,30,Month-to-Month,$50.40,"$1,527.50","$1,667.00",1,DSL,1,1,29,$4.65,Chino,California,United States,Bank Withdrawal
4609-KNNWG,Stayed,0,49,,,5,4870,36,Female,0,27,Two Year,$19.90,$550.10,$614.90,0,,1,0,0,$2.40,Dunnigan,California,United States,Credit Card
0428-IKYCP,Stayed,0,49,,,4,5233,56,Male,0,22,Month-to-Month,$87.00,"$1,850.65","$2,921.61",1,Fiber Optic,1,1,18,$48.68,Sonora,California,United States,Bank Withdrawal
1875-QIVME,Churned,1,83,Attitude,Attitude of support person,3,4690,26,Female,0,2,Month-to-Month,$104.40,$242.80,$220.38,1,Fiber Optic,1,1,53,$11.51,Tujunga,California,United States,Bank Withdrawal
1702-CCFNJ,Stayed,0,49,,,3,4729,39,Male,0,52,Month-to-Month,$61.35,"$3,169.55","$5,491.35",1,Cable,1,1,3,$44.65,Los Angeles,California,United States,Bank Withdrawal
0197-PNKNK,Stayed,0,49,,,3,5629,47,Female,0,69,One Year,$84.45,"$5,848.60","$8,574.08",1,Fiber Optic,1,0,16,$38.92,Scotts Valley,California,United States,Bank Withdrawal
8123-QBNAZ,Stayed,0,49,,,3,4102,39,Female,0,36,Month-to-Month,$104.50,"$3,684.95","$5,258.15",1,Fiber Optic,1,1,26,$43.70,Scott Bar,California,United States,Credit Card
5419-JKZNQ,Stayed,0,49,,,3,2009,65,Male,1,30,Month-to-Month,$77.90,"$2,351.45","$2,437.25",1,Fiber Optic,1,1,19,$2.86,La Mesa,California,United States,Mailed Check
3933-DQPWX,Stayed,0,49,,,3,5174,48,Female,0,50,Two Year,$39.70,"$1,932.75","$1,932.75",1,DSL,0,1,6,$0.00,Barstow,California,United States,Credit Card
6223-DHJGV,Stayed,0,49,,,4,5956,56,Female,0,42,One Year,$20.65,$958.10,"$1,934.60",0,,1,0,0,$23.25,Los Angeles,California,United States,Credit Card
2974-GGUXS,Stayed,0,48,,,5,3273,74,Female,1,36,Month-to-Month,$91.95,"$3,301.05","$3,690.81",1,Fiber Optic,1,1,16,$11.32,Granite Bay,California,United States,Credit Card
3913-FCUUW,Stayed,0,48,,,3,4463,52,Female,0,72,Two Year,$70.45,"$5,165.70","$5,658.90",1,DSL,1,1,19,$6.85,Hanford,California,United States,Bank Withdrawal
2868-MZAGQ,Churned,1,83,Dissatisfaction,Service dissatisfaction,1,5533,49,Male,0,1,Month-to-Month,$79.25,$79.25,$99.23,1,Fiber Optic,1,1,5,$19.98,Modesto,California,United States,Bank Withdrawal
9801-GDWGV,Churned,1,83,Competitor,Competitor made better offer,2,4811,52,Female,0,39,Month-to-Month,$103.45,"$3,994.45","$5,349.31",1,Fiber Optic,1,1,28,$34.74,Temecula,California,United States,Bank Withdrawal
1767-CJKBA,Stayed,0,48,,,4,6025,39,Male,0,66,Two Year,$25.10,"$1,697.70","$4,940.28",0,,1,0,0,$49.13,Richmond,California,United States,Credit Card
1208-DNHLN,Churned,1,83,Other,Don't know,2,4580,60,Male,0,23,One Year,$48.35,"$1,067.15","$1,200.55",1,DSL,1,1,12,$5.80,Grizzly Flats,California,United States,Credit Card
5203-XEHAX,Stayed,0,48,,,3,3445,55,Female,0,34,One Year,$64.35,"$2,053.05","$3,555.70",1,DSL,1,1,7,$45.56,Macdoel,California,United States,Bank Withdrawal
5325-UWTWJ,Stayed,0,48,,,4,5722,47,Male,0,31,Month-to-Month,$90.55,"$2,929.75","$3,624.77",1,Fiber Optic,1,1,21,$22.42,Berkeley,California,United States,Credit Card
8519-IMDHU,Churned,1,83,Competitor,Competitor had better devices,1,4981,74,Male,1,15,Month-to-Month,$85.60,"$1,345.55","$2,024.30",1,Cable,1,1,22,$45.25,Alderpoint,California,United States,Bank Withdrawal
4585-HETAI,Churned,1,83,Dissatisfaction,Service dissatisfaction,1,5026,25,Female,0,4,Month-to-Month,$73.75,$325.45,$519.37,1,Fiber Optic,1,1,58,$48.48,Huntington Park,California,United States,Bank Withdrawal
6608-QQLVK,Churned,1,83,Competitor,Competitor made better offer,3,2077,35,Male,0,1,Month-to-Month,$50.50,$50.50,$90.08,1,DSL,1,1,28,$39.58,Bangor,California,United States,Bank Withdrawal
7252-NTGSS,Joined,0,48,,,3,4131,43,Female,0,1,Month-to-Month,$45.15,$45.15,$87.49,1,DSL,1,1,10,$42.34,Redondo Beach,California,United States,Credit Card
7384-GHBPI,Churned,1,83,Attitude,Attitude of support person,2,2987,61,Male,0,3,Month-to-Month,$35.15,$99.75,$99.75,1,Cable,0,1,13,$0.00,San Dimas,California,United States,Bank Withdrawal
8967-SZQAS,Stayed,0,48,,,5,3185,25,Female,0,14,Month-to-Month,$50.45,$765.45,"$1,454.53",1,DSL,1,0,48,$39.22,Hornitos,California,United States,Bank Withdrawal
1379-FRVEB,Stayed,0,48,,,4,4602,31,Male,0,15,Month-to-Month,$91.00,"$1,430.05","$1,883.35",1,Fiber Optic,1,1,12,$30.22,San Bernardino,California,United States,Bank Withdrawal
3957-LXOLK,Churned,1,83,Competitor,Competitor offered more data,1,5030,75,Female,1,28,Month-to-Month,$106.15,"$3,152.50","$3,423.26",1,Fiber Optic,1,1,28,$9.67,Shingletown,California,United States,Bank Withdrawal
7209-JCUDS,Churned,1,83,Competitor,Competitor had better devices,1,2832,25,Male,0,10,Month-to-Month,$94.90,"$1,048.85","$1,451.05",1,Fiber Optic,1,1,41,$40.22,Stockton,California,United States,Bank Withdrawal
6651-AZVTJ,Churned,1,83,Attitude,Attitude of support person,1,6088,27,Male,0,49,Month-to-Month,$99.80,"$4,872.45","$7,302.51",1,Fiber Optic,1,0,73,$46.94,Pomona,California,United States,Bank Withdrawal
6967-PEJLL,Stayed,0,48,,,4,2308,23,Male,0,37,One Year,$40.20,"$1,525.35","$1,525.35",1,Cable,0,1,52,$0.00,San Diego,California,United States,Bank Withdrawal
3301-VKTGC,Stayed,0,48,,,3,4380,27,Male,0,68,One Year,$85.50,"$5,696.60","$7,714.16",1,Fiber Optic,1,1,85,$29.67,Huron,California,United States,Bank Withdrawal
8714-EUHJO,Churned,1,83,Dissatisfaction,Poor expertise of online support,2,5219,39,Female,0,31,Month-to-Month,$91.15,"$2,995.45","$4,194.22",1,Cable,1,0,13,$38.67,Castella,California,United States,Bank Withdrawal
1915-OAKWD,Stayed,0,48,,,3,2870,56,Female,0,16,One Year,$19.30,$360.35,"$1,065.15",0,,1,0,0,$44.05,Belvedere Tiburon,California,United States,Bank Withdrawal
6177-PEVRA,Stayed,0,48,,,4,4975,58,Female,0,48,Two Year,$55.50,"$2,627.35","$3,252.79",1,DSL,1,1,5,$13.03,Corcoran,California,United States,Credit Card
4489-SNOJF,Churned,1,83,Other,Don't know,1,5898,28,Female,0,35,Month-to-Month,$72.25,"$2,568.55","$3,453.00",1,DSL,1,1,82,$25.27,Deer Park,California,United States,Bank Withdrawal
4818-DRBQT,Churned,1,83,Attitude,Attitude of support person,3,5189,29,Male,0,29,Month-to-Month,$80.15,"$2,265.25","$3,020.12",1,Fiber Optic,1,1,47,$26.03,Farmersville,California,United States,Bank Withdrawal
8879-ZKJOF,Stayed,0,48,,,4,5556,57,Female,0,41,One Year,$79.85,"$3,320.75","$4,887.36",1,DSL,1,1,5,$38.21,Gardena,California,United States,Bank Withdrawal
9933-QRGTX,Stayed,0,48,,,4,4905,59,Female,0,60,Two Year,$97.20,"$5,611.75","$7,561.75",1,Fiber Optic,1,1,13,$32.50,Windsor,California,United States,Bank Withdrawal
5821-MMEIL,Stayed,0,48,,,5,4408,43,Female,0,57,Two Year,$19.90,"$1,115.60","$3,672.62",0,,1,0,0,$44.86,Nipton,California,United States,Bank Withdrawal
1853-ARAAQ,Stayed,0,48,,,5,2510,47,Female,0,26,Month-to-Month,$50.35,"$1,277.50","$1,277.50",1,DSL,0,1,7,$0.00,Cayucos,California,United States,Credit Card
4472-VESGY,Stayed,0,48,,,4,5123,41,Female,0,52,Month-to-Month,$98.15,"$4,993.40","$6,610.08",1,Fiber Optic,1,1,28,$31.09,Durham,California,United States,Bank Withdrawal
6434-TTGJP,Stayed,0,48,,,3,5671,49,Male,0,10,Two Year,$53.70,$521.00,$498.03,1,Cable,0,1,24,$0.00,Geyserville,California,United States,Credit Card
3161-ONRWK,Stayed,0,48,,,3,4053,35,Male,0,60,One Year,$65.85,"$3,928.30","$6,542.50",1,DSL,1,1,30,$43.57,Hydesville,California,United States,Bank Withdrawal
5998-DZLYR,Stayed,0,48,,,5,4676,55,Female,0,61,Two Year,$94.35,"$5,703.00","$7,206.66",1,Fiber Optic,1,1,13,$25.14,Sutter,California,United States,Bank Withdrawal
0096-FCPUF,Stayed,0,48,,,3,5039,58,Male,0,30,Month-to-Month,$64.50,"$1,888.45","$1,967.65",1,DSL,1,1,15,$2.64,Santa Rosa,California,United States,Mailed Check
0568-ONFPC,Churned,1,83,Other,Moved,1,2102,34,Male,0,5,Month-to-Month,$25.90,$135.00,$335.25,0,,1,0,0,$40.05,San Francisco,California,United States,Bank Withdrawal
5931-FLJJF,Churned,1,83,Attitude,Attitude of service provider,2,3669,75,Male,1,7,Month-to-Month,$70.10,$467.55,$559.67,1,Fiber Optic,1,1,22,$16.05,Midway City,California,United States,Credit Card
2446-BEGGB,Churned,1,83,Attitude,Attitude of support person,3,3330,79,Female,1,6,Month-to-Month,$98.25,$560.60,$844.70,1,Fiber Optic,1,1,29,$47.35,Lakewood,California,United States,Bank Withdrawal
4654-GGUII,Stayed,0,48,,,4,4624,28,Female,0,18,One Year,$40.20,$711.95,$801.95,1,DSL,0,0,48,$0.00,Smartville,California,United States,Credit Card
9530-GRMJG,Stayed,0,48,,,4,5568,63,Male,0,70,Two Year,$84.10,"$5,979.70","$8,697.80",1,DSL,1,1,24,$38.83,Whittier,California,United States,Bank Withdrawal
6543-CPZMK,Churned,1,83,Competitor,Competitor offered more data,2,2573,32,Male,0,9,Month-to-Month,$29.95,$248.95,$258.95,1,DSL,0,0,9,$0.00,Ventura,California,United States,Bank Withdrawal
0975-VOOVL,Joined,0,48,,,4,4699,34,Female,0,3,Month-to-Month,$29.20,$98.50,$98.50,1,DSL,0,1,22,$0.00,Agoura Hills,California,United States,Credit Card
5949-EBSQK,Churned,1,83,Price,Price too high,2,2131,44,Male,0,4,Month-to-Month,$61.45,$229.55,$338.51,1,DSL,1,1,21,$27.24,Sunset Beach,California,United States,Credit Card
5651-YLPRD,Stayed,0,48,,,5,4970,45,Female,0,32,Month-to-Month,$86.10,"$2,723.75","$3,706.87",1,Fiber Optic,1,0,57,$26.66,Danville,California,United States,Bank Withdrawal
2250-IVBWA,Stayed,0,48,,,3,5168,47,Male,0,64,Month-to-Month,$81.05,"$5,135.35","$8,302.71",1,Fiber Optic,1,1,12,$49.49,San Jose,California,United States,Bank Withdrawal
8571-ZCMCX,Stayed,0,48,,,3,3248,37,Female,0,47,Two Year,$60.00,"$2,768.65","$2,768.65",1,DSL,0,1,25,$0.00,Fresno,California,United States,Credit Card
3340-QBBFM,Stayed,0,48,,,3,4017,65,Male,1,36,One Year,$54.10,"$1,992.85","$3,689.52",1,DSL,1,1,28,$47.16,Petaluma,California,United States,Credit Card
2969-VAPYH,Stayed,0,48,,,3,4363,28,Female,0,67,One Year,$60.50,"$3,870.00","$6,281.33",1,DSL,1,1,73,$35.99,Fresno,California,United States,Credit Card
8735-IJJEG,Stayed,0,48,,,3,4253,27,Male,0,14,Month-to-Month,$50.20,$668.85,$725.55,1,DSL,1,1,59,$4.05,Guatay,California,United States,Credit Card
9786-YWNHU,Stayed,0,48,,,3,5733,62,Female,0,63,Two Year,$63.55,"$4,014.20","$4,178.54",1,DSL,1,0,27,$1.18,Fontana,California,United States,Credit Card
8384-FZBJK,Stayed,0,48,,,3,6351,37,Female,0,57,Month-to-Month,$100.60,"$5,611.70","$7,456.79",1,Fiber Optic,1,1,28,$32.37,San Mateo,California,United States,Bank Withdrawal
1053-MXTTK,Stayed,0,48,,,4,5730,63,Female,0,72,Two Year,$108.65,"$7,726.35","$8,767.47",1,Fiber Optic,1,1,29,$14.46,North Hollywood,California,United States,Bank Withdrawal
2790-XUYMV,Stayed,0,48,,,4,4777,19,Male,0,71,One Year,$85.45,"$6,028.95","$8,293.14",1,Fiber Optic,1,1,30,$31.89,Mount Hamilton,California,United States,Credit Card
6614-YOLAC,Stayed,0,48,,,4,4151,31,Female,0,71,Two Year,$58.65,"$4,145.25","$4,145.25",1,Cable,0,1,8,$0.00,Oakland,California,United States,Credit Card
0743-HRVFF,Stayed,0,48,,,5,4132,42,Female,0,51,One Year,$56.15,"$2,898.95","$2,898.95",1,DSL,0,1,76,$0.00,Bakersfield,California,United States,Bank Withdrawal
7803-XOCCZ,Stayed,0,48,,,3,6099,54,Female,0,52,Month-to-Month,$84.05,"$4,326.80","$5,988.72",1,Fiber Optic,1,1,26,$31.96,Anza,California,United States,Bank Withdrawal
0230-UBYPQ,Stayed,0,48,,,3,5089,76,Male,1,63,One Year,$36.10,"$2,298.90","$2,298.90",1,DSL,0,1,7,$0.00,Hyampom,California,United States,Bank Withdrawal
7055-HNEOJ,Joined,0,48,,,4,2662,34,Male,0,3,Month-to-Month,$55.80,$154.55,$167.12,1,Cable,1,1,6,$4.19,El Dorado Hills,California,United States,Mailed Check
5066-GFJMM,Joined,0,48,,,5,3716,55,Female,0,3,Month-to-Month,$19.90,$45.75,$169.83,0,,1,0,0,$41.36,Eureka,California,United States,Credit Card
6896-SRVYQ,Stayed,0,48,,,5,4374,69,Male,1,44,One Year,$73.85,"$3,122.40","$5,293.04",1,Fiber Optic,1,0,3,$47.06,Camino,California,United States,Bank Withdrawal
0749-IRGQE,Stayed,0,48,,,4,4118,68,Female,1,13,Month-to-Month,$45.30,$528.45,$528.45,1,DSL,0,1,9,$0.00,Buena Park,California,United States,Bank Withdrawal
6323-AYBRX,Churned,1,83,Price,Price too high,3,5084,51,Male,0,59,Two Year,$19.35,"$1,099.60","$2,656.55",0,,1,0,0,$26.63,Ontario,California,United States,Credit Card
3580-REOAC,Churned,1,83,Competitor,Competitor made better offer,2,4061,34,Male,0,10,Month-to-Month,$44.85,$435.40,$931.20,1,DSL,1,1,17,$49.58,San Diego,California,United States,Credit Card
7253-UVNDW,Churned,1,83,Dissatisfaction,Network reliability,3,2793,52,Female,0,46,Two Year,$54.35,"$2,460.15","$4,539.35",1,DSL,1,1,17,$45.20,Santa Barbara,California,United States,Credit Card
8749-JMNKX,Churned,1,83,Dissatisfaction,Limited range of services,1,4788,80,Male,1,51,Month-to-Month,$93.80,"$4,750.95","$5,880.09",1,Fiber Optic,1,1,30,$22.14,Montebello,California,United States,Bank Withdrawal
9442-JTWDL,Stayed,0,48,,,4,5355,52,Female,0,11,One Year,$20.05,$237.70,$533.05,0,,1,0,0,$26.85,Heber,California,United States,Credit Card
6950-TWMYB,Stayed,0,48,,,3,4387,31,Male,0,54,Two Year,$79.95,"$4,362.05","$6,883.85",1,Fiber Optic,1,1,75,$46.70,Santa Monica,California,United States,Bank Withdrawal
6505-OZNPG,Stayed,0,48,,,4,3909,21,Female,0,6,Two Year,$63.40,$348.80,$358.80,1,Cable,0,0,52,$0.00,Annapolis,California,United States,Mailed Check
5872-OEQNH,Stayed,0,48,,,4,4928,29,Female,0,60,One Year,$44.45,"$2,773.90","$2,773.90",1,DSL,0,1,73,$0.00,Carmichael,California,United States,Bank Withdrawal
4537-CIBHB,Stayed,0,48,,,5,4272,59,Female,0,9,One Year,$20.25,$172.35,$285.30,0,,1,0,0,$12.55,Arvin,California,United States,Credit Card
2863-IMQDR,Stayed,0,48,,,3,6149,52,Female,0,61,Two Year,$89.65,"$5,308.70","$6,739.15",1,DSL,1,1,8,$23.45,San Diego,California,United States,Bank Withdrawal
6969-MVBAI,Stayed,0,48,,,5,2893,66,Female,1,9,Month-to-Month,$90.10,$816.80,"$1,176.80",1,Fiber Optic,1,1,4,$40.00,Davis Creek,California,United States,Bank Withdrawal
7493-GVFIO,Stayed,0,48,,,3,4565,56,Male,0,57,Two Year,$20.55,"$1,252.85","$1,993.28",0,,1,0,0,$12.99,Stockton,California,United States,Credit Card
2521-NPUZR,Stayed,0,48,,,3,5025,26,Male,0,70,Two Year,$101.00,"$7,085.50","$9,959.00",1,Fiber Optic,1,1,59,$41.05,Santa Maria,California,United States,Credit Card
8042-RNLKO,Stayed,0,48,,,3,4163,40,Male,0,66,One Year,$25.45,"$1,699.15","$3,825.67",0,,1,0,0,$32.22,Watsonville,California,United States,Bank Withdrawal
8262-COGGB,Joined,0,48,,,3,5384,53,Male,0,1,Month-to-Month,$20.45,$20.45,$32.06,0,,1,0,0,$11.61,Visalia,California,United States,Mailed Check
3946-MHCZW,Churned,1,83,Attitude,Attitude of support person,1,5111,50,Male,0,1,Month-to-Month,$50.90,$50.90,$57.85,1,DSL,1,1,11,$6.95,Ontario,California,United States,Credit Card
2542-HYGIQ,Joined,0,48,,,5,2732,58,Female,0,1,Month-to-Month,$19.95,$19.95,$58.79,0,,1,0,0,$38.84,Palo Alto,California,United States,Credit Card
6257-RJOHI,Stayed,0,47,,,5,4521,58,Male,0,4,Month-to-Month,$50.80,$202.30,$209.82,1,DSL,1,1,21,$1.88,San Diego,California,United States,Credit Card
7268-IGMFD,Stayed,0,47,,,4,3728,75,Male,1,18,Two Year,$93.90,"$1,743.90","$1,778.46",1,Fiber Optic,1,1,25,$1.92,Avila Beach,California,United States,Bank Withdrawal
2928-HLDBA,Stayed,0,47,,,5,5346,31,Female,0,6,Month-to-Month,$20.70,$112.75,$159.07,0,,1,0,0,$7.72,Cypress,California,United States,Credit Card
7779-LGOVN,Churned,1,84,Dissatisfaction,Limited range of services,1,4990,74,Male,1,10,Month-to-Month,$86.65,$856.65,"$1,321.65",1,Cable,1,1,4,$46.50,Paskenta,California,United States,Bank Withdrawal
6000-UKLWI,Stayed,0,47,,,3,4982,46,Male,0,41,Two Year,$20.15,$802.35,"$2,279.56",0,,1,0,0,$36.76,Sacramento,California,United States,Credit Card
6586-MYGKD,Stayed,0,47,,,3,6280,46,Male,0,70,Two Year,$76.95,"$5,289.80","$6,568.00",1,DSL,1,1,18,$18.26,Newport Beach,California,United States,Credit Card
0298-XACET,Stayed,0,47,,,4,5396,35,Male,0,52,Two Year,$50.20,"$2,554.00","$2,526.99",1,DSL,0,1,17,$0.00,Berry Creek,California,United States,Credit Card
2623-DRYAM,Stayed,0,47,,,3,5596,19,Female,0,70,One Year,$101.75,"$7,069.30","$8,460.90",1,Fiber Optic,1,1,26,$19.88,Jamul,California,United States,Bank Withdrawal
7811-JIVPF,Stayed,0,47,,,5,4790,44,Female,0,23,Month-to-Month,$49.70,"$1,081.25","$2,203.23",1,Cable,1,0,2,$42.26,Long Beach,California,United States,Credit Card
3070-DVEYC,Churned,1,84,Attitude,Attitude of support person,2,5638,78,Male,1,7,Month-to-Month,$73.75,$545.15,$771.95,1,Fiber Optic,1,1,7,$32.40,Williams,California,United States,Credit Card
8879-XUAHX,Stayed,0,47,,,3,6124,42,Male,0,71,Two Year,$116.25,"$8,564.75","$9,004.24",1,Fiber Optic,1,1,9,$6.19,Irvine,California,United States,Bank Withdrawal
9796-BPKIW,Stayed,0,47,,,3,2939,67,Male,1,8,Two Year,$69.95,$562.70,$902.94,1,Fiber Optic,1,1,6,$42.53,Redwood City,California,United States,Credit Card
5360-XGYAZ,Stayed,0,47,,,3,4934,32,Male,0,72,Two Year,$65.65,"$4,664.50","$4,724.50",1,DSL,0,0,16,$0.00,Los Angeles,California,United States,Bank Withdrawal
7752-XUSCI,Churned,1,84,Other,Don't know,2,4105,20,Female,0,60,Month-to-Month,$105.90,"$6,396.45","$7,038.45",1,Fiber Optic,1,1,71,$10.70,Crestline,California,United States,Bank Withdrawal
4418-LZMSV,Stayed,0,47,,,3,4749,56,Male,0,13,Month-to-Month,$61.80,$750.10,"$1,116.05",1,Cable,1,1,56,$28.15,San Diego,California,United States,Bank Withdrawal
3704-IEAXF,Stayed,0,47,,,3,5498,49,Female,0,72,Two Year,$53.65,"$3,784.00","$3,784.00",1,DSL,0,1,53,$0.00,Los Angeles,California,United States,Credit Card
5857-XRECV,Joined,0,47,,,3,4486,44,Female,0,2,One Year,$20.50,$38.25,$100.27,0,,1,0,0,$31.01,Manteca,California,United States,Bank Withdrawal
4280-DLSHD,Stayed,0,47,,,3,4099,36,Male,0,8,Month-to-Month,$54.75,$445.85,$597.85,1,Cable,1,1,8,$19.00,San Bernardino,California,United States,Credit Card
2474-BRUCM,Churned,1,84,Other,Don't know,1,2837,76,Male,1,40,Month-to-Month,$101.85,"$4,086.30","$4,200.30",1,Fiber Optic,1,1,3,$2.85,Redding,California,United States,Bank Withdrawal
6837-HAEVO,Stayed,0,47,,,4,5436,47,Male,0,69,Two Year,$105.00,"$7,297.75","$8,849.56",1,Fiber Optic,1,1,11,$22.49,Moreno Valley,California,United States,Bank Withdrawal
0907-HQNTS,Stayed,0,47,,,3,4588,74,Female,1,70,Two Year,$113.00,"$7,987.60","$11,221.60",1,Fiber Optic,1,1,14,$46.20,Pittsburg,California,United States,Credit Card
7799-DSEWS,Stayed,0,47,,,3,5993,22,Male,0,18,Month-to-Month,$68.35,"$1,299.80","$2,176.04",1,DSL,1,1,48,$48.68,Hayward,California,United States,Bank Withdrawal
8033-ATFAS,Stayed,0,47,,,3,3900,32,Female,0,39,Month-to-Month,$59.85,"$2,341.50","$4,218.96",1,Cable,1,1,23,$48.14,San Mateo,California,United States,Credit Card
7926-IJOOU,Joined,0,47,,,5,5626,50,Male,0,1,Month-to-Month,$19.30,$19.30,$35.66,0,,1,0,0,$16.36,San Francisco,California,United States,Credit Card
6339-RZCBJ,Stayed,0,47,,,4,4063,45,Male,0,48,Two Year,$78.90,"$3,771.50","$3,943.82",1,DSL,1,1,10,$3.59,Colton,California,United States,Credit Card
2309-OSFEU,Churned,1,84,Attitude,Attitude of support person,1,2529,42,Male,0,10,Month-to-Month,$33.90,$298.45,$298.45,1,DSL,0,1,30,$0.00,Smith River,California,United States,Credit Card
4121-AGSIN,Stayed,0,47,,,4,4455,44,Female,0,58,One Year,$24.50,"$1,497.90","$3,602.78",0,,1,0,0,$36.45,Ben Lomond,California,United States,Credit Card
5135-GRQJV,Stayed,0,47,,,3,6051,75,Male,1,72,Two Year,$114.50,"$8,331.95","$8,735.15",1,Fiber Optic,1,1,19,$5.60,Cantua Creek,California,United States,Mailed Check
2904-GGUAZ,Stayed,0,47,,,4,5515,24,Female,0,72,Two Year,$84.05,"$6,052.25","$7,215.05",1,Fiber Optic,1,1,52,$16.15,Potrero,California,United States,Bank Withdrawal
9279-CJEOJ,Stayed,0,47,,,4,5691,77,Female,1,21,Month-to-Month,$95.40,"$2,025.10","$2,810.50",1,Fiber Optic,1,1,16,$37.40,Anaheim,California,United States,Bank Withdrawal
6867-ACCZI,Stayed,0,47,,,3,3303,34,Female,0,24,Two Year,$52.50,"$1,208.15","$1,208.15",1,DSL,0,1,75,$0.00,Bethel Island,California,United States,Credit Card
2453-SAFNS,Stayed,0,47,,,5,4277,68,Female,1,54,One Year,$72.10,"$3,886.05","$6,339.27",1,Cable,1,1,2,$45.43,Likely,California,United States,Credit Card
2978-XXSOG,Stayed,0,47,,,4,3995,33,Female,0,22,Month-to-Month,$59.05,"$1,253.50","$1,974.00",1,DSL,1,1,24,$32.75,Doyle,California,United States,Credit Card
7404-JLKQG,Joined,0,47,,,3,4099,21,Female,0,3,Month-to-Month,$57.55,$161.45,$306.35,1,Cable,1,1,42,$48.30,Glennville,California,United States,Bank Withdrawal
7124-UGSUR,Churned,1,84,Competitor,Competitor had better devices,1,4412,77,Female,1,61,One Year,$104.40,"$6,405.00","$8,546.71",1,Fiber Optic,1,1,17,$35.11,Los Angeles,California,United States,Credit Card
1114-CENIM,Churned,1,84,Other,Don't know,1,5282,43,Male,0,54,Month-to-Month,$55.00,"$3,092.65","$3,454.45",1,Cable,1,1,16,$6.70,San Jacinto,California,United States,Credit Card
3295-YVUSR,Joined,0,47,,,3,5098,73,Male,1,2,Month-to-Month,$72.60,$154.30,$184.68,1,Fiber Optic,1,1,30,$15.19,Glendale,California,United States,Mailed Check
4592-IWTJI,Churned,1,84,Attitude,Attitude of support person,1,2613,46,Female,0,3,Month-to-Month,$29.70,$91.70,$91.70,1,Cable,0,1,15,$0.00,Homewood,California,United States,Credit Card
9739-JLPQJ,Stayed,0,47,,,4,6009,58,Female,0,72,Two Year,$117.50,"$8,670.10","$11,025.19",1,Fiber Optic,1,1,16,$33.37,Long Beach,California,United States,Credit Card
7718-RXDGG,Stayed,0,47,,,4,3351,54,Male,0,15,Month-to-Month,$68.60,"$1,108.60","$1,561.15",1,Fiber Optic,1,0,10,$24.17,Newcastle,California,United States,Bank Withdrawal
3703-KBKZP,Stayed,0,47,,,5,5111,70,Male,1,16,Two Year,$74.45,"$1,261.35","$1,613.67",1,Fiber Optic,1,1,5,$22.02,Standish,California,United States,Bank Withdrawal
7998-WNZEM,Stayed,0,47,,,4,5447,51,Male,0,71,Two Year,$80.60,"$5,708.20","$6,579.37",1,DSL,1,1,21,$12.27,San Francisco,California,United States,Bank Withdrawal
1941-HOSAM,Joined,0,47,,,3,4142,20,Male,0,1,Month-to-Month,$90.10,$90.10,$114.43,1,Fiber Optic,1,1,59,$24.33,San Diego,California,United States,Bank Withdrawal
8779-YIQQA,Stayed,0,47,,,3,3243,38,Male,0,21,One Year,$19.80,$350.10,$728.10,0,,1,0,0,$18.00,Pico Rivera,California,United States,Credit Card
2806-MLNTI,Stayed,0,47,,,4,4621,79,Male,1,52,One Year,$105.10,"$5,376.40","$6,892.20",1,Fiber Optic,1,1,9,$29.15,White Water,California,United States,Bank Withdrawal
0880-TKATG,Churned,1,84,Competitor,Competitor had better devices,1,4417,21,Male,0,4,Month-to-Month,$101.15,$385.90,$424.14,1,Fiber Optic,1,1,48,$9.56,Lucerne Valley,California,United States,Bank Withdrawal
8314-DPQHL,Stayed,0,47,,,4,5535,61,Male,0,9,One Year,$50.80,$463.60,$463.60,1,DSL,0,1,14,$0.00,Auberry,California,United States,Mailed Check
0386-CWRGM,Stayed,0,47,,,4,2320,61,Female,0,46,Two Year,$19.40,$967.85,"$3,152.85",0,,1,0,0,$47.50,Beverly Hills,California,United States,Credit Card
5440-VHLUL,Stayed,0,47,,,3,6247,48,Male,0,69,One Year,$105.20,"$7,386.05","$10,461.38",1,Fiber Optic,1,1,28,$44.57,Berkeley,California,United States,Bank Withdrawal
6032-KRXXO,Churned,1,84,Competitor,Competitor made better offer,2,5654,33,Male,0,30,Month-to-Month,$90.25,"$2,755.35","$3,657.15",1,Fiber Optic,1,1,19,$30.06,San Diego,California,United States,Bank Withdrawal
6358-LYNGM,Churned,1,84,Other,Moved,3,2548,26,Male,0,1,Month-to-Month,$74.90,$74.90,$76.74,1,Fiber Optic,1,1,76,$1.84,Mariposa,California,United States,Bank Withdrawal
3547-LQRIK,Stayed,0,47,,,4,2382,20,Female,0,47,One Year,$26.90,"$1,250.85","$1,799.81",0,,1,0,0,$11.68,San Gregorio,California,United States,Bank Withdrawal
1113-IUJYX,Churned,1,84,Competitor,Competitor offered higher download speeds,1,5887,59,Female,0,14,One Year,$105.95,"$1,348.90","$1,427.72",1,Fiber Optic,1,1,23,$5.63,Winnetka,California,United States,Credit Card
5353-WILCI,Stayed,0,47,,,3,4468,51,Female,0,28,Month-to-Month,$56.05,"$1,522.65","$2,867.73",1,Cable,1,0,15,$44.11,Stockton,California,United States,Bank Withdrawal
1221-GHZEP,Stayed,0,47,,,3,5172,45,Female,0,62,Two Year,$65.10,"$3,846.75","$5,283.91",1,DSL,1,1,18,$23.18,Hemet,California,United States,Credit Card
3486-NPGST,Stayed,0,47,,,5,2691,47,Female,0,36,One Year,$19.55,$620.75,"$2,108.63",0,,1,0,0,$41.33,Mill Valley,California,United States,Credit Card
4919-MOAVT,Churned,1,84,Competitor,Competitor offered higher download speeds,2,2421,53,Male,0,3,Month-to-Month,$69.65,$220.10,$338.24,1,Fiber Optic,1,1,23,$39.38,Pasadena,California,United States,Bank Withdrawal
9851-QXEEQ,Churned,1,84,Competitor,Competitor had better devices,1,3316,21,Male,0,41,Month-to-Month,$104.70,"$4,346.40","$6,303.74",1,Fiber Optic,1,1,48,$47.74,Bangor,California,United States,Bank Withdrawal
2005-DWQZJ,Stayed,0,47,,,3,3153,26,Female,0,8,Two Year,$19.05,$201.70,$543.06,0,,1,0,0,$42.67,Stevenson Ranch,California,United States,Credit Card
9796-MVYXX,Stayed,0,47,,,4,3162,75,Female,1,14,Two Year,$39.70,$692.35,$692.35,1,DSL,0,1,24,$0.00,Weldon,California,United States,Credit Card
0447-RXSGD,Stayed,0,47,,,3,5207,39,Male,0,24,Month-to-Month,$99.65,"$2,404.85","$3,021.17",1,Fiber Optic,1,1,6,$25.68,Monterey,California,United States,Bank Withdrawal
2277-AXSDC,Stayed,0,46,,,4,4691,46,Female,0,32,One Year,$19.75,$624.15,"$2,025.75",0,,1,0,0,$43.80,El Centro,California,United States,Bank Withdrawal
3086-RUCRN,Stayed,0,46,,,3,6183,33,Female,0,66,Month-to-Month,$103.10,"$6,595.00","$9,442.24",1,Fiber Optic,1,1,20,$43.14,Paicines,California,United States,Bank Withdrawal
5309-TAIKL,Stayed,0,46,,,4,4080,42,Female,0,7,Month-to-Month,$62.80,$418.30,$476.33,1,DSL,1,1,21,$8.29,Rio Linda,California,United States,Bank Withdrawal
3359-DSRKA,Stayed,0,46,,,4,6440,48,Female,0,58,Two Year,$19.85,"$1,158.85","$1,843.83",0,,1,0,0,$11.81,Scott Bar,California,United States,Credit Card
2746-DIJLO,Stayed,0,46,,,5,2994,40,Female,0,41,One Year,$56.30,"$2,364.00","$3,859.27",1,DSL,1,1,8,$36.47,Harbor City,California,United States,Credit Card
0750-EKNGL,Stayed,0,46,,,5,4476,44,Male,0,7,Month-to-Month,$20.75,$141.10,$471.43,0,,1,0,0,$47.19,Hyampom,California,United States,Mailed Check
4693-VWVBO,Joined,0,46,,,4,3889,60,Female,0,3,Month-to-Month,$19.55,$61.05,$183.99,0,,1,0,0,$40.98,Valley Springs,California,United States,Bank Withdrawal
3460-TJBWI,Stayed,0,46,,,5,5865,58,Male,0,24,Two Year,$24.20,$609.05,$785.93,0,,1,0,0,$7.37,Marshall,California,United States,Credit Card
5013-SBUIH,Churned,1,84,Competitor,Competitor had better devices,1,5855,63,Female,0,50,Two Year,$109.65,"$5,551.15","$6,936.15",1,Fiber Optic,1,1,28,$27.70,Stockton,California,United States,Bank Withdrawal
9546-KDTRB,Stayed,0,46,,,5,3612,62,Female,0,19,Month-to-Month,$24.70,$465.85,$689.54,0,,1,0,0,$11.86,Pasadena,California,United States,Bank Withdrawal
7977-HXJKU,Stayed,0,46,,,3,2447,45,Male,0,21,Two Year,$19.60,$397.00,$976.60,0,,1,0,0,$27.60,Scotia,California,United States,Credit Card
9661-MHUMO,Churned,1,84,Dissatisfaction,Service dissatisfaction,3,4478,71,Male,1,1,Month-to-Month,$49.25,$49.25,$57.63,1,DSL,1,1,19,$8.38,Mather,California,United States,Credit Card
6485-QXWWE,Stayed,0,46,,,3,4535,51,Female,0,62,Two Year,$26.00,"$1,638.70","$1,814.16",0,,1,0,0,$2.83,Old Station,California,United States,Bank Withdrawal
5816-SCGFC,Stayed,0,46,,,4,3660,73,Female,1,7,Two Year,$51.30,$419.35,$496.42,1,Cable,1,1,18,$11.01,Fullerton,California,United States,Credit Card
6551-GNYDG,Stayed,0,46,,,5,2563,33,Female,0,14,Month-to-Month,$80.90,"$1,152.80","$1,715.88",1,Fiber Optic,1,1,19,$40.22,Long Beach,California,United States,Bank Withdrawal
7895-VONWT,Stayed,0,46,,,5,4284,20,Female,0,25,Month-to-Month,$48.25,"$1,293.80","$1,293.80",1,Cable,0,1,59,$0.00,Manhattan Beach,California,United States,Bank Withdrawal
8561-NMTBD,Stayed,0,46,,,4,5427,20,Female,0,67,One Year,$112.35,"$7,388.45","$8,755.92",1,Fiber Optic,1,1,52,$20.41,Lawndale,California,United States,Credit Card
6993-OHLXR,Churned,1,84,Competitor,Competitor had better devices,1,5225,26,Female,0,2,Month-to-Month,$68.95,$119.75,$181.21,1,Fiber Optic,1,1,39,$30.73,Walnut Creek,California,United States,Bank Withdrawal
4208-UFFGW,Churned,1,84,Other,Don't know,2,5900,80,Male,1,2,Month-to-Month,$44.95,$85.15,$138.39,1,DSL,1,1,11,$26.62,Byron,California,United States,Credit Card
0207-MDKNV,Churned,1,84,Competitor,Competitor made better offer,1,2122,54,Female,0,15,Month-to-Month,$105.10,"$1,582.75","$1,918.60",1,Fiber Optic,1,1,7,$22.39,Daly City,California,United States,Bank Withdrawal
4695-VADHF,Churned,1,84,Competitor,Competitor had better devices,1,2989,53,Male,0,18,Month-to-Month,$57.45,$990.85,"$1,026.60",1,DSL,1,1,22,$2.86,Oakland,California,United States,Bank Withdrawal
8454-AATJP,Stayed,0,46,,,3,5905,41,Female,0,72,Two Year,$115.05,"$8,405.00","$9,816.20",1,Fiber Optic,1,1,15,$19.60,Oakland,California,United States,Credit Card
8215-NGSPE,Stayed,0,46,,,3,3413,63,Female,0,42,Two Year,$20.00,$833.55,$965.43,0,,1,0,0,$3.14,Oxnard,California,United States,Credit Card
0742-LAFQK,Stayed,0,46,,,3,5152,52,Male,0,72,Two Year,$99.15,"$7,422.10","$9,500.02",1,Fiber Optic,1,1,8,$28.86,Fullerton,California,United States,Bank Withdrawal
5898-IGSLP,Stayed,0,46,,,3,2132,37,Male,0,31,Month-to-Month,$89.30,"$2,823.00","$3,466.56",1,Fiber Optic,1,1,57,$20.76,Mountain View,California,United States,Bank Withdrawal
6715-OFDBP,Churned,1,84,Price,Price too high,1,4944,52,Male,0,5,Month-to-Month,$70.05,$346.40,$417.70,1,DSL,1,1,26,$14.26,Palo Alto,California,United States,Bank Withdrawal
3537-HPKQT,Stayed,0,46,,,3,4621,20,Female,0,55,Month-to-Month,$77.75,"$4,266.40","$5,556.15",1,Fiber Optic,1,1,53,$23.45,Mentone,California,United States,Credit Card
0820-FNRNX,Stayed,0,46,,,3,2814,48,Male,0,17,Month-to-Month,$66.70,"$1,077.05","$1,584.84",1,DSL,1,1,53,$29.87,Lafayette,California,United States,Mailed Check
6773-LQTVT,Stayed,0,46,,,5,4107,67,Female,1,29,Two Year,$35.65,"$1,025.15","$1,000.08",1,DSL,0,1,20,$0.00,Long Beach,California,United States,Credit Card
4112-LUEIZ,Churned,1,84,Attitude,Attitude of support person,3,4206,55,Male,0,10,Month-to-Month,$89.50,$863.10,$990.90,1,Fiber Optic,1,1,2,$12.78,La Palma,California,United States,Bank Withdrawal
1626-ERCMM,Churned,1,84,Competitor,Competitor had better devices,1,5604,75,Male,1,20,Month-to-Month,$94.55,"$1,899.65","$2,005.85",1,Fiber Optic,1,1,10,$5.31,Camp Nelson,California,United States,Bank Withdrawal
0661-KQHNK,Stayed,0,46,,,5,5518,38,Female,0,6,One Year,$19.00,$105.50,$285.56,0,,1,0,0,$30.01,Round Mountain,California,United States,Credit Card
6848-YLDFR,Stayed,0,46,,,4,4559,54,Male,0,58,One Year,$75.20,"$4,300.80","$6,351.10",1,DSL,1,1,29,$35.35,Gerber,California,United States,Credit Card
5520-FVEWJ,Churned,1,84,Competitor,Competitor had better devices,1,4154,28,Female,0,12,Month-to-Month,$84.50,$916.90,"$1,404.46",1,Fiber Optic,1,1,59,$40.63,Santa Rosa,California,United States,Bank Withdrawal
6579-JPICP,Joined,0,46,,,5,2968,31,Male,0,1,Month-to-Month,$20.40,$20.40,$38.21,0,,1,0,0,$17.81,Riverside,California,United States,Mailed Check
7267-FRMJW,Stayed,0,46,,,3,5306,25,Female,0,25,Two Year,$20.10,$486.05,$600.30,0,,1,0,0,$4.57,Sierra Madre,California,United States,Credit Card
7008-LZVOZ,Stayed,0,46,,,5,5617,59,Male,0,66,Two Year,$25.30,"$1,672.35","$4,216.65",0,,1,0,0,$38.55,Pixley,California,United States,Credit Card
3039-MJSLN,Joined,0,46,,,3,3594,36,Male,0,3,Month-to-Month,$20.20,$50.60,$105.89,0,,1,0,0,$18.43,Cressey,California,United States,Bank Withdrawal
8774-GSBUN,Stayed,0,46,,,5,6011,40,Male,0,72,Two Year,$25.40,"$1,797.10","$2,095.90",0,,1,0,0,$4.15,Compton,California,United States,Credit Card
6351-SCJKT,Joined,0,46,,,3,5534,32,Male,0,3,Month-to-Month,$41.35,$107.25,$107.25,1,Cable,0,1,25,$0.00,Santa Cruz,California,United States,Credit Card
5982-XMDEX,Stayed,0,46,,,3,4404,42,Female,0,65,Two Year,$26.50,"$1,698.55","$3,889.70",0,,1,0,0,$33.71,Arvin,California,United States,Bank Withdrawal
4583-PARNH,Stayed,0,46,,,5,4045,66,Male,1,16,Month-to-Month,$91.55,"$1,540.05","$1,787.09",1,Fiber Optic,1,1,20,$15.44,Kerman,California,United States,Bank Withdrawal
9611-CTWIH,Churned,1,84,Competitor,Competitor made better offer,3,3591,56,Female,0,3,Month-to-Month,$89.45,$240.45,$288.90,1,Fiber Optic,1,1,13,$16.15,Garden Grove,California,United States,Bank Withdrawal
1320-REHCS,Stayed,0,46,,,5,4993,75,Male,1,52,Two Year,$110.75,"$5,832.00","$7,023.82",1,Fiber Optic,1,1,25,$23.04,Inglewood,California,United States,Bank Withdrawal
8067-NIOYM,Stayed,0,46,,,5,4368,51,Female,0,24,Two Year,$21.10,$490.65,$985.05,0,,1,0,0,$20.60,Irvine,California,United States,Credit Card
8165-CBKXO,Stayed,0,46,,,3,5748,35,Male,0,66,Two Year,$56.75,"$3,708.40","$3,708.40",1,Cable,0,1,25,$0.00,Los Angeles,California,United States,Credit Card
6121-VZNQB,Churned,1,84,Competitor,Competitor made better offer,2,5890,35,Female,0,1,Month-to-Month,$19.10,$19.10,$53.89,0,,1,0,0,$34.79,Bolinas,California,United States,Credit Card
3508-CFVZL,Stayed,0,46,,,3,5957,55,Female,0,71,Two Year,$111.30,"$7,985.90","$11,501.82",1,Fiber Optic,1,1,19,$49.52,El Monte,California,United States,Credit Card
2673-ZALNP,Stayed,0,46,,,3,2750,29,Female,0,7,One Year,$19.90,$173.15,$286.55,0,,1,0,0,$16.20,Mcarthur,California,United States,Credit Card
9885-MFVSU,Stayed,0,46,,,4,4577,59,Female,0,35,Two Year,$46.35,"$1,662.05","$1,802.05",1,DSL,0,0,24,$0.00,Poway,California,United States,Credit Card
7693-LCKZL,Churned,1,84,Competitor,Competitor had better devices,1,5124,57,Male,0,5,Month-to-Month,$80.15,$385.00,$442.70,1,Fiber Optic,1,1,19,$11.54,Julian,California,United States,Bank Withdrawal
3005-TYFRD,Stayed,0,46,,,5,4768,54,Female,0,55,Month-to-Month,$103.65,"$5,676.65","$7,527.95",1,Fiber Optic,1,1,25,$33.66,Tollhouse,California,United States,Credit Card
1628-BIZYP,Joined,0,46,,,4,5754,60,Male,0,1,Month-to-Month,$85.00,$85.00,$100.20,1,Fiber Optic,1,1,2,$15.20,Brentwood,California,United States,Bank Withdrawal
5875-YPQFJ,Churned,1,84,Competitor,Competitor offered higher download speeds,3,5367,51,Male,0,1,Month-to-Month,$69.90,$69.90,$115.56,1,Fiber Optic,1,1,28,$45.66,Fremont,California,United States,Bank Withdrawal
1898-JSNDC,Stayed,0,46,,,4,5662,23,Female,0,39,One Year,$58.60,"$2,224.50","$4,103.13",1,DSL,1,1,58,$48.17,Elk Grove,California,United States,Credit Card
8720-RQSBJ,Joined,0,46,,,4,4320,69,Male,1,1,Two Year,$44.00,$44.00,$72.67,1,DSL,1,1,4,$28.67,Armona,California,United States,Bank Withdrawal
8436-BJUMM,Churned,1,84,Competitor,Competitor offered higher download speeds,3,2404,62,Male,0,26,Month-to-Month,$83.75,"$2,070.60","$3,004.00",1,Cable,1,1,26,$35.90,Albany,California,United States,Bank Withdrawal
0897-FEGMU,Churned,1,84,Dissatisfaction,Network reliability,3,5286,43,Female,0,11,Month-to-Month,$99.50,"$1,056.95","$1,398.83",1,Fiber Optic,1,1,26,$31.08,Los Angeles,California,United States,Bank Withdrawal
9170-GYZJC,Churned,1,84,Price,Price too high,1,4734,42,Female,0,41,Month-to-Month,$79.90,"$3,326.20","$5,181.86",1,Cable,1,1,56,$45.26,Vallecito,California,United States,Credit Card
3058-HJCUY,Churned,1,84,Competitor,Competitor had better devices,1,2098,36,Male,0,41,One Year,$102.60,"$4,213.35","$6,056.65",1,Fiber Optic,1,1,10,$45.03,Rancho Cordova,California,United States,Bank Withdrawal
6128-AQBMT,Stayed,0,46,,,3,3920,65,Male,1,41,Two Year,$53.95,"$2,215.40","$2,215.40",1,Cable,0,1,9,$0.00,Nicasio,California,United States,Bank Withdrawal
5243-SAOTC,Stayed,0,46,,,4,5166,36,Male,0,54,Month-to-Month,$79.85,"$4,308.25","$4,720.81",1,Fiber Optic,1,1,3,$7.64,Bonsall,California,United States,Bank Withdrawal
5228-EXCET,Churned,1,85,Competitor,Competitor made better offer,1,5964,40,Male,0,13,Month-to-Month,$80.85,"$1,008.70","$1,171.72",1,Fiber Optic,1,1,20,$12.54,San Diego,California,United States,Bank Withdrawal
2476-YGEFM,Stayed,0,46,,,3,5324,24,Female,0,29,Month-to-Month,$76.00,"$2,215.25","$2,418.54",1,Fiber Optic,1,1,42,$7.01,Clovis,California,United States,Credit Card
3373-YZZYM,Joined,0,46,,,5,3007,57,Male,0,1,Month-to-Month,$19.20,$19.20,$51.98,0,,1,0,0,$32.78,Los Gatos,California,United States,Credit Card
3191-CSNMG,Joined,0,46,,,4,2081,57,Female,0,3,Month-to-Month,$80.70,$239.45,$310.61,1,Fiber Optic,1,1,17,$23.72,Upland,California,United States,Bank Withdrawal
5868-CZJDR,Churned,1,85,Attitude,Attitude of service provider,2,3605,41,Male,0,1,Month-to-Month,$31.35,$31.35,$111.35,1,DSL,0,0,6,$0.00,Linden,California,United States,Mailed Check
0064-YIJGF,Stayed,0,46,,,3,4994,60,Male,0,27,Month-to-Month,$75.75,"$1,929.00","$2,611.02",1,Fiber Optic,1,1,23,$25.26,Yermo,California,United States,Bank Withdrawal
3512-IZIKN,Churned,1,85,Dissatisfaction,Product dissatisfaction,1,5591,57,Female,0,70,Two Year,$65.30,"$4,759.75","$7,746.65",1,DSL,1,1,24,$42.67,San Bernardino,California,United States,Credit Card
1534-OULXE,Stayed,0,46,,,3,4577,34,Female,0,61,One Year,$49.70,"$2,961.40","$5,575.25",1,DSL,1,1,11,$42.85,Atherton,California,United States,Bank Withdrawal
5924-IFQTT,Stayed,0,46,,,4,2862,33,Male,0,13,Month-to-Month,$72.80,$930.05,"$1,109.06",1,DSL,1,1,23,$13.77,Crescent Mills,California,United States,Bank Withdrawal
4967-WPNCF,Stayed,0,46,,,3,4921,36,Male,0,72,Two Year,$63.70,"$4,464.80","$4,464.80",1,Cable,0,1,14,$0.00,Huron,California,United States,Bank Withdrawal
2925-VDZHY,Stayed,0,46,,,4,4641,64,Male,0,72,Two Year,$88.70,"$6,501.35","$8,562.71",1,DSL,1,1,19,$28.63,Sonora,California,United States,Credit Card
2004-OCQXK,Churned,1,85,Competitor,Competitor had better devices,1,5622,44,Female,0,1,Month-to-Month,$81.95,$81.95,$126.89,1,Fiber Optic,1,1,16,$44.94,Merced,California,United States,Bank Withdrawal
9633-XQABV,Joined,0,46,,,4,2156,33,Female,0,3,Month-to-Month,$70.25,$229.70,$305.90,1,Fiber Optic,1,1,10,$25.40,Los Banos,California,United States,Bank Withdrawal
1984-GPTEH,Stayed,0,46,,,4,5491,47,Female,0,29,Month-to-Month,$25.15,$702.00,$833.37,0,,1,0,0,$4.53,Burbank,California,United States,Bank Withdrawal
2649-HWLYB,Stayed,0,46,,,4,6177,45,Male,0,65,Two Year,$76.15,"$4,929.55","$6,332.25",1,DSL,1,1,13,$21.58,Fresno,California,United States,Bank Withdrawal
6921-OZMFH,Stayed,0,46,,,3,3598,38,Male,0,5,Month-to-Month,$55.70,$259.40,$354.25,1,Cable,1,1,12,$18.97,Santa Clara,California,United States,Credit Card
2088-IEBAU,Stayed,0,46,,,3,5531,63,Female,0,68,Two Year,$88.15,"$6,148.45","$7,595.92",1,DSL,1,1,2,$21.82,Poway,California,United States,Bank Withdrawal
3133-PZNSR,Stayed,0,46,,,3,4054,25,Male,0,72,Two Year,$97.75,"$6,991.60","$8,488.48",1,Fiber Optic,1,1,59,$20.79,Belmont,California,United States,Credit Card
0959-WHOKV,Stayed,0,46,,,3,2887,28,Male,0,42,One Year,$99.00,"$4,298.45","$4,568.09",1,Fiber Optic,1,1,48,$6.42,Covina,California,United States,Bank Withdrawal
1809-DMJHQ,Churned,1,85,Competitor,Competitor had better devices,1,4846,56,Female,0,5,Month-to-Month,$46.00,$221.70,$341.15,1,DSL,1,1,14,$23.89,Newport Beach,California,United States,Mailed Check
6918-UMQCG,Stayed,0,46,,,3,3391,25,Female,0,5,Month-to-Month,$80.20,$384.25,$628.55,1,Fiber Optic,1,1,59,$48.86,Orange,California,United States,Bank Withdrawal
6647-ZEDXT,Stayed,0,45,,,4,4983,19,Female,0,30,One Year,$110.45,"$3,327.05","$3,721.85",1,Fiber Optic,1,1,27,$13.16,Santa Maria,California,United States,Credit Card
8966-KZXXA,Stayed,0,45,,,3,3040,48,Male,0,36,Two Year,$25.10,$930.95,"$2,183.39",0,,1,0,0,$34.79,Long Beach,California,United States,Credit Card
4139-DETXS,Stayed,0,45,,,4,5265,53,Female,0,72,Two Year,$64.45,"$4,528.00","$4,528.00",1,DSL,0,1,6,$0.00,Needles,California,United States,Bank Withdrawal
0128-MKWSG,Stayed,0,45,,,4,3287,51,Female,0,26,Month-to-Month,$45.80,"$1,147.00","$1,147.00",1,DSL,0,1,19,$0.00,Stevenson Ranch,California,United States,Credit Card
0862-PRCBS,Stayed,0,45,,,3,4121,32,Female,0,68,Two Year,$103.75,"$7,039.45","$8,133.57",1,Fiber Optic,1,1,53,$16.09,San Francisco,California,United States,Credit Card
8405-IGQFX,Stayed,0,45,,,3,4039,41,Female,0,63,One Year,$90.05,"$5,817.00","$8,358.42",1,Fiber Optic,1,1,8,$40.34,Bridgeport,California,United States,Credit Card
3307-TLCUD,Stayed,0,45,,,3,4207,36,Male,0,17,Month-to-Month,$34.40,$592.75,$592.75,1,Cable,0,1,10,$0.00,Los Angeles,California,United States,Mailed Check
7079-QRCBC,Churned,1,85,Competitor,Competitor had better devices,1,4016,35,Female,0,24,Month-to-Month,$98.75,"$2,407.30","$3,311.86",1,Fiber Optic,1,1,18,$37.69,Sacramento,California,United States,Bank Withdrawal
5174-ITUMV,Stayed,0,45,,,5,5666,37,Male,0,67,One Year,$105.40,"$6,989.45","$9,601.11",1,Fiber Optic,1,1,16,$38.98,San Jacinto,California,United States,Bank Withdrawal
9822-OAOVB,Joined,0,45,,,4,5286,63,Female,0,1,Month-to-Month,$55.45,$55.45,$71.88,1,DSL,1,0,27,$6.43,Santa Maria,California,United States,Bank Withdrawal
5678-VFNEQ,Stayed,0,45,,,4,4695,19,Female,0,71,One Year,$104.10,"$7,412.25","$7,723.94",1,Fiber Optic,1,1,82,$4.39,Rocklin,California,United States,Credit Card
2659-VXMWZ,Churned,1,85,Attitude,Attitude of support person,3,4146,58,Male,0,67,One Year,$111.30,"$7,482.10","$9,441.18",1,Fiber Optic,1,1,21,$29.24,Newport Coast,California,United States,Bank Withdrawal
1853-UDXBW,Churned,1,85,Price,Price too high,2,2485,38,Male,0,1,Month-to-Month,$70.00,$70.00,$108.80,1,Fiber Optic,1,1,4,$38.80,Samoa,California,United States,Bank Withdrawal
3148-AOIQT,Stayed,0,45,,,3,4106,23,Female,0,69,Two Year,$24.95,"$1,718.35","$4,831.63",0,,1,0,0,$45.12,Sacramento,California,United States,Credit Card
6172-FECYY,Churned,1,85,Competitor,Competitor offered more data,3,4639,55,Male,0,49,Month-to-Month,$84.50,"$4,254.85","$6,195.25",1,Fiber Optic,1,1,20,$39.60,Antioch,California,United States,Bank Withdrawal
3345-JHUEO,Stayed,0,45,,,3,4267,29,Male,0,4,Month-to-Month,$20.20,$55.70,$241.82,0,,1,0,0,$46.53,Windsor,California,United States,Bank Withdrawal
3703-TTEPD,Stayed,0,45,,,3,2887,28,Male,0,21,Month-to-Month,$65.35,"$1,424.40","$1,763.76",1,DSL,1,1,42,$16.16,Irvine,California,United States,Bank Withdrawal
1342-JPNKI,Churned,1,85,Other,Don't know,3,2966,33,Male,0,10,Month-to-Month,$86.05,$834.10,$893.30,1,Fiber Optic,1,1,11,$5.92,Lake Forest,California,United States,Bank Withdrawal
3791-LGQCY,Churned,1,85,Attitude,Attitude of support person,1,4803,68,Female,1,56,Month-to-Month,$100.65,"$5,688.05","$7,711.41",1,Cable,1,0,29,$33.81,Loomis,California,United States,Bank Withdrawal
2987-BJXIK,Stayed,0,45,,,4,4180,44,Female,0,70,Two Year,$84.70,"$5,991.05","$7,176.15",1,DSL,1,1,10,$16.93,Tulare,California,United States,Credit Card
2676-OXPPQ,Stayed,0,45,,,3,2482,22,Male,0,6,Month-to-Month,$55.70,$335.65,$354.61,1,DSL,1,1,41,$3.16,Irvine,California,United States,Bank Withdrawal
2867-UIMSS,Churned,1,85,Dissatisfaction,Product dissatisfaction,1,2734,24,Male,0,1,Month-to-Month,$80.50,$80.50,$116.27,1,Fiber Optic,1,1,69,$35.77,Vernalis,California,United States,Bank Withdrawal
4707-MAXGU,Stayed,0,45,,,5,5514,36,Male,0,72,Two Year,$25.85,"$1,872.20","$4,460.63",0,,1,0,0,$36.03,Canyon Country,California,United States,Credit Card
0442-ZXKVS,Stayed,0,45,,,3,4337,79,Female,1,54,One Year,$115.60,"$6,431.05","$8,791.39",1,Fiber Optic,1,1,12,$43.71,Denair,California,United States,Bank Withdrawal
0345-XMMUG,Stayed,0,45,,,5,5119,29,Female,0,46,Two Year,$108.90,"$4,854.30","$4,946.30",1,Fiber Optic,1,1,48,$2.00,Ione,California,United States,Credit Card
4572-DVCGN,Churned,1,85,Competitor,Competitor made better offer,3,3598,40,Female,0,10,Month-to-Month,$80.25,$846.00,"$1,117.00",1,Fiber Optic,1,1,11,$27.10,San Diego,California,United States,Bank Withdrawal
7771-CFQRQ,Stayed,0,45,,,3,5144,32,Female,0,47,Two Year,$63.80,"$3,007.25","$4,500.07",1,DSL,1,0,57,$30.06,Mariposa,California,United States,Bank Withdrawal
9681-OXGVC,Churned,1,85,Competitor,Competitor made better offer,3,5180,54,Female,0,5,Month-to-Month,$100.50,$514.00,$655.00,1,Fiber Optic,1,1,29,$28.20,Laytonville,California,United States,Bank Withdrawal
9357-UJRUN,Stayed,0,45,,,3,5428,50,Male,0,24,One Year,$58.35,"$1,346.90","$2,163.14",1,Cable,1,1,4,$34.01,Carlotta,California,United States,Bank Withdrawal
1116-DXXDF,Stayed,0,45,,,4,2698,38,Male,0,39,Two Year,$100.45,"$3,801.70","$5,281.36",1,Fiber Optic,1,1,19,$37.94,Porter Ranch,California,United States,Bank Withdrawal
7964-YESJC,Stayed,0,45,,,3,2235,21,Female,0,24,Month-to-Month,$66.30,"$1,559.45","$1,750.06",1,DSL,1,1,27,$9.30,Moorpark,California,United States,Credit Card
5472-CVMDX,Stayed,0,45,,,3,5278,21,Female,0,68,Two Year,$38.90,"$2,719.20","$2,719.20",1,DSL,0,1,58,$0.00,Bolinas,California,United States,Credit Card
1958-RNRKS,Stayed,0,45,,,4,3712,62,Male,0,30,Month-to-Month,$49.90,"$1,441.95","$1,708.75",1,DSL,1,0,8,$5.56,El Segundo,California,United States,Bank Withdrawal
4837-PZTIC,Stayed,0,45,,,3,2540,54,Female,0,47,Two Year,$41.90,"$1,875.25","$1,875.25",1,Cable,0,1,23,$0.00,Torrance,California,United States,Credit Card
4732-RRJZC,Stayed,0,45,,,3,4954,31,Male,0,7,Month-to-Month,$20.25,$144.35,$424.21,0,,1,0,0,$39.98,Bridgeville,California,United States,Credit Card
5006-MXVRN,Stayed,0,45,,,4,3733,23,Female,0,39,Two Year,$20.70,$762.45,"$1,924.26",0,,1,0,0,$29.79,Keyes,California,United States,Credit Card
5897-ZYEKH,Stayed,0,45,,,3,5768,74,Female,1,67,One Year,$105.60,"$7,112.15","$7,910.12",1,Fiber Optic,1,1,10,$11.91,Lincoln,California,United States,Bank Withdrawal
9948-YPTDG,Churned,1,85,Competitor,Competitor offered more data,1,2405,44,Male,0,38,Month-to-Month,$79.45,"$3,013.05","$4,396.87",1,Fiber Optic,1,0,13,$35.61,San Rafael,California,United States,Bank Withdrawal
7682-AZNDK,Stayed,0,45,,,5,3096,25,Male,0,34,Month-to-Month,$89.85,"$3,091.75","$3,701.06",1,Fiber Optic,1,1,85,$18.36,Williams,California,United States,Bank Withdrawal
6131-JLWZM,Stayed,0,45,,,4,5332,27,Female,0,13,Month-to-Month,$20.30,$275.40,$561.53,0,,1,0,0,$22.01,San Francisco,California,United States,Credit Card
5439-WIKXB,Stayed,0,45,,,3,4914,65,Male,1,41,Month-to-Month,$94.55,"$3,851.45","$5,796.31",1,Fiber Optic,1,0,2,$46.46,Newhall,California,United States,Bank Withdrawal
0337-CNPZE,Churned,1,85,Price,Price too high,2,5383,63,Female,0,41,Month-to-Month,$106.30,"$4,443.45","$5,001.08",1,Fiber Optic,1,0,22,$10.43,Los Angeles,California,United States,Bank Withdrawal
1229-RCALF,Stayed,0,45,,,4,5189,37,Female,0,64,One Year,$115.00,"$7,396.15","$10,368.31",1,Fiber Optic,1,1,29,$46.44,San Jose,California,United States,Bank Withdrawal
4529-CKBCL,Churned,1,85,Attitude,Attitude of service provider,2,4381,51,Female,0,2,Month-to-Month,$80.20,$146.05,$255.63,1,Fiber Optic,1,0,22,$49.79,Ventura,California,United States,Bank Withdrawal
5656-JAMLX,Stayed,0,45,,,5,4278,29,Male,0,62,Two Year,$19.85,"$1,253.65","$2,132.19",0,,1,0,0,$14.17,Greenbrae,California,United States,Bank Withdrawal
5825-XJOCM,Stayed,0,45,,,4,2545,39,Male,0,48,One Year,$64.40,"$3,035.35","$4,294.87",1,Cable,1,1,53,$26.24,Gazelle,California,United States,Bank Withdrawal
2709-UQGNP,Stayed,0,45,,,4,4292,38,Male,0,10,Month-to-Month,$51.65,$524.50,"$1,014.90",1,Cable,1,1,23,$49.04,San Mateo,California,United States,Credit Card
4614-NUVZD,Churned,1,85,Competitor,Competitor offered more data,3,2075,53,Female,0,1,Month-to-Month,$81.10,$81.10,$103.96,1,Fiber Optic,1,1,24,$22.86,Anaheim,California,United States,Bank Withdrawal
2569-WGERO,Stayed,0,45,,,5,5306,30,Female,0,72,Two Year,$21.15,"$1,419.40","$3,039.53",0,,1,0,0,$22.77,Landers,California,United States,Bank Withdrawal
2789-CZANW,Stayed,0,45,,,3,5574,49,Female,0,64,Two Year,$110.30,"$6,997.30","$8,351.54",1,Fiber Optic,1,1,23,$21.16,Dublin,California,United States,Bank Withdrawal
2279-AXJJK,Stayed,0,45,,,3,4465,27,Male,0,52,Month-to-Month,$95.65,"$5,088.40","$5,541.48",1,Fiber Optic,1,1,85,$8.94,Cazadero,California,United States,Credit Card
6769-DCQLI,Churned,1,85,Other,Don't know,2,4630,21,Male,0,52,One Year,$105.00,"$5,426.85","$7,989.93",1,Fiber Optic,1,1,51,$49.29,Pope Valley,California,United States,Bank Withdrawal
8690-ZVLCL,Stayed,0,44,,,3,5436,49,Female,0,68,Two Year,$88.00,"$6,161.90","$9,160.58",1,DSL,1,0,22,$43.51,Los Angeles,California,United States,Credit Card
1663-MHLHE,Joined,0,44,,,3,4629,33,Male,0,1,Month-to-Month,$19.20,$19.20,$55.08,0,,1,0,0,$35.88,Duarte,California,United States,Credit Card
8039-EQPIM,Stayed,0,44,,,3,5717,22,Male,0,69,Two Year,$60.25,"$4,055.50","$4,175.50",1,DSL,0,0,59,$0.00,Spring Valley,California,United States,Bank Withdrawal
0224-RLWWD,Joined,0,44,,,3,3805,73,Female,1,2,One Year,$44.30,$89.30,$137.12,1,Cable,1,1,22,$23.91,Calexico,California,United States,Bank Withdrawal
0516-VRYBW,Churned,1,85,Attitude,Attitude of support person,3,4931,39,Female,0,18,One Year,$20.15,$390.85,$551.95,0,,1,0,0,$8.95,Stanton,California,United States,Bank Withdrawal
5799-JRCZO,Stayed,0,44,,,5,4370,48,Female,0,63,Two Year,$19.50,"$1,215.10","$2,747.26",0,,1,0,0,$24.32,North San Juan,California,United States,Credit Card
8648-PFRMP,Stayed,0,44,,,4,2056,71,Female,1,14,Two Year,$46.35,$672.70,$672.70,1,Cable,0,1,5,$0.00,Ferndale,California,United States,Bank Withdrawal
3663-MITLP,Churned,1,85,Dissatisfaction,Lack of self-service on Website,3,3968,43,Female,0,15,Month-to-Month,$101.25,"$1,457.25","$1,709.55",1,Fiber Optic,1,1,26,$16.82,Marina,California,United States,Bank Withdrawal
6139-ZZRBQ,Stayed,0,44,,,4,4309,79,Male,1,64,Two Year,$20.05,"$1,198.05","$1,517.41",0,,1,0,0,$4.99,Granite Bay,California,United States,Bank Withdrawal
7181-BQYBV,Churned,1,85,Attitude,Attitude of service provider,1,4811,52,Female,0,1,Month-to-Month,$102.45,$102.45,$128.33,1,Fiber Optic,1,1,9,$25.88,Garden Grove,California,United States,Bank Withdrawal
0842-IWYCP,Stayed,0,44,,,5,2626,19,Female,0,46,Month-to-Month,$44.95,"$2,168.90","$4,023.62",1,Cable,1,1,51,$40.32,Helendale,California,United States,Bank Withdrawal
6563-VNPMN,Stayed,0,44,,,4,5397,80,Female,1,45,Month-to-Month,$85.70,"$3,778.10","$4,014.40",1,Fiber Optic,1,0,20,$4.14,Sylmar,California,United States,Bank Withdrawal
2000-DHJUY,Stayed,0,44,,,4,5264,67,Female,1,70,Two Year,$92.20,"$6,474.45","$7,781.35",1,DSL,1,1,21,$18.67,Menlo Park,California,United States,Bank Withdrawal
9867-NNXLC,Stayed,0,44,,,5,5555,43,Female,0,22,Month-to-Month,$20.05,$470.20,"$1,216.44",0,,1,0,0,$33.92,Pacific Grove,California,United States,Credit Card
7665-NKLAV,Stayed,0,44,,,4,2564,19,Female,0,36,Two Year,$40.65,"$1,547.35","$1,547.35",1,Cable,0,1,71,$0.00,Pleasanton,California,United States,Credit Card
2075-RMJIK,Stayed,0,44,,,4,5756,54,Female,0,5,Month-to-Month,$49.40,$232.55,$477.85,1,Cable,1,0,52,$47.06,Santa Ysabel,California,United States,Mailed Check
6229-LSCKB,Stayed,0,44,,,5,2893,69,Male,1,6,Month-to-Month,$79.70,$497.60,$787.52,1,Fiber Optic,1,1,11,$48.32,Encino,California,United States,Bank Withdrawal
7472-EQOAV,Stayed,0,44,,,3,4485,76,Male,1,71,One Year,$86.70,"$6,179.35","$8,320.71",1,Fiber Optic,1,1,19,$30.16,Laguna Niguel,California,United States,Bank Withdrawal
9702-AIUJO,Stayed,0,44,,,5,6115,22,Male,0,50,One Year,$44.80,"$2,230.85","$4,025.13",1,DSL,1,1,41,$36.61,Santa Paula,California,United States,Bank Withdrawal
7493-TPUWZ,Churned,1,85,Competitor,Competitor had better devices,1,4243,64,Male,0,1,Month-to-Month,$79.15,$79.15,$103.63,1,Fiber Optic,1,1,24,$24.48,Diamond Springs,California,United States,Bank Withdrawal
3640-JQGJG,Stayed,0,44,,,3,4680,25,Male,0,13,Month-to-Month,$44.80,$559.20,$692.05,1,Cable,1,0,59,$6.18,Pasadena,California,United States,Bank Withdrawal
0396-YCHWO,Stayed,0,44,,,3,5111,58,Male,0,36,Month-to-Month,$95.40,"$3,474.20","$4,935.08",1,Fiber Optic,1,1,12,$40.58,Sacramento,California,United States,Bank Withdrawal
0924-BJCRC,Stayed,0,44,,,3,4340,70,Female,1,60,Two Year,$89.45,"$5,294.60","$6,785.40",1,Fiber Optic,1,0,19,$24.68,Felton,California,United States,Bank Withdrawal
5168-MSWXT,Stayed,0,44,,,5,5505,26,Male,0,8,Month-to-Month,$94.75,$759.55,$936.67,1,Fiber Optic,1,1,82,$22.14,Essex,California,United States,Bank Withdrawal
5198-HQAEN,Stayed,0,44,,,4,2775,50,Male,0,35,One Year,$89.70,"$3,165.60","$3,219.15",1,Fiber Optic,1,1,57,$1.53,Fremont,California,United States,Bank Withdrawal
8868-GAGIO,Stayed,0,44,,,3,3289,49,Male,0,45,Month-to-Month,$84.55,"$3,713.95","$4,739.95",1,Fiber Optic,1,1,15,$22.80,Sunnyvale,California,United States,Credit Card
1415-YFWLT,Churned,1,85,Competitor,Competitor had better devices,1,3067,68,Female,1,1,Month-to-Month,$89.30,$89.30,$119.53,1,Fiber Optic,1,1,30,$30.23,Shaver Lake,California,United States,Bank Withdrawal
7382-DFJTU,Stayed,0,44,,,4,2110,63,Male,0,18,Month-to-Month,$55.20,"$1,058.10","$1,917.06",1,DSL,1,1,28,$47.72,Lakeshore,California,United States,Credit Card
9674-EHPPG,Stayed,0,44,,,3,2519,63,Male,0,46,Two Year,$40.40,"$1,842.70","$1,922.70",1,DSL,0,0,26,$0.00,Berkeley,California,United States,Credit Card
7552-KEYGT,Stayed,0,44,,,4,4430,53,Male,0,27,Two Year,$19.55,$520.55,"$1,713.68",0,,1,0,0,$44.19,Platina,California,United States,Bank Withdrawal
7808-DVWEP,Joined,0,44,,,3,3985,51,Male,0,3,Month-to-Month,$20.00,$49.65,$142.83,0,,1,0,0,$31.06,Chico,California,United States,Bank Withdrawal
7398-LXGYX,Stayed,0,44,,,4,2770,53,Male,0,44,Month-to-Month,$84.80,"$3,626.35","$4,523.55",1,Fiber Optic,1,1,10,$21.39,Pioneertown,California,United States,Credit Card
3785-KTYSH,Stayed,0,44,,,5,4610,24,Male,0,53,Two Year,$24.60,"$1,279.00","$3,051.80",0,,1,0,0,$34.16,Mission Hills,California,United States,Credit Card
2207-NHRJK,Churned,1,85,Competitor,Competitor had better devices,1,3718,58,Male,0,1,Month-to-Month,$50.80,$50.80,$52.08,1,DSL,1,1,27,$1.28,Carmel,California,United States,Bank Withdrawal
0708-LGSMF,Stayed,0,44,,,3,2731,56,Male,0,13,Month-to-Month,$65.85,$902.25,"$1,088.41",1,DSL,1,1,4,$14.32,Milpitas,California,United States,Bank Withdrawal
0487-RPVUM,Stayed,0,44,,,4,5404,49,Male,0,61,Month-to-Month,$99.40,"$5,943.65","$6,867.80",1,Fiber Optic,1,1,28,$15.15,Mount Hermon,California,United States,Bank Withdrawal
9488-HGMJH,Churned,1,85,Competitor,Competitor made better offer,3,5287,78,Female,1,1,Month-to-Month,$71.15,$71.15,$115.90,1,Fiber Optic,1,0,22,$24.75,Indian Wells,California,United States,Bank Withdrawal
6685-GBWJZ,Stayed,0,44,,,3,5114,59,Male,0,63,One Year,$70.80,"$4,448.80","$7,409.17",1,Cable,1,1,13,$46.99,Los Angeles,California,United States,Credit Card
9445-SZLCH,Churned,1,86,Dissatisfaction,Limited range of services,2,4544,39,Female,0,36,Month-to-Month,$97.35,"$3,457.90","$4,335.30",1,Fiber Optic,1,1,27,$24.51,Santa Clara,California,United States,Bank Withdrawal
7449-HVPIV,Stayed,0,44,,,5,4603,38,Male,0,55,Month-to-Month,$90.40,"$5,099.15","$6,339.95",1,Fiber Optic,1,1,56,$22.56,Chula Vista,California,United States,Credit Card
6997-UVGOX,Stayed,0,44,,,3,5394,35,Male,0,71,Two Year,$85.45,"$6,029.90","$7,650.83",1,DSL,1,1,53,$22.83,Albany,California,United States,Bank Withdrawal
2439-QKJUL,Stayed,0,44,,,3,5064,31,Male,0,5,Month-to-Month,$20.25,$109.80,$148.95,0,,1,0,0,$7.83,Saratoga,California,United States,Credit Card
8859-YSTWS,Stayed,0,44,,,5,4254,43,Male,0,48,One Year,$19.95,"$1,004.50","$1,533.46",0,,1,0,0,$11.02,Port Hueneme,California,United States,Bank Withdrawal
5315-CKEQK,Stayed,0,44,,,3,5195,73,Male,1,28,One Year,$51.00,"$1,381.80","$1,593.68",1,DSL,1,0,21,$4.71,Castro Valley,California,United States,Bank Withdrawal
2495-KZNFB,Stayed,0,44,,,4,4460,26,Female,0,33,Month-to-Month,$90.65,"$2,989.60","$3,542.68",1,Fiber Optic,1,1,85,$16.76,La Mesa,California,United States,Bank Withdrawal
8473-VUVJN,Churned,1,86,Attitude,Attitude of service provider,3,5443,80,Male,1,1,Month-to-Month,$73.65,$73.65,$113.53,1,Fiber Optic,1,1,19,$39.88,Temecula,California,United States,Bank Withdrawal
9710-NJERN,Stayed,0,44,,,3,2007,30,Female,0,39,Two Year,$20.15,$826.00,$861.31,0,,1,0,0,$1.57,Palm Desert,California,United States,Mailed Check
6994-ORCWG,Stayed,0,44,,,5,4423,33,Female,0,14,One Year,$54.25,$773.20,"$1,067.62",1,DSL,1,1,7,$21.03,Wilseyville,California,United States,Mailed Check
1423-BMPBQ,Joined,0,44,,,4,2400,62,Female,0,1,Month-to-Month,$19.00,$19.00,$47.28,0,,1,0,0,$28.28,Anaheim,California,United States,Credit Card
8661-BOYNW,Stayed,0,44,,,3,5046,38,Female,0,72,Two Year,$84.40,"$6,096.45","$6,474.45",1,DSL,1,1,28,$5.25,Tollhouse,California,United States,Credit Card
8120-JDCAM,Stayed,0,44,,,4,3708,42,Male,0,4,Month-to-Month,$69.55,$284.90,$433.82,1,Fiber Optic,1,1,23,$37.23,Vallejo,California,United States,Credit Card
5366-IJEQJ,Churned,1,86,Other,Don't know,1,4115,20,Male,0,20,Month-to-Month,$88.70,"$1,761.45","$1,872.25",1,Fiber Optic,1,1,59,$5.54,San Diego,California,United States,Bank Withdrawal
9700-ISPUP,Stayed,0,44,,,5,3137,59,Female,0,10,Month-to-Month,$65.50,$616.90,$875.80,1,DSL,1,1,22,$25.89,Valley Center,California,United States,Bank Withdrawal
9334-GWGOW,Stayed,0,44,,,4,2259,68,Male,1,7,Month-to-Month,$74.85,$485.25,$532.92,1,Fiber Optic,1,1,13,$6.81,Mc Kittrick,California,United States,Bank Withdrawal
0565-JUPYD,Stayed,0,43,,,4,4908,26,Male,0,63,One Year,$104.50,"$6,590.80","$7,942.15",1,Fiber Optic,1,1,85,$21.45,Benicia,California,United States,Credit Card
1265-XTECC,Churned,1,86,Attitude,Attitude of service provider,1,5957,68,Female,1,68,One Year,$96.55,"$6,581.90","$6,716.54",1,Fiber Optic,1,1,19,$1.98,Madera,California,United States,Credit Card
0396-HUJBP,Joined,0,43,,,3,3009,34,Female,0,2,Month-to-Month,$19.30,$44.40,$144.22,0,,1,0,0,$49.91,Gardena,California,United States,Credit Card
5240-CAOYT,Stayed,0,43,,,3,4882,30,Female,0,57,Month-to-Month,$87.55,"$4,884.85","$6,494.41",1,Fiber Optic,1,1,41,$28.27,Oak View,California,United States,Bank Withdrawal
3978-YNKDD,Stayed,0,43,,,4,2654,62,Male,0,19,Two Year,$20.85,$467.50,"$1,154.54",0,,1,0,0,$36.16,Culver City,California,United States,Credit Card
6179-GJPSO,Churned,1,86,Competitor,Competitor made better offer,1,2833,67,Female,1,43,Month-to-Month,$108.15,"$4,600.70","$5,969.39",1,Fiber Optic,1,1,10,$31.83,Escondido,California,United States,Credit Card
1091-SOZGA,Stayed,0,43,,,4,4606,27,Female,0,56,One Year,$99.80,"$5,515.45","$7,888.17",1,Fiber Optic,1,1,71,$42.37,La Palma,California,United States,Credit Card
1395-WSWXR,Stayed,0,43,,,3,4117,40,Male,0,24,Two Year,$20.75,$487.05,"$1,627.29",0,,1,0,0,$47.51,Weldon,California,United States,Credit Card
1541-ETJZO,Churned,1,86,Other,Moved,2,2937,58,Male,0,1,Month-to-Month,$62.05,$62.05,$119.88,1,DSL,1,0,12,$47.83,Wheatland,California,United States,Mailed Check
5502-RLUYV,Churned,1,86,Competitor,Competitor made better offer,2,4283,42,Female,0,69,Month-to-Month,$103.95,"$7,446.90","$10,013.70",1,Fiber Optic,1,1,27,$37.20,Milpitas,California,United States,Bank Withdrawal
1298-PHBTI,Stayed,0,43,,,3,5952,40,Male,0,71,Two Year,$84.80,"$6,152.40","$8,542.97",1,Fiber Optic,1,1,75,$33.67,Los Angeles,California,United States,Bank Withdrawal
6473-ULUHT,Stayed,0,43,,,3,2269,22,Male,0,16,Month-to-Month,$84.90,"$1,398.25","$1,544.81",1,DSL,1,1,59,$9.16,San Diego,California,United States,Bank Withdrawal
7852-LECYP,Stayed,0,43,,,4,5870,79,Male,1,13,Two Year,$93.80,"$1,261.00","$1,886.95",1,Fiber Optic,1,1,6,$48.15,Los Angeles,California,United States,Credit Card
3754-DXMRT,Churned,1,86,Attitude,Attitude of support person,2,5655,78,Male,1,2,Month-to-Month,$44.15,$92.65,$179.97,1,DSL,1,1,25,$43.66,San Pablo,California,United States,Bank Withdrawal
1699-TLDLZ,Stayed,0,43,,,3,5293,44,Female,0,16,Two Year,$19.70,$301.55,$415.79,0,,1,0,0,$7.14,Los Angeles,California,United States,Credit Card
8821-KVZKQ,Stayed,0,43,,,5,4117,52,Female,0,70,One Year,$58.40,"$4,113.15","$4,080.62",1,Cable,0,1,19,$0.00,Fort Bragg,California,United States,Bank Withdrawal
8160-HOWOX,Stayed,0,43,,,4,4858,30,Female,0,7,Month-to-Month,$66.85,$458.10,$795.22,1,DSL,1,1,85,$48.16,San Bernardino,California,United States,Bank Withdrawal
1452-KIOVK,Stayed,0,43,,,4,4459,42,Male,0,22,Month-to-Month,$89.10,"$1,949.40","$2,599.28",1,Fiber Optic,1,1,53,$29.54,Los Angeles,California,United States,Credit Card
3604-WLABM,Stayed,0,43,,,4,2253,41,Female,0,10,Month-to-Month,$54.25,$583.00,$712.60,1,DSL,1,1,29,$12.96,San Diego,California,United States,Bank Withdrawal
5055-BRMNE,Stayed,0,43,,,3,4780,35,Female,0,67,Two Year,$106.70,"$7,009.50","$9,712.95",1,Fiber Optic,1,1,16,$40.35,Friant,California,United States,Credit Card
4032-RMHCI,Stayed,0,43,,,4,4375,37,Female,0,41,One Year,$35.40,"$1,412.40","$1,412.40",1,Cable,0,1,16,$0.00,Fall River Mills,California,United States,Credit Card
1897-OKVMW,Stayed,0,43,,,4,5240,44,Female,0,64,Two Year,$90.60,"$5,817.45","$8,185.45",1,DSL,1,1,19,$37.00,Lathrop,California,United States,Mailed Check
2211-RMNHO,Stayed,0,43,,,4,4732,36,Female,0,68,Two Year,$85.30,"$5,560.00","$7,270.88",1,Cable,1,1,26,$25.16,Rio Nido,California,United States,Bank Withdrawal
9305-CDSKC,Churned,1,86,Other,Moved,3,5372,31,Female,0,8,Month-to-Month,$99.65,$820.50,$917.70,1,Cable,1,1,26,$12.15,Los Angeles,California,United States,Bank Withdrawal
6635-CPNUN,Stayed,0,43,,,5,5530,25,Male,0,28,Month-to-Month,$96.60,"$2,684.35","$3,624.31",1,Fiber Optic,1,1,52,$33.57,Moreno Valley,California,United States,Credit Card
4897-QSUYC,Churned,1,86,Attitude,Attitude of support person,3,4939,42,Female,0,1,Month-to-Month,$20.15,$20.15,$41.74,0,,1,0,0,$21.59,Amboy,California,United States,Mailed Check
2868-LLSKM,Stayed,0,43,,,4,5958,50,Female,0,68,One Year,$83.65,"$5,733.40","$6,770.33",1,Fiber Optic,1,1,29,$15.94,Escondido,California,United States,Bank Withdrawal
3530-VWVGU,Stayed,0,43,,,4,5657,27,Female,0,22,Month-to-Month,$19.90,$400.30,"$1,489.52",0,,1,0,0,$49.51,Manteca,California,United States,Credit Card
5044-XDPYX,Stayed,0,43,,,5,5447,59,Female,0,51,Two Year,$25.50,"$1,281.25","$2,325.22",0,,1,0,0,$20.47,Chico,California,United States,Mailed Check
5840-NVDCG,Stayed,0,43,,,3,3559,32,Female,0,16,Two Year,$68.25,"$1,114.85","$1,436.77",1,Cable,1,1,30,$20.12,Pacoima,California,United States,Bank Withdrawal
5590-ZSKRV,Stayed,0,43,,,3,5614,62,Female,0,8,Month-to-Month,$54.65,$482.25,$792.49,1,DSL,1,1,18,$38.78,Gardena,California,United States,Credit Card
4077-HWUYD,Stayed,0,43,,,4,5341,59,Male,0,72,Two Year,$87.55,"$6,463.15","$9,675.07",1,DSL,1,1,53,$44.61,Modesto,California,United States,Bank Withdrawal
9371-BITHB,Stayed,0,43,,,4,5432,27,Female,0,52,Two Year,$19.85,"$1,070.50","$1,247.82",0,,1,0,0,$3.41,Gustine,California,United States,Mailed Check
9947-OTFQU,Churned,1,86,Competitor,Competitor had better devices,1,4616,65,Male,1,15,Month-to-Month,$74.40,"$1,074.30","$1,510.95",1,Fiber Optic,1,1,29,$29.11,Covina,California,United States,Bank Withdrawal
3669-LVWZB,Churned,1,86,Price,Long distance charges,2,4630,20,Male,0,5,Month-to-Month,$51.00,$305.95,$305.95,1,DSL,0,1,59,$0.00,Tahoma,California,United States,Mailed Check
1230-QAJDW,Joined,0,43,,,5,2562,32,Male,0,3,Month-to-Month,$65.25,$209.90,$337.94,1,Cable,1,1,27,$42.68,Somes Bar,California,United States,Credit Card
3655-SNQYZ,Stayed,0,43,,,4,5141,48,Female,0,69,Two Year,$113.25,"$7,895.15","$10,188.02",1,Fiber Optic,1,1,3,$33.23,Los Angeles,California,United States,Credit Card
6645-MXQJT,Joined,0,43,,,3,5745,40,Male,0,2,Month-to-Month,$97.10,$184.15,$262.85,1,Fiber Optic,1,1,24,$39.35,Copperopolis,California,United States,Bank Withdrawal
5673-TIYIB,Churned,1,86,Other,Don't know,3,3620,34,Male,0,2,Month-to-Month,$40.40,$77.15,$77.15,1,DSL,0,1,8,$0.00,Torrance,California,United States,Credit Card
3451-VAWLI,Stayed,0,43,,,4,5636,62,Female,0,35,Two Year,$19.70,$730.40,"$1,269.75",0,,1,0,0,$15.41,North Highlands,California,United States,Credit Card
8637-XJIVR,Churned,1,86,Attitude,Attitude of support person,1,5806,34,Female,0,12,Month-to-Month,$78.95,$927.35,"$1,311.43",1,Fiber Optic,1,0,56,$25.34,Marina Del Rey,California,United States,Bank Withdrawal
3533-UVMOM,Stayed,0,43,,,3,5036,56,Male,0,68,Two Year,$70.95,"$4,741.45","$5,553.37",1,DSL,1,1,3,$11.94,Markleeville,California,United States,Bank Withdrawal
9309-BZGNT,Stayed,0,43,,,3,5681,69,Male,1,69,One Year,$29.80,"$2,134.30","$2,134.30",1,DSL,0,1,13,$0.00,Pine Valley,California,United States,Credit Card
3192-NQECA,Churned,1,86,Competitor,Competitor had better devices,2,5034,26,Male,0,68,Two Year,$110.00,"$7,611.85","$8,617.57",1,Fiber Optic,1,1,47,$14.79,Santa Monica,California,United States,Bank Withdrawal
4742-TXUEX,Stayed,0,43,,,4,5829,24,Female,0,47,Two Year,$19.30,$890.50,"$1,010.82",0,,1,0,0,$2.56,Rialto,California,United States,Bank Withdrawal
4450-DLLMH,Joined,0,43,,,3,2274,53,Male,0,2,Month-to-Month,$71.30,$157.75,$171.23,1,Fiber Optic,1,1,3,$6.74,Avalon,California,United States,Credit Card
1618-CFHME,Churned,1,86,Other,Don't know,1,2101,30,Female,0,2,Month-to-Month,$75.90,$143.35,$197.09,1,Fiber Optic,1,1,52,$26.87,Riverbank,California,United States,Bank Withdrawal
4361-FEBGN,Stayed,0,43,,,5,4399,41,Male,0,48,Two Year,$20.15,$982.95,"$2,599.59",0,,1,0,0,$33.68,San Francisco,California,United States,Credit Card
1784-BXEFA,Stayed,0,43,,,3,3595,63,Female,0,10,Month-to-Month,$20.55,$187.35,$234.95,0,,1,0,0,$4.76,Vacaville,California,United States,Mailed Check
4446-BZKHU,Churned,1,86,Competitor,Competitor had better devices,1,5011,44,Male,0,61,Month-to-Month,$105.55,"$6,281.45","$9,069.15",1,Fiber Optic,1,1,24,$45.70,Pleasant Hill,California,United States,Bank Withdrawal
1121-QSIVB,Stayed,0,43,,,3,5044,39,Female,0,44,One Year,$77.55,"$3,471.10","$3,694.18",1,DSL,1,1,26,$5.07,Bakersfield,California,United States,Credit Card
8328-SKJNO,Stayed,0,43,,,3,5230,61,Male,0,23,One Year,$40.65,$947.40,$947.40,1,DSL,0,1,19,$0.00,Seeley,California,United States,Bank Withdrawal
9644-UMGQA,Stayed,0,43,,,3,4076,48,Male,0,6,Month-to-Month,$49.15,$295.65,$503.85,1,DSL,1,1,51,$34.70,Penn Valley,California,United States,Bank Withdrawal
3834-XUIFC,Churned,1,86,Attitude,Attitude of support person,1,3905,23,Male,0,7,Month-to-Month,$85.20,$602.55,$734.36,1,Fiber Optic,1,1,26,$18.83,Long Beach,California,United States,Credit Card
2725-KXXWT,Churned,1,86,Attitude,Attitude of support person,3,5460,26,Male,0,1,Month-to-Month,$90.75,$90.75,$113.81,1,Fiber Optic,1,1,52,$23.06,Vallejo,California,United States,Bank Withdrawal
8835-VSDSE,Churned,1,86,Competitor,Competitor made better offer,2,4559,28,Female,0,2,Month-to-Month,$70.70,$141.45,$160.97,1,Cable,1,1,27,$9.76,San Diego,California,United States,Bank Withdrawal
0422-UXFAP,Stayed,0,43,,,5,6034,34,Female,0,51,One Year,$98.85,"$4,947.55","$7,511.27",1,Fiber Optic,1,0,23,$47.72,San Diego,California,United States,Bank Withdrawal
4338-EYCER,Stayed,0,43,,,3,5763,57,Male,0,21,Month-to-Month,$54.60,"$1,125.20","$1,486.19",1,DSL,1,1,11,$17.19,Carlotta,California,United States,Bank Withdrawal
8782-NUUOL,Stayed,0,43,,,3,4807,62,Male,0,60,One Year,$79.00,"$4,801.10","$6,908.90",1,DSL,1,1,3,$35.13,Crescent Mills,California,United States,Credit Card
2927-CVULT,Stayed,0,43,,,3,4190,64,Female,0,53,Two Year,$104.05,"$5,566.40","$7,069.48",1,Fiber Optic,1,1,17,$28.36,Ramona,California,United States,Bank Withdrawal
6425-YQLLO,Churned,1,86,Other,Don't know,2,6117,68,Female,1,66,One Year,$105.95,"$6,975.25","$8,806.75",1,Fiber Optic,1,1,11,$27.75,Pinole,California,United States,Credit Card
9470-RTWDV,Stayed,0,43,,,4,3973,51,Male,0,26,One Year,$82.00,"$2,083.10","$2,995.13",1,DSL,1,1,57,$36.71,Tustin,California,United States,Credit Card
1568-LJSZU,Stayed,0,43,,,3,4451,39,Male,0,68,Two Year,$92.20,"$6,392.85","$9,002.69",1,DSL,1,1,20,$38.38,Harbor City,California,United States,Credit Card
9715-WZCLW,Stayed,0,43,,,3,4603,28,Male,0,71,Two Year,$97.20,"$6,910.30","$9,685.69",1,Fiber Optic,1,1,69,$39.09,Fontana,California,United States,Bank Withdrawal
9705-ZJBCG,Stayed,0,43,,,3,4977,51,Female,0,13,One Year,$54.15,$701.05,$956.24,1,DSL,1,1,12,$19.63,Frazier Park,California,United States,Bank Withdrawal
2164-SOQXL,Stayed,0,43,,,3,2698,31,Female,0,20,Month-to-Month,$20.05,$406.05,$701.85,0,,1,0,0,$14.79,Los Angeles,California,United States,Credit Card
8318-LCNBW,Stayed,0,43,,,3,5638,53,Male,0,35,One Year,$53.15,"$1,930.90","$1,930.90",1,DSL,0,1,30,$0.00,San Luis Obispo,California,United States,Credit Card
3755-JBMNH,Churned,1,86,Competitor,Competitor offered more data,1,3327,78,Male,1,16,Month-to-Month,$71.80,"$1,167.80","$1,902.20",1,Fiber Optic,1,1,5,$45.90,Huntington Beach,California,United States,Bank Withdrawal
0181-RITDD,Stayed,0,43,,,4,5298,42,Male,0,62,Two Year,$108.15,"$6,825.65","$6,934.77",1,Fiber Optic,1,1,20,$1.76,San Diego,California,United States,Credit Card
5177-RVZNU,Stayed,0,43,,,3,4186,28,Female,0,37,One Year,$20.30,$755.40,"$1,133.91",0,,1,0,0,$10.23,Redding,California,United States,Bank Withdrawal
5616-PRTNT,Churned,1,86,Attitude,Attitude of support person,2,3785,30,Male,0,20,Month-to-Month,$19.40,$374.50,$830.10,0,,1,0,0,$22.78,Desert Center,California,United States,Bank Withdrawal
0235-KGSLC,Churned,1,86,Other,Moved,2,3967,45,Female,0,1,Month-to-Month,$85.55,$85.55,$118.89,1,Fiber Optic,1,1,4,$33.34,Buellton,California,United States,Credit Card
7369-TRPFD,Stayed,0,43,,,3,2916,62,Male,0,19,One Year,$18.80,$279.20,$605.43,0,,1,0,0,$17.17,Chatsworth,California,United States,Credit Card
1768-HNVGJ,Stayed,0,43,,,3,4223,80,Female,1,45,Two Year,$70.05,"$3,062.45","$3,893.15",1,Cable,1,1,3,$18.46,Mountain View,California,United States,Bank Withdrawal
9576-ANLXO,Churned,1,87,Competitor,Competitor offered higher download speeds,1,2876,30,Female,0,3,Month-to-Month,$69.55,$222.30,$301.08,1,Fiber Optic,1,1,30,$26.26,Earlimart,California,United States,Bank Withdrawal
1092-GANHU,Churned,1,87,Competitor,Competitor offered more data,2,3182,62,Male,0,17,Month-to-Month,$76.65,"$1,313.55","$1,833.92",1,Fiber Optic,1,1,7,$30.61,Magalia,California,United States,Bank Withdrawal
0895-LNKRC,Stayed,0,43,,,4,3461,53,Male,0,6,One Year,$19.45,$113.50,$122.92,0,,1,0,0,$1.57,El Monte,California,United States,Credit Card
2150-UWTFY,Churned,1,87,Dissatisfaction,Service dissatisfaction,1,4626,21,Female,0,22,Month-to-Month,$61.15,"$1,422.05","$2,447.61",1,DSL,1,0,30,$42.98,San Mateo,California,United States,Credit Card
6857-VWJDT,Churned,1,87,Attitude,Attitude of service provider,2,3473,45,Female,0,1,Month-to-Month,$95.65,$95.65,$127.98,1,Fiber Optic,1,1,9,$32.33,Santa Cruz,California,United States,Credit Card
3727-OVPRY,Stayed,0,43,,,4,5517,32,Male,0,66,One Year,$25.70,"$1,714.55","$4,541.99",0,,1,0,0,$42.84,Calabasas,California,United States,Credit Card
7139-JZFVG,Stayed,0,43,,,3,6026,37,Male,0,60,Two Year,$60.50,"$3,694.45","$6,288.85",1,DSL,1,1,28,$43.24,Huntington Beach,California,United States,Bank Withdrawal
7233-DRTRF,Stayed,0,43,,,4,5096,47,Male,0,63,Month-to-Month,$102.40,"$6,444.05","$7,562.30",1,Fiber Optic,1,1,15,$17.75,Fresno,California,United States,Bank Withdrawal
2523-EWWZL,Stayed,0,43,,,3,3291,26,Female,0,27,Month-to-Month,$76.10,"$2,093.40","$3,134.35",1,Fiber Optic,1,1,59,$39.67,Blythe,California,United States,Bank Withdrawal
1136-XGEQU,Stayed,0,43,,,3,4625,53,Female,0,50,One Year,$84.15,"$4,164.40","$6,488.90",1,DSL,1,1,11,$46.49,Winchester,California,United States,Credit Card
9754-CLVZW,Stayed,0,43,,,4,3970,40,Female,0,26,Month-to-Month,$38.85,"$1,025.15","$1,055.15",1,Cable,0,0,23,$0.00,Marysville,California,United States,Credit Card
8717-VCTXJ,Stayed,0,43,,,3,5293,32,Male,0,42,One Year,$19.55,$839.40,"$2,860.46",0,,1,0,0,$48.41,Santa Cruz,California,United States,Credit Card
2284-VFLKH,Stayed,0,43,,,3,4995,23,Male,0,49,One Year,$99.25,"$4,920.80","$6,583.37",1,Fiber Optic,1,1,27,$33.93,Clipper Mills,California,United States,Credit Card
3487-EARAT,Stayed,0,43,,,3,6325,46,Female,0,70,One Year,$74.10,"$5,222.30","$6,559.30",1,DSL,1,1,21,$19.10,Wishon,California,United States,Credit Card
5423-BHIXO,Stayed,0,43,,,5,4454,42,Female,0,32,Month-to-Month,$54.20,"$1,739.60","$2,764.24",1,DSL,1,1,3,$32.02,Pasadena,California,United States,Bank Withdrawal
1075-BGWOH,Churned,1,87,Attitude,Attitude of support person,2,3392,69,Male,1,16,Month-to-Month,$98.75,"$1,587.55","$1,830.11",1,Fiber Optic,1,1,7,$15.16,Rosemead,California,United States,Bank Withdrawal
6682-VCIXC,Stayed,0,43,,,3,5656,61,Female,0,43,One Year,$51.25,"$2,151.60","$2,151.60",1,Cable,0,1,6,$0.00,Mad River,California,United States,Bank Withdrawal
3717-OFRTN,Joined,0,43,,,5,3595,48,Male,0,1,Month-to-Month,$19.75,$19.75,$25.07,0,,1,0,0,$5.32,Dublin,California,United States,Bank Withdrawal
7136-IHZJA,Stayed,0,43,,,4,5807,30,Female,0,40,Month-to-Month,$71.35,"$2,847.20","$4,012.80",1,DSL,1,1,48,$29.14,Santa Fe Springs,California,United States,Credit Card
6663-JOCQO,Stayed,0,43,,,3,4258,55,Male,0,31,One Year,$75.25,"$2,344.50","$3,243.37",1,DSL,1,1,22,$29.06,Wasco,California,United States,Bank Withdrawal
3627-FHKBK,Churned,1,87,Competitor,Competitor had better devices,1,3244,28,Female,0,1,Month-to-Month,$75.30,$75.30,$79.43,1,Fiber Optic,1,1,51,$4.13,Anaheim,California,United States,Mailed Check
3745-HRPHI,Stayed,0,42,,,5,4051,49,Male,0,66,Two Year,$54.65,"$3,632.00","$3,585.25",1,DSL,0,1,28,$0.00,Yuba City,California,United States,Bank Withdrawal
3976-HXHCE,Stayed,0,42,,,4,4722,57,Male,0,72,Two Year,$19.30,"$1,414.80","$4,708.80",0,,1,0,0,$45.75,Belvedere Tiburon,California,United States,Bank Withdrawal
6372-RFVNS,Churned,1,87,Attitude,Attitude of service provider,3,5075,55,Female,0,1,Month-to-Month,$78.80,$78.80,$106.84,1,Fiber Optic,1,1,30,$28.04,Placentia,California,United States,Bank Withdrawal
2716-GFZOR,Stayed,0,42,,,3,2358,48,Male,0,43,Month-to-Month,$86.10,"$3,551.65","$3,879.74",1,Fiber Optic,1,1,20,$7.63,Raymond,California,United States,Credit Card
3546-GHEAE,Stayed,0,42,,,5,2600,29,Male,0,7,Two Year,$19.45,$165.35,$231.36,0,,1,0,0,$9.43,Blythe,California,United States,Credit Card
8468-EHYJA,Stayed,0,42,,,4,5106,32,Female,0,57,Month-to-Month,$99.65,"$5,497.05","$6,191.88",1,Fiber Optic,1,1,16,$12.19,Palo Verde,California,United States,Bank Withdrawal
3694-GLTJM,Stayed,0,42,,,3,2878,62,Female,0,5,Month-to-Month,$19.65,$92.05,$301.70,0,,1,0,0,$41.93,Corning,California,United States,Credit Card
3318-NMQXL,Joined,0,42,,,3,4345,58,Male,0,3,Month-to-Month,$92.00,$266.80,$313.60,1,Fiber Optic,1,1,9,$15.60,El Monte,California,United States,Bank Withdrawal
3074-GQWYX,Churned,1,87,Competitor,Competitor made better offer,2,3520,30,Male,0,5,Month-to-Month,$75.90,$357.75,$592.15,1,Fiber Optic,1,1,59,$46.88,San Diego,California,United States,Bank Withdrawal
5598-IKHQQ,Stayed,0,42,,,4,4118,39,Female,0,72,Two Year,$25.45,"$1,866.45","$2,352.45",0,,1,0,0,$6.75,Myers Flat,California,United States,Credit Card
8331-ZXFOE,Stayed,0,42,,,3,5395,56,Female,0,58,One Year,$71.10,"$4,299.20","$6,754.34",1,Cable,1,1,7,$42.33,Santa Clara,California,United States,Credit Card
2587-YNLES,Stayed,0,42,,,4,5874,52,Female,0,6,Two Year,$20.10,$100.35,$250.65,0,,1,0,0,$25.05,Downey,California,United States,Credit Card
4565-NLZBV,Stayed,0,42,,,4,4015,33,Female,0,71,Two Year,$24.65,"$1,710.15","$4,789.42",0,,1,0,0,$43.37,Kneeland,California,United States,Bank Withdrawal
3440-JPSCL,Churned,1,87,Competitor,Competitor offered higher download speeds,2,3722,26,Female,0,6,Month-to-Month,$99.95,$547.65,$578.61,1,Fiber Optic,1,1,59,$5.16,Sonoma,California,United States,Mailed Check
1492-KGETH,Stayed,0,42,,,4,4422,25,Male,0,70,One Year,$78.35,"$5,445.95","$7,958.95",1,Cable,1,1,59,$35.90,Ojai,California,United States,Bank Withdrawal
7341-LXCAF,Churned,1,87,Dissatisfaction,Product dissatisfaction,1,4013,24,Male,0,4,Month-to-Month,$74.65,$301.40,$495.96,1,Fiber Optic,1,1,30,$48.64,Berkeley,California,United States,Bank Withdrawal
7903-CMPEY,Churned,1,87,Competitor,Competitor had better devices,1,4138,78,Male,1,1,Month-to-Month,$80.30,$80.30,$97.81,1,Fiber Optic,1,1,21,$17.51,Corte Madera,California,United States,Bank Withdrawal
4328-VUFWD,Stayed,0,42,,,4,5843,62,Female,0,39,One Year,$59.30,"$2,209.15","$2,473.18",1,DSL,1,1,17,$6.77,Vallejo,California,United States,Bank Withdrawal
6584-VQMYT,Stayed,0,42,,,4,5978,19,Male,0,27,One Year,$56.20,"$1,567.55","$1,668.56",1,DSL,1,0,59,$2.63,San Jose,California,United States,Credit Card
2055-BFOCC,Stayed,0,42,,,3,5688,65,Male,1,63,One Year,$84.00,"$5,329.55","$7,890.50",1,DSL,1,1,29,$40.65,Likely,California,United States,Bank Withdrawal
9069-LGEUL,Stayed,0,42,,,4,5379,25,Male,0,23,Month-to-Month,$59.95,"$1,406.00","$1,603.86",1,DSL,1,0,69,$3.67,San Diego,California,United States,Bank Withdrawal
3401-URHDA,Stayed,0,42,,,3,5233,59,Male,0,51,One Year,$59.90,"$3,043.60","$3,545.95",1,Cable,1,1,3,$9.85,Emigrant Gap,California,United States,Credit Card
9388-ZEYVT,Stayed,0,42,,,4,2522,63,Male,0,43,One Year,$44.15,"$1,931.30","$1,931.30",1,DSL,0,1,11,$0.00,Gardena,California,United States,Bank Withdrawal
5485-WUYWF,Churned,1,87,Price,Long distance charges,1,4522,73,Male,1,2,Month-to-Month,$66.40,$94.55,$105.69,1,Cable,1,1,24,$5.57,Crockett,California,United States,Bank Withdrawal
4201-JMNGR,Churned,1,87,Dissatisfaction,Service dissatisfaction,1,5527,66,Female,1,1,Month-to-Month,$55.80,$55.80,$82.02,1,Cable,1,1,22,$26.22,Lucerne Valley,California,United States,Bank Withdrawal
9945-PSVIP,Stayed,0,42,,,4,2289,36,Female,0,25,Two Year,$18.70,$383.65,$454.15,0,,1,0,0,$2.82,Dulzura,California,United States,Credit Card
4325-NFSKC,Churned,1,87,Price,Extra data charges,1,2373,68,Male,1,19,Month-to-Month,$90.60,"$1,660.00","$2,194.28",1,Fiber Optic,1,1,25,$28.12,Pacific Palisades,California,United States,Bank Withdrawal
0156-FVPTA,Churned,1,87,Attitude,Attitude of service provider,2,5102,48,Male,0,22,Month-to-Month,$54.20,"$1,152.70","$1,751.98",1,DSL,1,1,21,$27.24,Solvang,California,United States,Bank Withdrawal
4737-AQCPU,Stayed,0,42,,,3,4658,39,Male,0,72,Two Year,$72.10,"$5,016.65","$8,080.25",1,DSL,1,1,18,$42.55,Los Angeles,California,United States,Credit Card
2498-XLDZR,Stayed,0,42,,,4,4343,26,Female,0,32,Two Year,$73.60,"$2,316.85","$2,936.51",1,DSL,1,1,59,$19.76,San Diego,California,United States,Credit Card
3705-PSNGL,Churned,1,87,Price,Long distance charges,3,5398,49,Male,0,45,One Year,$20.40,$930.45,"$2,073.45",0,,1,0,0,$25.40,Cerritos,California,United States,Bank Withdrawal
4349-GFQHK,Churned,1,87,Attitude,Attitude of service provider,3,4212,30,Male,0,1,Month-to-Month,$54.35,$54.35,$79.74,1,DSL,1,1,52,$25.39,Mentone,California,United States,Bank Withdrawal
8106-GWQOK,Stayed,0,42,,,3,2187,47,Male,0,38,Two Year,$60.00,"$2,193.20","$2,193.20",1,Cable,0,1,25,$0.00,Warner Springs,California,United States,Bank Withdrawal
5787-KXGIY,Stayed,0,42,,,3,4035,54,Male,0,72,Two Year,$19.30,"$1,304.80","$1,492.72",0,,1,0,0,$2.61,Palo Alto,California,United States,Credit Card
8087-LGYHQ,Stayed,0,42,,,4,3475,40,Male,0,9,Month-to-Month,$94.05,$811.65,$951.42,1,Fiber Optic,1,1,14,$15.53,Crestline,California,United States,Bank Withdrawal
9391-TTOYH,Stayed,0,42,,,4,5652,33,Female,0,23,Month-to-Month,$19.50,$470.20,$791.74,0,,1,0,0,$13.98,Oakland,California,United States,Credit Card
9779-DPNEJ,Stayed,0,42,,,5,4732,59,Female,0,22,Month-to-Month,$80.15,"$1,790.65","$2,526.77",1,Fiber Optic,1,1,29,$33.46,Nipton,California,United States,Bank Withdrawal
2171-UDMFD,Stayed,0,42,,,4,4363,22,Male,0,32,Month-to-Month,$19.45,$674.55,"$1,796.15",0,,1,0,0,$35.05,Chowchilla,California,United States,Credit Card
8807-OPMBM,Stayed,0,42,,,5,4466,36,Female,0,55,Two Year,$25.65,"$1,388.00","$1,467.20",0,,1,0,0,$1.44,Newbury Park,California,United States,Credit Card
6029-WTIPC,Churned,1,87,Competitor,Competitor made better offer,1,4424,73,Male,1,37,Month-to-Month,$101.10,"$3,744.05","$5,152.27",1,Fiber Optic,1,1,19,$38.06,San Diego,California,United States,Bank Withdrawal
3211-AAPKX,Stayed,0,42,,,3,3300,26,Male,0,20,Month-to-Month,$98.55,"$2,031.95","$2,496.35",1,Fiber Optic,1,1,59,$23.22,Woodland,California,United States,Mailed Check
4548-SDBKE,Churned,1,87,Attitude,Attitude of service provider,3,4109,26,Female,0,5,Month-to-Month,$85.20,$474.80,$647.25,1,Fiber Optic,1,1,46,$34.49,San Dimas,California,United States,Bank Withdrawal
5899-OUVKV,Stayed,0,42,,,3,3949,56,Male,0,31,Month-to-Month,$94.50,"$2,979.20","$4,402.72",1,Fiber Optic,1,1,18,$45.92,Sacramento,California,United States,Bank Withdrawal
4465-VDKIQ,Stayed,0,42,,,5,4228,61,Female,0,18,Month-to-Month,$77.80,"$1,358.60","$1,687.58",1,Fiber Optic,1,1,26,$19.93,Glendale,California,United States,Bank Withdrawal
8048-DSDFQ,Joined,0,42,,,5,4496,63,Male,0,1,Month-to-Month,$20.20,$20.20,$33.28,0,,1,0,0,$13.08,Midway City,California,United States,Credit Card
1848-LBZHY,Stayed,0,42,,,3,2547,19,Female,0,7,Month-to-Month,$50.30,$355.10,$587.78,1,DSL,1,1,53,$33.24,Downey,California,United States,Bank Withdrawal
9385-NXKDA,Stayed,0,42,,,3,4324,53,Female,0,72,Two Year,$82.65,"$5,919.35","$7,163.51",1,DSL,1,1,11,$17.28,Hesperia,California,United States,Credit Card
4020-KIUDI,Stayed,0,42,,,5,2186,54,Male,0,6,Month-to-Month,$19.85,$138.85,$281.23,0,,1,0,0,$23.73,Los Angeles,California,United States,Credit Card
8173-RXAYP,Stayed,0,42,,,4,4642,51,Female,0,24,Two Year,$19.70,$452.55,"$1,182.39",0,,1,0,0,$30.41,Mcarthur,California,United States,Credit Card
3712-PKXZA,Stayed,0,42,,,4,5110,22,Male,0,61,One Year,$20.55,"$1,252.00","$2,427.47",0,,1,0,0,$19.27,Glendale,California,United States,Credit Card
5533-RJFTJ,Stayed,0,42,,,4,5214,22,Male,0,49,Month-to-Month,$30.20,"$1,453.10","$1,453.10",1,Cable,0,1,58,$0.00,Lemoore,California,United States,Bank Withdrawal
0058-EVZWM,Stayed,0,42,,,3,5875,37,Female,0,55,Month-to-Month,$89.80,"$4,959.60","$5,239.00",1,Fiber Optic,1,1,9,$5.08,Stockton,California,United States,Bank Withdrawal
6116-RFVHN,Stayed,0,42,,,5,3744,20,Female,0,34,Month-to-Month,$100.45,"$3,414.65","$4,614.51",1,Fiber Optic,1,1,47,$35.29,Roseville,California,United States,Bank Withdrawal
0732-OCQOC,Stayed,0,42,,,4,5674,30,Female,0,52,Two Year,$25.05,"$1,270.25","$1,546.89",0,,1,0,0,$5.32,Death Valley,California,United States,Bank Withdrawal
1447-GIQMR,Churned,1,87,Competitor,Competitor offered more data,2,4179,54,Male,0,1,Month-to-Month,$69.15,$69.15,$71.35,1,Fiber Optic,1,1,30,$2.20,Los Angeles,California,United States,Bank Withdrawal
1965-DDBWU,Churned,1,87,Competitor,Competitor made better offer,3,5953,37,Male,0,16,Month-to-Month,$89.05,"$1,448.60","$1,639.96",1,Fiber Optic,1,1,18,$11.96,Escondido,California,United States,Credit Card
5642-MHDQT,Stayed,0,42,,,3,4836,60,Female,0,53,One Year,$19.85,"$1,039.45","$1,626.33",0,,1,0,0,$11.35,Mc Farland,California,United States,Bank Withdrawal
1196-AMORA,Churned,1,87,Competitor,Competitor offered more data,1,2679,63,Male,0,7,Month-to-Month,$73.60,$520.00,$786.49,1,Fiber Optic,1,1,28,$38.07,Big Creek,California,United States,Bank Withdrawal
4290-BSXUX,Churned,1,87,Competitor,Competitor offered more data,1,5036,33,Male,0,3,Month-to-Month,$79.65,$251.75,$381.56,1,Fiber Optic,1,1,17,$43.27,Fields Landing,California,United States,Bank Withdrawal
2887-JPYLU,Stayed,0,42,,,5,4418,58,Female,0,41,Month-to-Month,$45.20,"$1,841.90","$3,438.44",1,DSL,1,1,28,$38.94,Stinson Beach,California,United States,Bank Withdrawal
8752-IMQOS,Stayed,0,42,,,3,2894,28,Male,0,5,One Year,$20.10,$85.10,$111.10,0,,1,0,0,$5.20,Fullerton,California,United States,Credit Card
1866-DIOQZ,Stayed,0,42,,,4,4698,23,Female,0,71,One Year,$66.80,"$4,689.15","$4,689.15",1,Cable,0,1,85,$0.00,Forestville,California,United States,Bank Withdrawal
8100-PNJMH,Stayed,0,42,,,4,5228,39,Male,0,68,Two Year,$88.85,"$6,132.70","$8,962.18",1,Cable,1,1,14,$41.61,Glennville,California,United States,Credit Card
4176-FXYBO,Stayed,0,42,,,4,6130,35,Male,0,54,Month-to-Month,$109.55,"$6,118.95","$8,813.55",1,Fiber Optic,1,1,29,$49.90,Whittier,California,United States,Bank Withdrawal
3195-TQDZX,Joined,0,42,,,5,4050,19,Male,0,3,Month-to-Month,$20.25,$61.45,$66.16,0,,1,0,0,$1.57,Elk Creek,California,United States,Bank Withdrawal
6174-NRBTZ,Stayed,0,42,,,3,5646,44,Male,0,46,One Year,$30.75,"$1,489.30","$1,489.30",1,Cable,0,1,19,$0.00,Murrieta,California,United States,Bank Withdrawal
1850-AKQEP,Stayed,0,42,,,3,4577,61,Male,0,8,Month-to-Month,$20.35,$178.70,$293.66,0,,1,0,0,$14.37,Santa Cruz,California,United States,Credit Card
3889-VWBID,Stayed,0,42,,,4,5184,52,Male,0,68,Two Year,$82.85,"$5,776.45","$7,652.57",1,DSL,1,1,27,$27.59,Antelope,California,United States,Bank Withdrawal
4797-MIWUM,Stayed,0,42,,,5,3149,22,Male,0,7,Month-to-Month,$20.25,$174.70,$523.51,0,,1,0,0,$49.83,Goleta,California,United States,Bank Withdrawal
7049-GKVZY,Stayed,0,42,,,3,5574,45,Female,0,17,One Year,$79.85,"$1,387.35","$1,603.08",1,Cable,1,1,22,$12.69,Berkeley,California,United States,Credit Card
8374-XGEJJ,Churned,1,87,Dissatisfaction,Product dissatisfaction,1,3123,68,Male,1,43,Month-to-Month,$101.00,"$4,388.40","$5,882.15",1,Fiber Optic,1,0,20,$31.25,Temecula,California,United States,Bank Withdrawal
5445-UTODQ,Churned,1,87,Competitor,Competitor made better offer,2,3238,35,Female,0,7,Month-to-Month,$81.10,$576.65,$657.71,1,Fiber Optic,1,1,27,$11.58,San Diego,California,United States,Bank Withdrawal
3736-BLEPA,Stayed,0,41,,,5,2886,50,Male,0,28,One Year,$91.25,"$2,483.65","$2,866.97",1,Fiber Optic,1,1,12,$13.69,Folsom,California,United States,Bank Withdrawal
1493-AMTIE,Churned,1,87,Price,Long distance charges,1,5394,28,Male,0,1,Month-to-Month,$20.20,$20.20,$31.18,0,,1,0,0,$10.98,Ivanhoe,California,United States,Bank Withdrawal
9838-BFCQT,Stayed,0,41,,,3,5475,61,Male,0,72,Two Year,$26.10,"$1,851.45","$4,293.69",0,,1,0,0,$33.92,San Jose,California,United States,Credit Card
9507-HSMMZ,Stayed,0,41,,,3,6094,48,Male,0,54,Two Year,$20.00,"$1,149.65","$2,623.85",0,,1,0,0,$27.30,Thousand Oaks,California,United States,Credit Card
0612-RTZZA,Churned,1,87,Price,Price too high,2,4628,77,Female,1,1,Month-to-Month,$25.25,$25.25,$25.25,1,DSL,0,1,15,$0.00,Vista,California,United States,Bank Withdrawal
5919-TMRGD,Churned,1,87,Competitor,Competitor had better devices,1,2483,32,Female,0,1,Month-to-Month,$79.35,$79.35,$92.48,1,Fiber Optic,1,1,57,$13.13,Huntington Park,California,United States,Bank Withdrawal
8224-KDLKN,Stayed,0,41,,,4,4275,22,Male,0,72,Two Year,$25.00,"$1,738.90","$3,109.78",0,,1,0,0,$19.04,Sacramento,California,United States,Bank Withdrawal
3740-RLMVT,Stayed,0,41,,,3,5792,79,Male,1,67,One Year,$60.95,"$4,119.40","$6,920.90",1,Cable,1,1,12,$42.07,Saint Helena,California,United States,Bank Withdrawal
3486-HOOGQ,Stayed,0,41,,,3,4848,44,Female,0,70,Two Year,$79.70,"$5,743.30","$6,328.50",1,DSL,1,1,19,$8.36,San Jose,California,United States,Bank Withdrawal
6959-UWKHF,Churned,1,87,Competitor,Competitor had better devices,1,4895,47,Male,0,1,Month-to-Month,$42.90,$42.90,$46.92,1,Cable,1,1,11,$4.02,Alpaugh,California,United States,Bank Withdrawal
8272-ONJLV,Stayed,0,41,,,5,5527,57,Male,0,12,One Year,$95.70,"$1,184.00","$1,772.00",1,Fiber Optic,1,1,23,$49.00,San Diego,California,United States,Bank Withdrawal
6689-KXGBO,Churned,1,87,Dissatisfaction,Product dissatisfaction,1,3420,36,Female,0,1,Month-to-Month,$50.55,$50.55,$81.51,1,DSL,1,1,5,$30.96,San Luis Obispo,California,United States,Bank Withdrawal
7602-MVRMB,Stayed,0,41,,,4,4754,62,Female,0,72,Two Year,$110.45,"$8,058.85","$11,416.21",1,Fiber Optic,1,1,14,$46.63,Fish Camp,California,United States,Bank Withdrawal
6202-DYYFX,Stayed,0,41,,,4,2031,64,Female,0,22,One Year,$76.00,"$1,783.60","$2,217.44",1,Fiber Optic,1,1,5,$19.72,West Covina,California,United States,Credit Card
0356-ERHVT,Stayed,0,41,,,5,3880,54,Male,0,11,Month-to-Month,$45.90,$521.90,$664.35,1,Cable,1,1,6,$12.95,Santa Cruz,California,United States,Bank Withdrawal
0697-ZMSWS,Churned,1,87,Dissatisfaction,Limited range of services,1,2330,19,Male,0,4,Month-to-Month,$85.65,$338.90,$366.54,1,Fiber Optic,1,1,53,$6.91,Los Angeles,California,United States,Bank Withdrawal
4821-WQOYN,Stayed,0,41,,,4,4603,25,Female,0,72,Two Year,$20.10,"$1,326.25","$2,913.85",0,,1,0,0,$22.05,Little River,California,United States,Credit Card
1751-NCDLI,Stayed,0,41,,,5,2641,74,Male,1,46,One Year,$98.85,"$4,564.90","$4,758.10",1,Fiber Optic,1,1,22,$4.20,Castroville,California,United States,Bank Withdrawal
0536-BGFMZ,Stayed,0,41,,,4,5145,27,Female,0,28,Month-to-Month,$20.50,$563.05,"$1,748.29",0,,1,0,0,$42.33,Leggett,California,United States,Credit Card
6598-KELSS,Stayed,0,41,,,3,5409,40,Male,0,50,One Year,$43.05,"$2,208.05","$2,208.05",1,DSL,0,1,76,$0.00,San Diego,California,United States,Bank Withdrawal
8345-MVDYC,Stayed,0,41,,,3,5937,57,Female,0,45,Two Year,$81.65,"$3,618.70","$5,301.25",1,DSL,1,1,30,$37.39,Gardena,California,United States,Bank Withdrawal
2511-MORQY,Stayed,0,41,,,4,4322,46,Male,0,50,One Year,$54.90,"$2,614.10","$3,130.60",1,DSL,1,1,6,$10.33,Torrance,California,United States,Bank Withdrawal
7055-VKGDA,Churned,1,87,Dissatisfaction,Product dissatisfaction,1,4406,31,Male,0,54,One Year,$105.40,"$5,643.40","$8,342.32",1,Fiber Optic,1,1,26,$49.98,Clarksburg,California,United States,Credit Card
1241-EZFMJ,Stayed,0,41,,,4,6015,48,Male,0,61,Two Year,$25.45,"$1,538.60","$2,241.93",0,,1,0,0,$11.53,Ontario,California,United States,Bank Withdrawal
2150-WLKUW,Stayed,0,41,,,3,2654,27,Female,0,40,One Year,$63.90,"$2,635.00","$4,319.00",1,DSL,1,1,52,$42.10,Banning,California,United States,Bank Withdrawal
5063-IUOKK,Stayed,0,41,,,5,2016,56,Male,0,13,Two Year,$19.75,$265.75,$397.18,0,,1,0,0,$10.11,Santa Barbara,California,United States,Credit Card
1767-TGTKO,Stayed,0,41,,,4,4651,30,Female,0,8,Month-to-Month,$45.45,$411.75,$452.47,1,DSL,1,1,51,$5.09,Dana Point,California,United States,Bank Withdrawal
9518-XXBXE,Stayed,0,41,,,4,4254,80,Male,1,10,Two Year,$75.30,$720.45,$971.75,1,Fiber Optic,1,1,30,$25.13,Patterson,California,United States,Bank Withdrawal
3858-XHYJO,Stayed,0,41,,,4,4078,24,Female,0,40,One Year,$105.75,"$4,228.55","$5,116.55",1,Fiber Optic,1,1,76,$22.20,San Gabriel,California,United States,Bank Withdrawal
6506-EYCNH,Stayed,0,41,,,4,3948,27,Female,0,28,Month-to-Month,$19.55,$543.80,$987.60,0,,1,0,0,$15.85,Montclair,California,United States,Bank Withdrawal
6725-TPKJO,Stayed,0,41,,,3,2798,28,Male,0,44,Two Year,$20.05,$845.25,"$2,921.26",0,,1,0,0,$47.53,Duncans Mills,California,United States,Credit Card
2710-WYVXG,Joined,0,41,,,4,3501,36,Female,0,3,Two Year,$71.10,$213.35,$321.73,1,DSL,1,1,22,$37.00,Sun Valley,California,United States,Credit Card
6585-WCEWR,Stayed,0,41,,,3,4949,24,Male,0,72,Two Year,$20.35,"$1,354.40","$2,994.56",0,,1,0,0,$22.78,Fresno,California,United States,Bank Withdrawal
1323-OOEPC,Churned,1,87,Price,Extra data charges,2,6481,45,Female,0,53,Month-to-Month,$98.40,"$5,149.50","$7,361.72",1,Fiber Optic,1,1,24,$41.74,Prather,California,United States,Credit Card
3205-MXZRA,Stayed,0,41,,,4,2074,47,Male,0,26,One Year,$59.45,"$1,507.00","$1,591.76",1,DSL,1,1,6,$3.26,Standish,California,United States,Credit Card
4080-IIARD,Stayed,0,41,,,5,2569,42,Female,0,13,Month-to-Month,$76.20,$981.45,"$1,134.72",1,DSL,1,1,29,$11.79,Los Angeles,California,United States,Bank Withdrawal
8745-PVESG,Stayed,0,41,,,4,5281,44,Female,0,57,One Year,$41.10,"$2,258.25","$2,258.25",1,DSL,0,1,24,$0.00,Rancho Santa Fe,California,United States,Credit Card
0701-RFGFI,Stayed,0,41,,,5,6136,56,Female,0,49,Month-to-Month,$95.40,"$4,613.95","$5,014.77",1,Fiber Optic,1,1,53,$8.18,La Mesa,California,United States,Bank Withdrawal
5012-YSPJJ,Stayed,0,41,,,3,3615,20,Male,0,31,Month-to-Month,$54.35,"$1,647.00","$2,423.24",1,DSL,1,1,71,$25.04,Nubieber,California,United States,Credit Card
4229-CZMLL,Churned,1,87,Dissatisfaction,Service dissatisfaction,1,4160,49,Male,0,6,Month-to-Month,$74.90,$469.80,$507.72,1,Fiber Optic,1,1,11,$6.32,Salinas,California,United States,Bank Withdrawal
3969-GYXEL,Stayed,0,41,,,4,4033,46,Female,0,11,Month-to-Month,$76.40,$838.70,"$1,240.42",1,Fiber Optic,1,1,20,$36.52,Berkeley,California,United States,Bank Withdrawal
4324-BZCKL,Stayed,0,41,,,5,2530,30,Female,0,10,Month-to-Month,$55.55,$551.30,$608.70,1,DSL,1,1,59,$5.74,Paynes Creek,California,United States,Credit Card
1679-JRFBR,Stayed,0,41,,,4,5192,27,Female,0,70,One Year,$108.15,"$7,930.55","$8,334.45",1,Fiber Optic,1,1,48,$5.77,Long Beach,California,United States,Credit Card
2799-ARNLO,Stayed,0,41,,,4,5437,67,Female,1,5,One Year,$69.35,$341.60,$389.40,1,Fiber Optic,1,1,13,$9.56,Bonsall,California,United States,Bank Withdrawal
7295-JOMMD,Churned,1,87,Competitor,Competitor made better offer,1,2895,34,Female,0,4,Month-to-Month,$98.10,$396.30,$418.82,1,Fiber Optic,1,1,18,$5.63,San Jose,California,United States,Bank Withdrawal
1385-TQOZW,Stayed,0,41,,,4,2392,32,Female,0,9,Month-to-Month,$20.45,$147.55,$561.46,0,,1,0,0,$45.99,Branscomb,California,United States,Credit Card
6701-YVNQG,Stayed,0,41,,,3,5764,63,Male,0,72,Two Year,$88.70,"$6,301.70","$9,733.22",1,DSL,1,1,19,$47.66,Moreno Valley,California,United States,Credit Card
8679-JOEVF,Churned,1,87,Price,Price too high,1,5556,75,Female,1,16,Month-to-Month,$59.40,"$1,023.90","$1,613.18",1,DSL,1,1,16,$36.83,Sacramento,California,United States,Bank Withdrawal
2077-MPJQO,Stayed,0,41,,,4,3533,80,Male,1,7,Month-to-Month,$75.40,$533.05,$682.64,1,Fiber Optic,1,1,21,$21.37,Menlo Park,California,United States,Bank Withdrawal
5149-QYTTU,Stayed,0,41,,,3,5647,35,Female,0,71,One Year,$95.15,"$6,770.85","$9,222.48",1,Fiber Optic,1,0,19,$34.53,Long Beach,California,United States,Credit Card
0378-XSZPU,Churned,1,88,Dissatisfaction,Network reliability,2,4026,31,Male,0,58,One Year,$60.30,"$3,563.80","$4,562.56",1,Cable,1,1,21,$17.22,San Jose,California,United States,Credit Card
1965-AKTSX,Churned,1,88,Competitor,Competitor made better offer,1,5203,65,Female,1,14,Month-to-Month,$78.95,"$1,101.85","$1,330.89",1,Fiber Optic,1,1,6,$16.36,Byron,California,United States,Bank Withdrawal
0377-JBKKT,Stayed,0,41,,,3,5036,21,Male,0,22,Month-to-Month,$57.95,"$1,271.80","$2,208.56",1,DSL,1,1,82,$42.58,Gilroy,California,United States,Credit Card
8185-UPYBR,Churned,1,88,Dissatisfaction,Product dissatisfaction,1,5838,33,Male,0,6,Month-to-Month,$75.50,$438.00,$565.38,1,Fiber Optic,1,1,13,$21.23,Hermosa Beach,California,United States,Bank Withdrawal
9412-GHEEC,Churned,1,88,Competitor,Competitor had better devices,1,3492,55,Male,0,40,Month-to-Month,$104.80,"$4,131.95","$5,555.15",1,Fiber Optic,1,1,8,$35.58,Murrieta,California,United States,Bank Withdrawal
3815-SLMEF,Churned,1,88,Competitor,Competitor offered higher download speeds,1,2802,26,Female,0,3,Month-to-Month,$34.25,$139.35,$139.35,1,Cable,0,1,52,$0.00,Avenal,California,United States,Mailed Check
7963-GQRMY,Churned,1,88,Price,Extra data charges,2,4903,19,Female,0,3,Month-to-Month,$44.30,$134.50,$267.88,1,DSL,1,1,51,$44.46,Los Angeles,California,United States,Credit Card
9638-JIQYA,Joined,0,41,,,3,4033,22,Male,0,2,Month-to-Month,$24.90,$49.70,$59.70,1,DSL,0,0,48,$0.00,Ballico,California,United States,Credit Card
5240-IJOQT,Churned,1,88,Competitor,Competitor had better devices,1,3348,69,Male,1,1,Month-to-Month,$74.70,$74.70,$86.04,1,Fiber Optic,1,1,20,$11.34,Grass Valley,California,United States,Bank Withdrawal
2862-JVEOY,Stayed,0,41,,,5,5322,33,Male,0,6,One Year,$19.15,$124.40,$187.64,0,,1,0,0,$10.54,Loma Mar,California,United States,Credit Card
0578-SKVMF,Churned,1,88,Competitor,Competitor had better devices,1,3804,23,Female,0,22,Month-to-Month,$83.30,"$1,845.90","$1,934.12",1,Cable,1,1,53,$4.01,Seeley,California,United States,Bank Withdrawal
3865-QBWSJ,Stayed,0,41,,,3,2926,76,Male,1,38,Two Year,$80.45,"$3,162.65","$4,877.59",1,Fiber Optic,1,1,27,$45.13,Courtland,California,United States,Credit Card
1985-MBRYP,Stayed,0,41,,,3,3678,44,Female,0,43,Two Year,$19.65,$779.25,"$1,067.78",0,,1,0,0,$6.71,Arnold,California,United States,Bank Withdrawal
6457-GIRWB,Churned,1,88,Attitude,Attitude of service provider,2,2843,57,Male,0,1,Month-to-Month,$69.35,$69.35,$91.38,1,Fiber Optic,1,1,26,$22.03,Carlsbad,California,United States,Bank Withdrawal
1089-HDMKP,Stayed,0,40,,,4,4143,72,Male,1,11,Two Year,$54.55,$601.25,$731.71,1,Cable,1,1,23,$11.86,Bridgeport,California,United States,Bank Withdrawal
2612-RRIDN,Churned,1,88,Dissatisfaction,Limited range of services,2,3591,25,Male,0,4,Month-to-Month,$81.00,$340.85,$477.33,1,Fiber Optic,1,0,59,$21.62,Westwood,California,United States,Bank Withdrawal
8878-RYUKI,Stayed,0,40,,,3,6107,30,Female,0,52,Month-to-Month,$59.45,"$3,043.70","$3,530.94",1,DSL,1,1,59,$9.37,Long Beach,California,United States,Bank Withdrawal
0361-HJRDX,Stayed,0,40,,,3,4146,38,Female,0,68,Two Year,$64.35,"$4,539.60","$4,669.60",1,DSL,0,0,28,$0.00,Sherman Oaks,California,United States,Credit Card
6582-PLFUU,Stayed,0,40,,,4,5974,40,Male,0,51,Two Year,$19.55,"$1,086.75","$2,563.71",0,,1,0,0,$28.96,Cedarville,California,United States,Credit Card
0701-TJSEF,Stayed,0,40,,,3,4366,45,Male,0,9,Month-to-Month,$68.25,$576.95,$867.74,1,Cable,1,1,24,$32.31,Santa Barbara,California,United States,Bank Withdrawal
4634-JLRJT,Joined,0,40,,,4,2183,30,Female,0,1,Month-to-Month,$20.35,$20.35,$50.21,0,,1,0,0,$29.86,Ontario,California,United States,Credit Card
8705-DWKTI,Stayed,0,40,,,3,6339,58,Male,0,52,Month-to-Month,$83.80,"$4,331.40","$4,709.24",1,Fiber Optic,1,0,23,$5.92,Gasquet,California,United States,Credit Card
6688-UZPWD,Churned,1,88,Competitor,Competitor offered more data,1,5750,36,Female,0,11,Month-to-Month,$102.00,"$1,145.35","$1,232.14",1,Fiber Optic,1,1,10,$7.89,Palm Springs,California,United States,Bank Withdrawal
1153-GNOLC,Stayed,0,40,,,4,2855,62,Male,0,33,One Year,$39.10,"$1,309.00","$1,309.00",1,DSL,0,1,30,$0.00,Santa Ana,California,United States,Bank Withdrawal
9931-KGHOA,Stayed,0,40,,,3,5928,48,Female,0,46,Month-to-Month,$55.00,"$2,473.95","$3,042.86",1,DSL,1,1,15,$13.05,Santa Barbara,California,United States,Bank Withdrawal
1699-UOTXU,Stayed,0,40,,,3,6209,24,Male,0,60,Two Year,$61.40,"$3,638.25","$5,493.45",1,DSL,1,1,26,$30.92,Big Oak Flat,California,United States,Bank Withdrawal
4763-PGDPO,Churned,1,88,Competitor,Competitor had better devices,1,4494,19,Female,0,4,Month-to-Month,$70.40,$281.00,$515.48,1,Fiber Optic,1,0,42,$41.12,Sacramento,California,United States,Bank Withdrawal
7134-MJPDY,Stayed,0,40,,,3,5569,69,Female,1,66,One Year,$102.85,"$6,976.75","$7,804.33",1,Fiber Optic,1,0,5,$11.63,Moorpark,California,United States,Credit Card
4950-BDEUX,Stayed,0,40,,,4,2782,47,Male,0,35,Month-to-Month,$49.20,"$1,701.65","$1,701.65",1,DSL,0,1,26,$0.00,Apple Valley,California,United States,Bank Withdrawal
5231-FIQPA,Stayed,0,40,,,5,3523,53,Female,0,41,Two Year,$19.85,$810.45,$905.57,0,,1,0,0,$2.32,Beverly Hills,California,United States,Credit Card
4881-GQJTW,Stayed,0,40,,,4,2847,64,Male,0,14,Month-to-Month,$19.60,$300.40,$419.96,0,,1,0,0,$8.54,Taylorsville,California,United States,Credit Card
6599-GZWCM,Stayed,0,40,,,5,4172,39,Female,0,13,One Year,$74.65,$966.25,"$1,520.31",1,Fiber Optic,1,1,15,$42.62,San Jose,California,United States,Credit Card
3683-QKIUE,Churned,1,88,Competitor,Competitor offered higher download speeds,2,4713,51,Female,0,6,Month-to-Month,$50.80,$288.05,$419.51,1,DSL,1,1,12,$21.91,San Francisco,California,United States,Bank Withdrawal
9618-LFJRU,Stayed,0,40,,,5,4344,31,Female,0,4,Month-to-Month,$20.45,$82.85,$95.05,0,,1,0,0,$3.05,Inglewood,California,United States,Credit Card
1582-RAFML,Churned,1,88,Competitor,Competitor had better devices,1,5654,26,Male,0,1,Month-to-Month,$60.10,$60.10,$83.73,1,Cable,1,1,85,$23.63,Sacramento,California,United States,Mailed Check
4381-MHQDC,Stayed,0,40,,,3,3286,38,Female,0,47,Two Year,$65.00,"$2,879.90","$4,560.15",1,DSL,1,0,13,$35.75,Solvang,California,United States,Credit Card
1740-CSDJP,Churned,1,88,Price,Lack of affordable download/upload speed,2,2548,53,Male,0,1,Month-to-Month,$35.25,$35.25,$35.25,1,DSL,0,1,9,$0.00,Oakhurst,California,United States,Bank Withdrawal
7422-WNBTY,Stayed,0,40,,,4,3348,35,Male,0,33,Month-to-Month,$93.35,"$3,092.00","$4,140.08",1,Fiber Optic,1,1,7,$31.76,Green Valley Lake,California,United States,Bank Withdrawal
8780-IHCRN,Stayed,0,40,,,4,4392,23,Male,0,63,Two Year,$24.65,"$1,574.50","$3,396.46",0,,1,0,0,$28.92,Healdsburg,California,United States,Credit Card
1816-FLZDK,Joined,0,40,,,5,3923,34,Male,0,1,Month-to-Month,$29.15,$29.15,$29.15,1,DSL,0,1,22,$0.00,Fawnskin,California,United States,Credit Card
5150-ITWWB,Joined,0,40,,,4,4496,65,Male,1,3,Two Year,$94.85,$335.75,$449.09,1,Fiber Optic,1,1,28,$37.78,Hamilton City,California,United States,Bank Withdrawal
1796-JANOW,Joined,0,40,,,4,4079,33,Female,0,2,Month-to-Month,$19.95,$38.15,$107.29,0,,1,0,0,$34.57,Fiddletown,California,United States,Credit Card
3694-DELSO,Stayed,0,40,,,4,3824,56,Male,0,4,Month-to-Month,$38.55,$156.10,$156.10,1,DSL,0,1,53,$0.00,Olancha,California,United States,Credit Card
2439-LYPMQ,Stayed,0,40,,,4,5469,79,Male,1,38,Two Year,$102.60,"$4,009.20","$4,143.89",1,Fiber Optic,1,1,24,$4.75,Milford,California,United States,Bank Withdrawal
4694-PHWFW,Stayed,0,40,,,4,5919,26,Female,0,8,Month-to-Month,$19.95,$170.90,$537.86,0,,1,0,0,$45.87,San Francisco,California,United States,Mailed Check
3130-ICDUP,Joined,0,40,,,4,5346,56,Female,0,2,Month-to-Month,$80.55,$188.10,$198.70,1,Fiber Optic,1,1,11,$5.30,Hercules,California,United States,Credit Card
6013-BHCAW,Stayed,0,40,,,4,4151,27,Male,0,61,Two Year,$81.00,"$4,976.15","$6,986.71",1,DSL,1,1,41,$32.96,San Jose,California,United States,Bank Withdrawal
2277-DJJDL,Stayed,0,40,,,3,4763,69,Male,1,60,Two Year,$99.00,"$6,017.90","$6,791.90",1,Fiber Optic,1,0,5,$10.40,La Grange,California,United States,Bank Withdrawal
7245-NIIWQ,Joined,0,40,,,5,4764,53,Female,0,3,Month-to-Month,$69.85,$199.85,$304.13,1,Fiber Optic,1,1,21,$34.76,Fellows,California,United States,Bank Withdrawal
0533-UCAAU,Stayed,0,40,,,5,5462,72,Male,1,57,One Year,$71.10,"$4,140.10","$6,885.22",1,DSL,1,1,10,$48.16,Montgomery Creek,California,United States,Credit Card
4781-ZXYGU,Joined,0,40,,,3,3960,25,Male,0,1,Month-to-Month,$20.15,$20.15,$38.78,0,,1,0,0,$18.63,Sausalito,California,United States,Bank Withdrawal
7564-GHCVB,Stayed,0,40,,,3,4689,27,Female,0,72,Two Year,$79.05,"$5,730.70","$6,335.58",1,Fiber Optic,1,0,53,$7.29,San Simeon,California,United States,Bank Withdrawal
6332-FBZRI,Stayed,0,40,,,3,5589,39,Male,0,67,One Year,$69.35,"$4,653.25","$7,069.33",1,DSL,1,1,24,$36.21,Sacramento,California,United States,Credit Card
9871-ELEYA,Stayed,0,40,,,3,4263,22,Female,0,34,Two Year,$67.65,"$2,339.30","$3,044.80",1,DSL,1,1,27,$20.75,Del Rey,California,United States,Credit Card
2236-HILPA,Stayed,0,40,,,5,6403,55,Male,0,62,Two Year,$20.65,"$1,218.45","$1,909.75",0,,1,0,0,$11.15,Hayward,California,United States,Credit Card
7319-VENRZ,Stayed,0,40,,,4,4010,19,Male,0,7,Month-to-Month,$64.30,$445.95,$668.83,1,Cable,1,1,58,$31.84,Rancho Santa Margarita,California,United States,Bank Withdrawal
3014-WJKSM,Stayed,0,40,,,4,4910,26,Male,0,29,Month-to-Month,$75.30,"$2,263.40","$2,360.55",1,Fiber Optic,1,1,59,$3.35,San Luis Obispo,California,United States,Credit Card
3030-YDNRM,Stayed,0,40,,,4,5514,64,Male,0,8,Month-to-Month,$74.85,$572.45,$665.09,1,Fiber Optic,1,1,7,$11.58,Pasadena,California,United States,Bank Withdrawal
8208-EUMTE,Stayed,0,40,,,4,2136,45,Male,0,16,Two Year,$54.85,$916.15,$916.15,1,DSL,0,1,27,$0.00,Villa Park,California,United States,Credit Card
3842-IYKUE,Churned,1,88,Competitor,Competitor offered more data,2,2455,28,Female,0,35,Month-to-Month,$85.30,"$2,917.50","$4,603.51",1,Fiber Optic,1,0,41,$45.14,San Leandro,California,United States,Credit Card
8044-BGWPI,Stayed,0,40,,,4,5209,50,Male,0,12,Month-to-Month,$21.15,$306.05,$712.85,0,,1,0,0,$33.90,Ontario,California,United States,Bank Withdrawal
2082-CEFLT,Churned,1,88,Competitor,Competitor made better offer,1,3037,31,Male,0,1,Month-to-Month,$45.60,$45.60,$57.33,1,DSL,1,1,24,$11.73,San Diego,California,United States,Bank Withdrawal
4521-WFJAI,Stayed,0,40,,,3,4246,52,Male,0,56,Two Year,$25.95,"$1,444.05","$4,121.97",0,,1,0,0,$47.82,Sacramento,California,United States,Bank Withdrawal
5141-ZUVBH,Stayed,0,40,,,3,2267,46,Female,0,9,Month-to-Month,$93.00,$870.25,"$1,249.15",1,Fiber Optic,1,1,16,$42.10,Boron,California,United States,Bank Withdrawal
2519-TWKFS,Stayed,0,40,,,4,2499,34,Male,0,25,One Year,$55.10,"$1,466.10","$2,643.60",1,DSL,1,1,25,$47.10,Blocksburg,California,United States,Credit Card
4683-WYDOU,Stayed,0,40,,,4,4697,54,Male,0,62,Two Year,$107.60,"$6,912.70","$9,059.14",1,Fiber Optic,1,1,28,$34.62,Rancho Palos Verdes,California,United States,Bank Withdrawal
2773-MADBQ,Stayed,0,40,,,3,2751,46,Female,0,36,Two Year,$53.10,"$1,901.25","$1,901.25",1,Cable,0,1,9,$0.00,Long Beach,California,United States,Credit Card
3795-CAWEX,Stayed,0,40,,,3,6116,21,Male,0,70,Two Year,$116.55,"$8,152.30","$11,006.20",1,Fiber Optic,1,1,71,$40.77,Whitmore,California,United States,Credit Card
4054-CUMIA,Stayed,0,40,,,4,2429,29,Female,0,18,Month-to-Month,$20.25,$401.95,"$1,039.87",0,,1,0,0,$35.44,San Miguel,California,United States,Credit Card
5647-FXOTP,Stayed,0,40,,,5,5084,71,Female,1,60,Month-to-Month,$105.90,"$6,401.25","$8,713.85",1,Fiber Optic,1,0,25,$36.71,Santa Ysabel,California,United States,Bank Withdrawal
0407-BDJKB,Churned,1,88,Dissatisfaction,Service dissatisfaction,2,4129,59,Male,0,60,Month-to-Month,$95.75,"$5,742.90","$7,856.10",1,Fiber Optic,1,1,16,$35.22,San Francisco,California,United States,Bank Withdrawal
9968-FFVVH,Stayed,0,40,,,3,5082,20,Male,0,63,One Year,$68.80,"$4,111.35","$6,528.66",1,Cable,1,1,59,$38.37,Potter Valley,California,United States,Bank Withdrawal
7242-EDTYC,Stayed,0,40,,,3,5860,48,Male,0,44,Two Year,$19.55,$819.95,"$1,452.23",0,,1,0,0,$14.37,Pine Valley,California,United States,Bank Withdrawal
3638-DIMPH,Stayed,0,40,,,3,4369,34,Female,0,13,One Year,$43.80,$592.65,$976.02,1,DSL,1,1,2,$29.49,Wilseyville,California,United States,Bank Withdrawal
7554-AKDQF,Stayed,0,40,,,4,4227,27,Female,0,6,Month-to-Month,$45.65,$323.45,$357.59,1,DSL,1,1,27,$5.69,Sierra Madre,California,United States,Credit Card
1448-PWKYE,Churned,1,88,Competitor,Competitor had better devices,1,2046,48,Male,0,1,Month-to-Month,$80.00,$80.00,$115.71,1,Cable,1,1,3,$35.71,Shafter,California,United States,Bank Withdrawal
5940-NFXKV,Churned,1,88,Competitor,Competitor made better offer,2,3427,59,Male,0,19,Month-to-Month,$83.65,"$1,465.75","$1,863.46",1,Fiber Optic,1,0,25,$14.09,San Diego,California,United States,Bank Withdrawal
6981-TDRFT,Stayed,0,39,,,5,3423,25,Male,0,44,One Year,$54.30,"$2,317.10","$2,327.10",1,DSL,0,0,69,$0.00,Soulsbyville,California,United States,Bank Withdrawal
2758-RNWXS,Stayed,0,39,,,4,4446,60,Male,0,35,One Year,$89.20,"$3,251.30","$4,987.65",1,Fiber Optic,1,1,26,$49.61,Oceanside,California,United States,Bank Withdrawal
8621-MNIHH,Churned,1,88,Competitor,Competitor had better devices,1,3369,75,Female,1,34,Month-to-Month,$94.25,"$3,217.55","$3,315.47",1,Fiber Optic,1,1,4,$2.88,Madison,California,United States,Bank Withdrawal
9140-CZQZZ,Stayed,0,39,,,4,5601,38,Female,0,68,Two Year,$79.60,"$5,515.80","$8,776.40",1,DSL,1,1,14,$47.95,Lee Vining,California,United States,Bank Withdrawal
2133-TSRRM,Stayed,0,39,,,4,5432,47,Female,0,34,Month-to-Month,$105.35,"$3,688.60","$4,918.56",1,Fiber Optic,1,0,21,$32.94,Rosemead,California,United States,Bank Withdrawal
4177-JPDFU,Stayed,0,39,,,3,3215,35,Male,0,12,Month-to-Month,$34.00,$442.45,$442.45,1,Cable,0,1,6,$0.00,Redcrest,California,United States,Credit Card
3572-UOLYZ,Stayed,0,39,,,3,5756,28,Female,0,46,Month-to-Month,$84.80,"$3,958.85","$4,146.53",1,Fiber Optic,1,1,59,$4.08,San Jose,California,United States,Bank Withdrawal
7989-AWGEH,Stayed,0,39,,,4,4810,24,Male,0,49,Month-to-Month,$39.20,"$1,838.15","$1,838.15",1,DSL,0,1,47,$0.00,San Luis Obispo,California,United States,Bank Withdrawal
1686-STUHN,Stayed,0,39,,,3,3575,55,Male,0,42,One Year,$19.80,$849.90,"$2,476.98",0,,1,0,0,$38.74,Creston,California,United States,Bank Withdrawal
7321-VGNKU,Joined,0,39,,,3,4917,45,Female,0,2,Month-to-Month,$70.35,$120.25,$155.65,1,Fiber Optic,1,0,22,$7.70,Paskenta,California,United States,Bank Withdrawal
6537-QLGEX,Stayed,0,39,,,3,3300,34,Female,0,16,Month-to-Month,$38.90,$664.40,$664.40,1,DSL,0,1,30,$0.00,Mammoth Lakes,California,United States,Bank Withdrawal
4598-XLKNJ,Churned,1,88,Dissatisfaction,Limited range of services,2,5337,78,Female,1,25,Month-to-Month,$98.50,"$2,514.50","$2,995.07",1,Fiber Optic,1,1,12,$19.76,Inglewood,California,United States,Bank Withdrawal
1414-YADCW,Stayed,0,39,,,3,5679,45,Male,0,70,Two Year,$84.60,"$5,706.20","$5,781.10",1,Fiber Optic,1,1,21,$1.07,Deer Park,California,United States,Bank Withdrawal
1213-NGCUN,Churned,1,88,Dissatisfaction,Lack of self-service on Website,2,4248,49,Female,0,6,Month-to-Month,$49.65,$267.35,$560.69,1,DSL,1,1,22,$48.89,San Diego,California,United States,Bank Withdrawal
9281-OFDMF,Stayed,0,39,,,4,5028,76,Male,1,39,Two Year,$90.70,"$3,413.25","$4,195.59",1,Fiber Optic,1,1,3,$20.06,Meadow Valley,California,United States,Bank Withdrawal
1397-XKKWR,Stayed,0,39,,,4,3463,47,Male,0,7,One Year,$35.30,$264.80,$264.80,1,DSL,0,1,14,$0.00,San Jose,California,United States,Credit Card
9348-YVOMK,Stayed,0,39,,,4,5565,28,Male,0,4,Month-to-Month,$44.80,$176.20,$351.28,1,DSL,1,1,41,$43.77,Anaheim,California,United States,Credit Card
6653-CBBOM,Churned,1,88,Dissatisfaction,Service dissatisfaction,1,5963,57,Female,0,1,Month-to-Month,$70.30,$70.30,$86.22,1,Fiber Optic,1,1,11,$15.92,Compton,California,United States,Bank Withdrawal
1439-LCGVL,Stayed,0,39,,,3,3656,42,Female,0,26,One Year,$19.20,$459.60,$505.10,0,,1,0,0,$1.75,Los Angeles,California,United States,Credit Card
3096-IZETN,Churned,1,89,Attitude,Attitude of support person,3,4741,32,Female,0,12,Month-to-Month,$78.10,$947.30,"$1,457.90",1,Fiber Optic,1,1,18,$42.55,Lomita,California,United States,Bank Withdrawal
3858-VOBET,Churned,1,89,Competitor,Competitor made better offer,3,5897,48,Male,0,23,Month-to-Month,$74.95,"$1,710.45","$2,372.85",1,Cable,1,1,13,$28.80,San Diego,California,United States,Bank Withdrawal
1345-ZUKID,Stayed,0,39,,,3,2400,24,Male,0,14,One Year,$19.35,$324.80,$689.08,0,,1,0,0,$26.02,Magalia,California,United States,Mailed Check
1334-PDUKM,Stayed,0,39,,,5,4480,48,Female,0,68,One Year,$86.45,"$5,762.95","$6,576.63",1,Fiber Optic,1,0,15,$9.76,Palomar Mountain,California,United States,Credit Card
3545-CNWRG,Stayed,0,39,,,5,4325,52,Female,0,49,Month-to-Month,$98.35,"$4,889.20","$6,230.82",1,Fiber Optic,1,1,57,$27.38,Santa Monica,California,United States,Bank Withdrawal
7207-RMRDB,Churned,1,89,Competitor,Competitor had better devices,1,5720,20,Female,0,65,Month-to-Month,$105.50,"$6,985.65","$9,204.75",1,Fiber Optic,1,1,26,$34.14,Santa Barbara,California,United States,Bank Withdrawal
6479-SZPLM,Stayed,0,39,,,5,5745,26,Male,0,36,Two Year,$19.45,$754.50,"$1,917.30",0,,1,0,0,$32.30,Anaheim,California,United States,Credit Card
7890-VYYWG,Churned,1,89,Competitor,Competitor had better devices,1,3766,67,Male,1,3,Month-to-Month,$36.45,$93.70,$93.70,1,DSL,0,1,20,$0.00,Sutter,California,United States,Credit Card
3778-FOAQW,Stayed,0,39,,,3,3573,33,Female,0,24,One Year,$20.15,$456.85,"$1,245.49",0,,1,0,0,$32.86,San Diego,California,United States,Credit Card
4109-CYRBD,Stayed,0,39,,,5,5495,77,Male,1,29,One Year,$51.60,"$1,442.00","$2,533.85",1,DSL,1,1,9,$37.65,Menifee,California,United States,Bank Withdrawal
5236-PERKL,Churned,1,89,Competitor,Competitor offered higher download speeds,1,4738,38,Female,0,57,Two Year,$112.95,"$6,465.00","$9,250.02",1,Fiber Optic,1,1,6,$48.86,Pearblossom,California,United States,Bank Withdrawal
6650-VJONK,Joined,0,39,,,4,5913,54,Male,0,1,Month-to-Month,$43.85,$43.85,$69.75,1,Cable,1,0,27,$15.90,Carson,California,United States,Bank Withdrawal
0485-ZBSLN,Stayed,0,39,,,5,6263,52,Male,0,65,Two Year,$24.75,"$1,715.10","$4,087.60",0,,1,0,0,$36.50,Mecca,California,United States,Credit Card
4023-RTIQM,Stayed,0,39,,,3,2166,72,Female,1,31,One Year,$50.40,"$1,580.10","$1,580.10",1,DSL,0,1,21,$0.00,Redcrest,California,United States,Credit Card
8510-BBWMU,Stayed,0,39,,,3,5678,40,Female,0,41,One Year,$19.75,$806.95,"$2,342.81",0,,1,0,0,$37.46,Stonyford,California,United States,Credit Card
4808-YNLEU,Stayed,0,39,,,4,5255,51,Female,0,35,One Year,$62.15,"$2,215.45","$3,074.00",1,DSL,1,1,30,$24.53,Maywood,California,United States,Bank Withdrawal
4971-PUYQO,Churned,1,89,Competitor,Competitor made better offer,2,4464,48,Female,0,27,Month-to-Month,$94.55,"$2,724.60","$3,024.03",1,Fiber Optic,1,1,6,$11.09,San Diego,California,United States,Mailed Check
2157-MXBJS,Churned,1,89,Dissatisfaction,Network reliability,3,4800,20,Male,0,13,One Year,$75.30,$989.45,"$1,525.31",1,Cable,1,1,82,$41.22,Calistoga,California,United States,Credit Card
0810-DHDBD,Stayed,0,39,,,3,5806,31,Female,0,52,One Year,$74.00,"$3,877.65","$4,989.41",1,Cable,1,1,21,$21.38,Rohnert Park,California,United States,Credit Card
2753-JMMCV,Stayed,0,39,,,3,4774,41,Male,0,65,Two Year,$74.20,"$4,805.65","$6,250.60",1,DSL,1,1,18,$22.23,Paso Robles,California,United States,Credit Card
4983-CCWMC,Joined,0,39,,,4,5487,43,Male,0,3,Month-to-Month,$69.60,$207.40,$314.31,1,Fiber Optic,1,0,16,$28.97,Creston,California,United States,Credit Card
8550-XSXUQ,Stayed,0,39,,,4,3997,41,Male,0,48,One Year,$70.55,"$3,420.50","$5,283.86",1,Cable,1,1,8,$38.82,Cottonwood,California,United States,Credit Card
2815-CPTUL,Churned,1,89,Price,Price too high,2,3684,68,Male,1,5,Month-to-Month,$70.25,$331.90,$330.77,1,Fiber Optic,1,1,17,$2.27,Gasquet,California,United States,Credit Card
0394-YONDK,Stayed,0,39,,,3,5114,28,Male,0,70,Two Year,$25.15,"$1,790.15","$1,875.55",0,,1,0,0,$1.22,Escondido,California,United States,Credit Card
8111-RKSPX,Churned,1,89,Dissatisfaction,Service dissatisfaction,2,5668,20,Male,0,4,Month-to-Month,$72.20,$305.55,$425.47,1,Fiber Optic,1,1,71,$29.98,Santa Rosa,California,United States,Bank Withdrawal
9732-OUYRN,Stayed,0,39,,,3,4066,54,Female,0,49,One Year,$19.00,$918.70,"$1,562.07",0,,1,0,0,$13.13,Union City,California,United States,Credit Card
5089-IFSDP,Churned,1,89,Dissatisfaction,Product dissatisfaction,1,6424,39,Female,0,58,Two Year,$109.45,"$6,144.55","$7,767.97",1,Fiber Optic,1,1,24,$27.99,Huntington Beach,California,United States,Bank Withdrawal
7547-EKNFS,Churned,1,89,Attitude,Attitude of service provider,1,2075,37,Male,0,42,Month-to-Month,$95.25,"$3,959.35","$4,698.97",1,Fiber Optic,1,1,29,$18.26,Caspar,California,United States,Bank Withdrawal
6060-QBMGV,Stayed,0,39,,,5,4442,30,Male,0,70,Two Year,$19.85,"$1,433.80","$1,634.03",0,,1,0,0,$3.51,Pasadena,California,United States,Credit Card
4213-HKBJO,Stayed,0,39,,,4,3378,60,Female,0,33,Two Year,$25.70,$826.10,"$2,030.60",0,,1,0,0,$36.50,Martinez,California,United States,Credit Card
4376-KFVRS,Stayed,0,39,,,3,4842,52,Male,0,72,Two Year,$114.05,"$8,468.20","$10,682.20",1,Fiber Optic,1,1,3,$30.75,Barstow,California,United States,Credit Card
0115-TFERT,Churned,1,89,Attitude,Attitude of service provider,3,4123,24,Male,0,21,Month-to-Month,$111.20,"$2,317.10","$3,198.56",1,Fiber Optic,1,0,59,$36.26,Fresno,California,United States,Bank Withdrawal
7322-OCWHC,Stayed,0,39,,,3,4988,73,Male,1,72,Two Year,$93.05,"$6,735.05","$6,831.53",1,Fiber Optic,1,1,30,$1.34,Placentia,California,United States,Bank Withdrawal
7975-JMZNT,Stayed,0,39,,,3,5453,19,Male,0,66,Two Year,$91.70,"$6,075.90","$7,611.72",1,DSL,1,1,58,$23.27,Columbia,California,United States,Bank Withdrawal
7359-SSBJK,Churned,1,89,Price,Lack of affordable download/upload speed,1,6080,80,Female,1,64,Two Year,$70.20,"$4,481.00","$6,344.68",1,DSL,1,1,24,$29.12,Whittier,California,United States,Credit Card
1716-LSAMB,Stayed,0,39,,,3,5083,21,Male,0,45,Two Year,$54.65,"$2,553.70","$4,588.15",1,Cable,1,1,59,$45.21,Santa Ana,California,United States,Bank Withdrawal
1685-VAYJF,Stayed,0,39,,,5,5253,44,Male,0,11,Month-to-Month,$45.20,$492.00,"$1,088.49",1,DSL,1,0,22,$40.59,Salinas,California,United States,Credit Card
6691-CCIHA,Stayed,0,39,,,4,6307,46,Female,0,62,Two Year,$84.95,"$5,150.55","$5,437.27",1,Cable,1,1,28,$4.70,Joshua Tree,California,United States,Bank Withdrawal
9447-YPTBX,Stayed,0,39,,,5,4358,30,Female,0,50,One Year,$19.85,$943.10,"$2,348.10",0,,1,0,0,$28.10,Alhambra,California,United States,Bank Withdrawal
0975-UYDTX,Stayed,0,39,,,3,2068,46,Female,0,26,One Year,$90.10,"$2,312.55","$2,931.14",1,DSL,1,1,19,$25.63,Glendale,California,United States,Credit Card
2786-GCDPI,Stayed,0,39,,,5,5570,75,Female,1,50,Month-to-Month,$104.95,"$5,222.35","$6,104.85",1,Fiber Optic,1,1,29,$17.65,Pioneertown,California,United States,Bank Withdrawal
0106-GHRQR,Stayed,0,39,,,5,3360,24,Male,0,16,Month-to-Month,$71.40,"$1,212.10","$1,623.46",1,DSL,1,1,48,$25.71,Rancho Palos Verdes,California,United States,Bank Withdrawal
4893-GYUJU,Stayed,0,39,,,3,5247,29,Female,0,50,One Year,$19.35,"$1,033.00","$1,897.50",0,,1,0,0,$17.88,Oregon House,California,United States,Mailed Check
2667-WYLWJ,Churned,1,89,Price,Long distance charges,3,2247,44,Female,0,8,One Year,$19.75,$145.00,$514.04,0,,1,0,0,$46.13,Dunnigan,California,United States,Credit Card
5377-NDTOU,Stayed,0,39,,,3,4644,26,Female,0,71,Two Year,$91.05,"$6,293.75","$6,968.25",1,Cable,1,1,76,$9.50,San Pedro,California,United States,Credit Card
8375-KVTHK,Stayed,0,39,,,4,5757,43,Male,0,68,One Year,$100.30,"$6,754.35","$10,211.03",1,Fiber Optic,1,0,3,$49.51,Fort Bragg,California,United States,Bank Withdrawal
8496-EJAUI,Churned,1,89,Attitude,Attitude of support person,3,2251,47,Male,0,19,Month-to-Month,$73.85,"$1,424.50","$1,588.51",1,Fiber Optic,1,0,14,$1.79,Tujunga,California,United States,Credit Card
0491-KAPQG,Stayed,0,39,,,5,2071,28,Male,0,21,Month-to-Month,$73.70,"$1,558.70","$2,158.04",1,Fiber Optic,1,1,42,$28.54,Pine Valley,California,United States,Bank Withdrawal
6007-TCTST,Stayed,0,39,,,3,5841,57,Female,0,72,Two Year,$115.80,"$8,476.50","$9,361.38",1,Fiber Optic,1,1,24,$12.29,Salinas,California,United States,Bank Withdrawal
3717-OEAUQ,Joined,0,38,,,4,2388,37,Male,0,2,Month-to-Month,$70.70,$129.20,$144.64,1,Fiber Optic,1,0,14,$2.72,Ione,California,United States,Credit Card
2180-DXNEG,Churned,1,89,Dissatisfaction,Product dissatisfaction,1,5239,46,Female,0,12,Month-to-Month,$96.00,"$1,062.10","$1,368.58",1,Fiber Optic,1,1,27,$25.54,Harbor City,California,United States,Bank Withdrawal
0674-GCDXG,Stayed,0,38,,,4,5816,20,Male,0,63,Two Year,$71.90,"$4,479.20","$7,162.37",1,DSL,1,1,85,$42.59,Bakersfield,California,United States,Bank Withdrawal
5419-CONWX,Churned,1,89,Competitor,Competitor had better devices,1,2268,65,Female,1,4,Month-to-Month,$99.80,$442.85,$493.57,1,Fiber Optic,1,1,10,$12.68,Pleasant Grove,California,United States,Credit Card
4013-GUXND,Joined,0,38,,,4,3678,37,Male,0,1,Month-to-Month,$20.80,$20.80,$68.94,0,,1,0,0,$48.14,Lancaster,California,United States,Credit Card
6481-LXPWL,Stayed,0,38,,,3,5092,61,Male,0,56,One Year,$36.10,"$1,971.50","$2,031.50",1,DSL,0,0,28,$0.00,Palo Alto,California,United States,Credit Card
4211-MMAZN,Churned,1,89,Attitude,Attitude of support person,1,2959,41,Male,0,1,Month-to-Month,$20.25,$20.25,$43.41,0,,1,0,0,$23.16,Vacaville,California,United States,Mailed Check
9050-QLROH,Churned,1,89,Competitor,Competitor made better offer,1,2931,26,Male,0,18,Month-to-Month,$90.70,"$1,597.25","$2,111.87",1,Fiber Optic,1,1,26,$28.59,San Diego,California,United States,Credit Card
1099-GODLO,Joined,0,38,,,5,4836,62,Female,0,1,Two Year,$20.35,$20.35,$50.44,0,,1,0,0,$30.09,Berkeley,California,United States,Credit Card
3873-WOSBC,Stayed,0,38,,,3,4879,58,Male,0,67,Two Year,$25.60,"$1,784.90","$2,571.48",0,,1,0,0,$11.74,Catheys Valley,California,United States,Credit Card
1219-NNDDO,Stayed,0,38,,,5,4834,51,Female,0,9,Month-to-Month,$76.85,$663.55,"$1,045.24",1,Fiber Optic,1,1,8,$42.41,Los Angeles,California,United States,Bank Withdrawal
3244-DCJWY,Churned,1,89,Competitor,Competitor had better devices,1,4133,27,Female,0,1,Month-to-Month,$70.25,$70.25,$93.25,1,Fiber Optic,1,1,59,$23.00,Bakersfield,California,United States,Bank Withdrawal
3920-HIHMQ,Stayed,0,38,,,5,4196,53,Female,0,26,Month-to-Month,$49.50,"$1,265.65","$1,840.49",1,DSL,1,0,19,$16.34,Scotts Valley,California,United States,Credit Card
3863-QSTYI,Stayed,0,38,,,3,5687,60,Male,0,59,Month-to-Month,$64.65,"$3,735.45","$4,726.65",1,Cable,1,1,18,$16.80,Mission Viejo,California,United States,Bank Withdrawal
9640-ZSLDC,Stayed,0,38,,,4,4854,29,Female,0,53,One Year,$60.60,"$3,297.00","$4,992.47",1,DSL,1,1,59,$31.99,Lagunitas,California,United States,Credit Card
3780-DDGSE,Stayed,0,38,,,5,5479,77,Male,1,35,One Year,$76.05,"$2,747.20","$3,243.85",1,DSL,1,1,17,$14.19,Shoshone,California,United States,Bank Withdrawal
1792-UXAFY,Churned,1,89,Dissatisfaction,Service dissatisfaction,1,5082,80,Female,1,17,Month-to-Month,$89.15,"$1,496.90","$2,013.19",1,Fiber Optic,1,1,28,$30.37,San Jose,California,United States,Bank Withdrawal
0930-EHUZA,Stayed,0,38,,,5,4771,33,Female,0,36,One Year,$76.35,"$2,606.35","$4,221.67",1,Cable,1,1,8,$44.87,Calpine,California,United States,Credit Card
4285-GYRQC,Churned,1,89,Attitude,Attitude of support person,2,3344,63,Female,0,7,Month-to-Month,$86.25,$587.10,$899.72,1,Fiber Optic,1,1,26,$44.66,Newport Beach,California,United States,Bank Withdrawal
9554-DFKIC,Stayed,0,38,,,4,2613,50,Male,0,30,Month-to-Month,$54.45,"$1,588.70","$1,963.40",1,DSL,1,1,19,$12.49,Villa Park,California,United States,Bank Withdrawal
0336-KXKFK,Stayed,0,38,,,3,4085,43,Male,0,72,Two Year,$61.20,"$4,390.25","$4,390.25",1,DSL,0,1,6,$0.00,Santa Margarita,California,United States,Credit Card
9661-ACXBS,Churned,1,89,Competitor,Competitor made better offer,1,2317,26,Female,0,42,Month-to-Month,$105.20,"$4,400.75","$5,765.92",1,Fiber Optic,1,1,52,$33.46,San Rafael,California,United States,Bank Withdrawal
3658-KIBGF,Churned,1,89,Dissatisfaction,Network reliability,1,2833,19,Female,0,1,Month-to-Month,$54.90,$54.90,$99.26,1,DSL,1,1,58,$44.36,Los Angeles,California,United States,Bank Withdrawal
3945-GFWQL,Churned,1,89,Price,Extra data charges,3,4162,33,Female,0,12,Month-to-Month,$44.55,$480.60,$524.31,1,DSL,1,0,16,$5.16,San Jose,California,United States,Bank Withdrawal
1729-VLAZJ,Stayed,0,38,,,3,2876,52,Female,0,10,One Year,$40.25,$411.45,$423.49,1,DSL,0,0,57,$0.00,Santa Barbara,California,United States,Credit Card
0929-PECLO,Stayed,0,38,,,4,4438,74,Female,1,63,Two Year,$89.60,"$5,538.80","$8,172.20",1,Fiber Optic,1,1,16,$41.80,Klamath,California,United States,Bank Withdrawal
0455-ENTCR,Stayed,0,38,,,4,5012,58,Male,0,66,Two Year,$85.25,"$5,538.35","$8,366.45",1,DSL,1,1,21,$42.85,Jamestown,California,United States,Bank Withdrawal
1930-QPBVZ,Stayed,0,38,,,3,5748,31,Male,0,68,Two Year,$95.10,"$6,683.40","$7,315.12",1,Fiber Optic,1,1,18,$9.29,Laytonville,California,United States,Bank Withdrawal
6982-SSHFK,Churned,1,89,Competitor,Competitor had better devices,1,3522,45,Male,0,1,Month-to-Month,$44.40,$44.40,$76.84,1,DSL,1,1,12,$32.44,Fresno,California,United States,Mailed Check
7340-KEFQE,Stayed,0,38,,,4,6404,23,Female,0,51,Two Year,$34.20,"$1,782.00","$1,772.61",1,Cable,0,1,27,$0.00,Santa Ana,California,United States,Bank Withdrawal
5913-INRQV,Stayed,0,38,,,3,3202,71,Male,1,34,One Year,$90.15,"$3,128.80","$4,029.46",1,Fiber Optic,1,1,18,$26.49,Upland,California,United States,Credit Card
6005-OBZPH,Churned,1,89,Other,Don't know,1,4074,68,Female,1,26,Month-to-Month,$89.15,"$2,277.65","$2,513.99",1,Fiber Optic,1,1,12,$9.09,San Diego,California,United States,Bank Withdrawal
8873-TMKGR,Stayed,0,38,,,4,5880,40,Male,0,29,One Year,$19.10,$529.50,"$1,965.58",0,,1,0,0,$49.52,Sugarloaf,California,United States,Credit Card
7446-KQISO,Stayed,0,38,,,3,4221,62,Male,0,45,Two Year,$109.75,"$4,900.65","$5,237.25",1,Fiber Optic,1,1,27,$7.48,Visalia,California,United States,Bank Withdrawal
9134-CEQMF,Churned,1,89,Dissatisfaction,Network reliability,2,3077,75,Male,1,7,Month-to-Month,$89.50,$676.70,$772.11,1,Fiber Optic,1,1,27,$13.63,Nice,California,United States,Bank Withdrawal
6986-IXNDM,Stayed,0,38,,,3,4296,47,Male,0,14,Month-to-Month,$92.90,"$1,337.45","$1,726.65",1,Fiber Optic,1,1,17,$27.80,Three Rivers,California,United States,Bank Withdrawal
0602-DDUML,Stayed,0,38,,,3,4487,21,Female,0,57,Two Year,$69.75,"$3,894.40","$5,954.38",1,Cable,1,1,48,$36.14,Fallbrook,California,United States,Mailed Check
2608-BHKFN,Churned,1,89,Competitor,Competitor had better devices,1,3600,46,Female,0,4,Month-to-Month,$70.05,$266.90,$317.22,1,Fiber Optic,1,1,19,$12.58,Berkeley,California,United States,Credit Card
7153-CHRBV,Stayed,0,38,,,3,6287,54,Female,0,57,One Year,$59.30,"$3,274.35","$4,348.80",1,Cable,1,1,24,$18.85,San Andreas,California,United States,Credit Card
5356-KZCKT,Stayed,0,38,,,4,6490,42,Male,0,58,Two Year,$24.45,"$1,513.60","$1,651.64",0,,1,0,0,$2.38,Torrance,California,United States,Credit Card
7017-VFHAY,Stayed,0,38,,,3,6090,42,Female,0,61,Two Year,$115.10,"$7,008.15","$8,228.76",1,Fiber Optic,1,1,12,$20.01,Glendora,California,United States,Credit Card
4452-ROHMO,Stayed,0,38,,,3,2722,64,Female,0,15,Two Year,$19.60,$331.60,$923.95,0,,1,0,0,$39.49,San Diego,California,United States,Credit Card
5989-AXPUC,Stayed,0,38,,,4,4175,27,Female,0,68,Two Year,$118.60,"$7,990.05","$8,039.20",1,Fiber Optic,1,1,27,$1.29,Garden Grove,California,United States,Credit Card
9283-LZQOH,Churned,1,89,Competitor,Competitor made better offer,1,3687,36,Male,0,13,Month-to-Month,$74.40,$896.75,$934.71,1,Fiber Optic,1,1,21,$2.92,Antelope,California,United States,Credit Card
8646-JCOMS,Stayed,0,38,,,5,4958,43,Female,0,66,One Year,$90.55,"$6,130.95","$6,904.47",1,Fiber Optic,1,1,20,$11.72,Maywood,California,United States,Bank Withdrawal
1049-FYSYG,Stayed,0,38,,,3,5977,48,Female,0,17,Month-to-Month,$35.65,$646.05,$646.05,1,DSL,0,1,23,$0.00,Temecula,California,United States,Credit Card
8999-BOHSE,Churned,1,89,Attitude,Attitude of support person,2,2202,68,Female,1,11,Month-to-Month,$89.70,"$1,047.70","$1,091.26",1,Fiber Optic,1,1,27,$3.96,Gilroy,California,United States,Bank Withdrawal
2361-FJWNO,Stayed,0,38,,,3,5323,55,Male,0,40,One Year,$36.00,"$1,382.90","$1,512.90",1,Cable,0,0,12,$0.00,Rancho Cucamonga,California,United States,Credit Card
5651-CPDND,Stayed,0,38,,,4,3903,45,Male,0,10,Month-to-Month,$46.00,$492.10,$627.20,1,DSL,1,1,14,$13.51,San Leandro,California,United States,Credit Card
0280-XJGEX,Churned,1,89,Competitor,Competitor had better devices,1,5340,38,Male,0,49,Month-to-Month,$103.70,"$5,036.30","$7,208.47",1,Fiber Optic,1,1,11,$44.33,Los Angeles,California,United States,Bank Withdrawal
1156-ZFYDO,Joined,0,38,,,3,3666,57,Female,0,1,Month-to-Month,$19.75,$19.75,$57.37,0,,1,0,0,$37.62,Glendale,California,United States,Bank Withdrawal
7410-OIEDU,Stayed,0,38,,,3,5983,29,Male,0,10,Month-to-Month,$79.85,$887.35,"$1,371.15",1,Fiber Optic,1,1,42,$48.38,Culver City,California,United States,Credit Card
5143-EGQFK,Churned,1,89,Other,Don't know,2,5702,76,Female,1,10,Month-to-Month,$29.65,$291.40,$401.40,1,Cable,0,0,20,$0.00,San Diego,California,United States,Bank Withdrawal
8096-LOIST,Stayed,0,38,,,5,3384,57,Female,0,19,Month-to-Month,$56.20,"$1,093.40","$1,857.58",1,Cable,1,1,22,$40.22,Stirling City,California,United States,Bank Withdrawal
9351-LZYGF,Stayed,0,38,,,3,3773,56,Female,0,42,Month-to-Month,$66.40,"$2,727.80","$4,254.50",1,DSL,1,1,30,$36.35,Bodega,California,United States,Credit Card
1270-XKUCC,Stayed,0,38,,,3,5045,24,Female,0,30,Two Year,$19.70,$599.25,$934.96,0,,1,0,0,$12.85,San Diego,California,United States,Credit Card
1755-RMCXH,Joined,0,38,,,4,5113,37,Male,0,2,Month-to-Month,$20.30,$40.25,$54.79,0,,1,0,0,$7.27,San Dimas,California,United States,Credit Card
3049-NDXFL,Churned,1,89,Competitor,Competitor made better offer,3,2850,30,Female,0,1,Month-to-Month,$85.80,$85.80,$120.27,1,Fiber Optic,1,1,59,$34.47,San Diego,California,United States,Credit Card
6851-WEFYX,Stayed,0,38,,,5,3318,73,Male,1,35,One Year,$100.80,"$3,437.50","$3,511.70",1,Fiber Optic,1,1,3,$2.12,Descanso,California,United States,Bank Withdrawal
5458-CQJTA,Churned,1,89,Dissatisfaction,Product dissatisfaction,1,5207,56,Male,0,65,Two Year,$74.80,"$4,820.15","$7,450.70",1,DSL,1,1,30,$40.47,Smith River,California,United States,Bank Withdrawal
4713-ZBURT,Stayed,0,38,,,4,3333,33,Male,0,45,Two Year,$99.70,"$4,634.35","$5,693.65",1,Fiber Optic,1,1,12,$23.54,Brisbane,California,United States,Bank Withdrawal
9668-PUGNU,Stayed,0,38,,,4,4058,20,Male,0,71,Two Year,$24.50,"$1,816.20","$4,100.98",0,,1,0,0,$32.18,Escondido,California,United States,Bank Withdrawal
7377-DMMRI,Churned,1,89,Attitude,Attitude of support person,1,4134,35,Male,0,2,Month-to-Month,$47.80,$92.45,$119.91,1,DSL,1,1,11,$13.73,Exeter,California,United States,Bank Withdrawal
4273-MBHYA,Joined,0,38,,,3,2432,38,Female,0,1,Month-to-Month,$89.35,$89.35,$94.71,1,Fiber Optic,1,1,19,$5.36,Desert Hot Springs,California,United States,Bank Withdrawal
0723-VSOBE,Stayed,0,38,,,3,5715,67,Female,1,45,One Year,$34.20,"$1,596.60","$1,596.60",1,Cable,0,0,4,$0.00,Dos Rios,California,United States,Bank Withdrawal
3186-AJIEK,Stayed,0,38,,,4,5097,44,Male,0,66,Two Year,$105.65,"$6,844.50","$8,887.86",1,Fiber Optic,1,1,11,$30.96,Apple Valley,California,United States,Bank Withdrawal
3841-NFECX,Stayed,0,38,,,4,5309,69,Female,1,71,Two Year,$96.35,"$6,766.95","$10,105.37",1,Fiber Optic,1,1,12,$47.02,Los Angeles,California,United States,Credit Card
6067-NGCEU,Stayed,0,38,,,4,5261,50,Female,0,65,Month-to-Month,$111.05,"$7,107.00","$9,822.70",1,Fiber Optic,1,1,14,$41.78,Topanga,California,United States,Credit Card
5327-CNLUQ,Stayed,0,38,,,4,2613,33,Male,0,48,Two Year,$96.90,"$4,473.45","$4,766.25",1,Fiber Optic,1,1,18,$6.10,Paynes Creek,California,United States,Bank Withdrawal
1998-VHJHK,Stayed,0,38,,,5,5606,36,Female,0,27,One Year,$19.15,$501.35,"$1,046.21",0,,1,0,0,$20.18,Santa Barbara,California,United States,Credit Card
3498-LZGQZ,Stayed,0,38,,,5,6373,59,Male,0,63,Two Year,$19.15,"$1,177.05","$3,073.35",0,,1,0,0,$30.10,Walnut Grove,California,United States,Mailed Check
2121-JAFOM,Stayed,0,38,,,3,5076,23,Female,0,72,Two Year,$115.55,"$8,312.40","$8,432.64",1,Fiber Optic,1,1,59,$1.67,Danville,California,United States,Credit Card
6110-OHIHY,Churned,1,89,Competitor,Competitor offered higher download speeds,2,4183,33,Male,0,3,Month-to-Month,$79.25,$267.60,$426.88,1,Fiber Optic,1,0,3,$49.76,Burney,California,United States,Bank Withdrawal
2080-SRCDE,Joined,0,38,,,3,4556,21,Female,0,1,Month-to-Month,$25.40,$25.40,$58.13,0,,1,0,0,$32.73,Walnut,California,United States,Mailed Check
7969-AULMZ,Churned,1,89,Other,Moved,3,4321,63,Female,0,21,Month-to-Month,$97.35,"$2,119.50","$2,309.76",1,Fiber Optic,1,1,10,$9.06,San Francisco,California,United States,Bank Withdrawal
7108-DGVUU,Stayed,0,38,,,5,2784,73,Female,1,21,One Year,$71.70,"$1,497.05","$2,233.35",1,DSL,1,0,18,$30.30,Lookout,California,United States,Bank Withdrawal
8383-SGHJU,Stayed,0,38,,,3,2853,41,Female,0,33,One Year,$59.40,"$1,952.80","$2,292.04",1,Cable,1,1,7,$10.28,Lake Arrowhead,California,United States,Bank Withdrawal
2576-HXMPA,Joined,0,38,,,4,5537,30,Female,0,1,Month-to-Month,$19.55,$19.55,$27.78,0,,1,0,0,$8.23,Mckinleyville,California,United States,Credit Card
7764-BDPEE,Joined,0,38,,,4,5868,50,Male,0,3,Month-to-Month,$20.85,$60.65,$119.39,0,,1,0,0,$19.58,Hayward,California,United States,Credit Card
2843-CQMEG,Stayed,0,38,,,3,2911,21,Male,0,24,Month-to-Month,$49.70,"$1,218.25","$1,307.53",1,Cable,1,1,59,$3.72,San Diego,California,United States,Mailed Check
6169-PPETC,Stayed,0,38,,,4,2009,42,Male,0,35,Two Year,$20.50,$759.35,"$2,415.90",0,,1,0,0,$47.33,Brentwood,California,United States,Bank Withdrawal
4086-YQSNZ,Churned,1,89,Attitude,Attitude of service provider,2,3834,74,Female,1,3,Month-to-Month,$80.40,$224.05,$233.92,1,Fiber Optic,1,1,9,$3.29,Glencoe,California,United States,Bank Withdrawal
3422-LYEPQ,Churned,1,89,Attitude,Attitude of support person,2,4207,57,Male,0,1,Month-to-Month,$71.00,$71.00,$89.84,1,Fiber Optic,1,1,19,$18.84,Carmel By The Sea,California,United States,Bank Withdrawal
0699-NDKJM,Stayed,0,38,,,3,4115,45,Female,0,57,Month-to-Month,$58.75,"$3,437.45","$3,437.45",1,Cable,0,1,22,$0.00,Westlake Village,California,United States,Bank Withdrawal
1972-XMUWV,Stayed,0,37,,,5,6034,46,Female,0,65,Two Year,$59.80,"$3,808.20","$4,473.15",1,Cable,1,1,14,$10.23,Miramonte,California,United States,Credit Card
0840-DFEZH,Stayed,0,37,,,3,4989,63,Female,0,7,Month-to-Month,$75.35,$564.65,$740.84,1,Fiber Optic,1,1,17,$25.17,Los Angeles,California,United States,Bank Withdrawal
7838-LAZFO,Stayed,0,37,,,4,4192,38,Male,0,45,One Year,$78.80,"$3,597.50","$4,020.17",1,Cable,1,1,19,$9.91,Hanford,California,United States,Bank Withdrawal
0019-GFNTW,Stayed,0,37,,,3,5795,39,Female,0,56,Two Year,$45.05,"$2,560.10","$2,560.10",1,DSL,0,1,19,$0.00,Los Olivos,California,United States,Bank Withdrawal
2778-OCLGR,Churned,1,89,Competitor,Competitor had better devices,1,4591,75,Male,1,24,Month-to-Month,$39.10,$971.30,$971.30,1,DSL,0,1,5,$0.00,Soda Springs,California,United States,Bank Withdrawal
9798-OPFEM,Stayed,0,37,,,5,4791,42,Female,0,46,Two Year,$21.10,$937.10,"$2,444.98",0,,1,0,0,$32.78,Adin,California,United States,Bank Withdrawal
4558-FANTW,Churned,1,89,Price,Lack of affordable download/upload speed,1,5643,30,Female,0,17,Month-to-Month,$91.85,"$1,574.45","$2,287.60",1,Fiber Optic,1,1,51,$41.95,Fair Oaks,California,United States,Bank Withdrawal
2788-CJQAQ,Stayed,0,37,,,5,3799,39,Male,0,13,One Year,$19.45,$270.20,$560.23,0,,1,0,0,$22.31,Winton,California,United States,Mailed Check
9544-PYPSJ,Stayed,0,37,,,4,5868,67,Female,1,62,Two Year,$96.10,"$6,019.35","$9,006.47",1,Fiber Optic,1,0,12,$45.76,El Cajon,California,United States,Credit Card
2294-DMMUS,Stayed,0,37,,,5,5057,25,Female,0,62,Month-to-Month,$70.45,"$4,300.45","$6,565.93",1,DSL,1,1,41,$36.54,Patterson,California,United States,Credit Card
2684-EIWEO,Churned,1,90,Competitor,Competitor made better offer,1,2482,69,Female,1,30,Month-to-Month,$91.70,"$2,758.15","$4,134.55",1,Fiber Optic,1,1,19,$45.88,San Diego,California,United States,Credit Card
0426-TIRNE,Churned,1,90,Dissatisfaction,Limited range of services,3,5527,54,Female,0,1,Month-to-Month,$20.90,$20.90,$36.41,0,,1,0,0,$15.51,Encino,California,United States,Credit Card
4829-ZLJTK,Stayed,0,37,,,3,6144,80,Female,1,72,Two Year,$112.40,"$8,046.85","$9,143.41",1,Fiber Optic,1,1,2,$15.23,Penngrove,California,United States,Bank Withdrawal
5392-AKEMH,Stayed,0,37,,,4,5624,50,Female,0,12,Month-to-Month,$45.05,$523.10,$897.74,1,DSL,1,1,12,$31.22,Vista,California,United States,Bank Withdrawal
3518-PZXZQ,Joined,0,37,,,3,2849,27,Female,0,1,Month-to-Month,$55.30,$55.30,$91.99,1,DSL,1,1,82,$36.69,Castroville,California,United States,Credit Card
9207-ZPANB,Stayed,0,37,,,3,5042,42,Male,0,37,One Year,$67.45,"$2,443.30","$2,925.78",1,DSL,1,1,14,$13.04,Paradise,California,United States,Bank Withdrawal
6629-LADHQ,Joined,0,37,,,3,5968,42,Female,0,2,Month-to-Month,$50.95,$123.05,$196.97,1,DSL,1,1,24,$36.96,Santa Barbara,California,United States,Credit Card
7649-SIJJF,Stayed,0,37,,,3,6045,36,Male,0,71,Two Year,$80.10,"$5,585.40","$6,364.27",1,DSL,1,1,20,$10.97,Emeryville,California,United States,Credit Card
4431-EDMIQ,Stayed,0,37,,,3,2950,47,Female,0,7,Month-to-Month,$75.70,$554.05,$667.59,1,DSL,1,1,53,$16.22,Sugarloaf,California,United States,Bank Withdrawal
0581-MDMPW,Stayed,0,37,,,3,5557,63,Female,0,24,Month-to-Month,$88.95,"$2,072.75","$3,130.91",1,Fiber Optic,1,1,9,$44.09,San Jose,California,United States,Credit Card
0595-ITUDF,Stayed,0,37,,,3,5371,21,Male,0,64,Month-to-Month,$91.80,"$5,960.50","$8,173.62",1,Fiber Optic,1,1,27,$34.58,Fairfax,California,United States,Bank Withdrawal
9355-NPPFS,Stayed,0,37,,,3,4509,70,Female,1,26,Month-to-Month,$78.80,"$2,006.10","$2,505.56",1,Fiber Optic,1,1,15,$19.21,Fremont,California,United States,Bank Withdrawal
1456-TWCGB,Stayed,0,37,,,3,3272,34,Male,0,4,Month-to-Month,$49.25,$208.45,$360.49,1,Cable,1,1,5,$38.01,Bakersfield,California,United States,Mailed Check
2263-SFSQZ,Stayed,0,37,,,4,5461,46,Male,0,51,Two Year,$24.95,"$1,222.25","$2,081.60",0,,1,0,0,$16.85,San Jose,California,United States,Credit Card
2983-ZANRP,Churned,1,90,Competitor,Competitor had better devices,1,5799,27,Female,0,2,Month-to-Month,$73.55,$145.40,$162.40,1,Fiber Optic,1,1,59,$8.50,La Puente,California,United States,Bank Withdrawal
9576-SYUHJ,Stayed,0,37,,,3,3194,29,Male,0,37,Month-to-Month,$91.15,"$3,369.25","$3,871.28",1,Fiber Optic,1,0,69,$12.69,Long Beach,California,United States,Bank Withdrawal
0524-IAVZO,Churned,1,90,Other,Don't know,2,3698,25,Female,0,30,Month-to-Month,$85.00,"$2,624.25","$2,768.85",1,Fiber Optic,1,1,41,$4.82,Anza,California,United States,Bank Withdrawal
5995-OIGLP,Churned,1,90,Price,Extra data charges,1,3043,42,Male,0,12,Month-to-Month,$56.65,$654.85,$750.49,1,Cable,1,1,10,$7.97,Port Costa,California,United States,Credit Card
4468-KAZHE,Stayed,0,37,,,5,2399,70,Female,1,20,One Year,$60.00,"$1,259.35","$1,438.95",1,DSL,1,1,16,$8.98,Hughson,California,United States,Bank Withdrawal
0383-CLDDA,Stayed,0,37,,,3,6499,42,Female,0,69,Two Year,$85.35,"$5,897.40","$7,171.83",1,DSL,1,1,28,$18.47,Stanford,California,United States,Credit Card
7876-AEHIG,Stayed,0,37,,,3,5404,48,Female,0,51,One Year,$60.15,"$3,077.00","$3,077.00",1,DSL,0,1,10,$0.00,Daly City,California,United States,Bank Withdrawal
4039-PIMHX,Stayed,0,37,,,3,4306,74,Male,1,49,Two Year,$49.80,"$2,398.40","$2,480.23",1,DSL,1,1,15,$1.67,San Diego,California,United States,Credit Card
0843-WTBXE,Churned,1,90,Other,Don't know,1,4753,38,Male,0,53,Month-to-Month,$85.45,"$4,517.25","$5,388.04",1,Fiber Optic,1,1,29,$16.43,San Diego,California,United States,Bank Withdrawal
9800-ONTFE,Stayed,0,37,,,5,4479,59,Female,0,22,Month-to-Month,$75.80,"$1,615.10","$1,717.84",1,Fiber Optic,1,1,58,$4.67,Brooks,California,United States,Bank Withdrawal
8388-DMKAE,Stayed,0,37,,,5,2653,41,Female,0,8,Two Year,$20.25,$174.65,$301.53,0,,1,0,0,$15.86,Los Angeles,California,United States,Mailed Check
1212-GLHMD,Joined,0,37,,,4,2500,54,Male,0,3,Month-to-Month,$86.05,$244.85,$299.63,1,Fiber Optic,1,1,29,$18.26,San Joaquin,California,United States,Credit Card
4789-KWMXN,Churned,1,90,Price,Price too high,1,3344,42,Male,0,47,One Year,$110.85,"$5,275.80","$6,164.81",1,Fiber Optic,1,1,17,$19.02,Tuolumne,California,United States,Credit Card
0254-FNMCI,Stayed,0,37,,,4,5234,19,Female,0,72,Two Year,$109.90,"$7,624.20","$10,641.72",1,Fiber Optic,1,1,73,$41.91,Downey,California,United States,Bank Withdrawal
3199-NPKCN,Stayed,0,37,,,3,5649,39,Female,0,67,One Year,$111.25,"$7,511.65","$9,858.66",1,Fiber Optic,1,1,23,$35.03,Menlo Park,California,United States,Bank Withdrawal
8849-GYOKR,Churned,1,90,Dissatisfaction,Product dissatisfaction,1,4893,59,Female,0,54,One Year,$106.55,"$5,763.30","$6,240.12",1,Fiber Optic,1,1,21,$8.83,Mineral,California,United States,Bank Withdrawal
0318-ZOPWS,Stayed,0,37,,,5,5422,31,Female,0,49,Two Year,$20.15,$973.35,"$1,111.53",0,,1,0,0,$2.82,Malibu,California,United States,Bank Withdrawal
5977-CKHON,Stayed,0,37,,,3,3853,59,Female,0,43,Month-to-Month,$92.55,"$4,039.00","$5,221.07",1,Fiber Optic,1,1,53,$27.49,Roseville,California,United States,Bank Withdrawal
3261-CQXOL,Stayed,0,37,,,3,4993,33,Female,0,71,Two Year,$25.45,"$1,813.35","$2,108.00",0,,1,0,0,$4.15,Concord,California,United States,Bank Withdrawal
6347-DCUIK,Churned,1,90,Attitude,Attitude of support person,1,4231,28,Male,0,10,Month-to-Month,$74.15,$811.80,"$1,104.20",1,Fiber Optic,1,1,85,$29.24,Los Angeles,California,United States,Credit Card
0847-HGRML,Stayed,0,37,,,3,4402,44,Male,0,62,Two Year,$20.00,"$1,250.10","$2,767.86",0,,1,0,0,$24.48,North Palm Springs,California,United States,Bank Withdrawal
3870-MQAMG,Churned,1,90,Competitor,Competitor had better devices,1,6189,21,Female,0,54,One Year,$110.35,"$5,893.15","$6,010.87",1,Fiber Optic,1,1,71,$2.18,Camp Nelson,California,United States,Bank Withdrawal
0661-XEYAN,Churned,1,90,Competitor,Competitor had better devices,1,3884,76,Female,1,1,Month-to-Month,$25.80,$25.80,$45.80,1,DSL,0,0,26,$0.00,Nevada City,California,United States,Mailed Check
2085-BOJKI,Stayed,0,37,,,5,5228,33,Male,0,17,One Year,$96.65,"$1,588.25","$2,078.36",1,Fiber Optic,1,1,5,$28.83,Long Beach,California,United States,Bank Withdrawal
8270-RKSAP,Stayed,0,37,,,3,3198,30,Male,0,9,Month-to-Month,$70.50,$597.90,$964.29,1,Fiber Optic,1,1,52,$40.71,Anaheim,California,United States,Bank Withdrawal
0928-XUTSN,Stayed,0,37,,,4,3895,22,Female,0,13,Month-to-Month,$80.50,"$1,011.80","$1,571.68",1,Fiber Optic,1,1,27,$44.99,Brawley,California,United States,Bank Withdrawal
9170-ARBTB,Stayed,0,37,,,3,4848,41,Female,0,52,One Year,$19.60,"$1,012.40","$1,395.33",0,,1,0,0,$8.25,Felton,California,United States,Credit Card
2911-WDXMV,Stayed,0,37,,,5,5334,29,Male,0,18,Month-to-Month,$80.55,"$1,406.65","$2,146.09",1,Fiber Optic,1,1,48,$41.08,Fontana,California,United States,Credit Card
5542-DHSXL,Stayed,0,37,,,4,3475,36,Female,0,4,Month-to-Month,$54.70,$235.05,$262.13,1,Cable,1,1,3,$6.77,Butte City,California,United States,Credit Card
7131-ZQZNK,Stayed,0,37,,,5,5790,46,Female,0,60,Two Year,$59.85,"$3,590.20","$3,590.20",1,DSL,0,1,19,$0.00,Clovis,California,United States,Credit Card
3045-XETSH,Churned,1,90,Competitor,Competitor offered more data,3,3074,34,Female,0,10,Month-to-Month,$94.85,$953.45,"$1,386.05",1,Fiber Optic,1,1,21,$43.26,Lake Hughes,California,United States,Bank Withdrawal
1482-OXZSY,Stayed,0,37,,,3,3778,45,Male,0,30,Month-to-Month,$100.40,"$2,936.25","$3,454.05",1,Fiber Optic,1,1,19,$17.26,Freedom,California,United States,Bank Withdrawal
9734-UYXQI,Churned,1,90,Competitor,Competitor made better offer,1,5115,27,Female,0,2,Month-to-Month,$49.40,$106.55,$156.21,1,Cable,1,1,52,$24.83,Fallbrook,California,United States,Bank Withdrawal
2703-AMTUL,Stayed,0,37,,,4,4113,40,Male,0,36,One Year,$53.65,"$1,939.35","$2,227.35",1,Cable,1,1,19,$8.00,Lookout,California,United States,Credit Card
4822-RVYBB,Churned,1,90,Attitude,Attitude of support person,1,5906,75,Male,1,8,Month-to-Month,$100.60,$819.40,"$1,143.00",1,Fiber Optic,1,1,29,$40.45,Berkeley,California,United States,Bank Withdrawal
4510-HIMLV,Churned,1,90,Dissatisfaction,Network reliability,2,4154,50,Male,0,1,Month-to-Month,$69.80,$69.80,$102.66,1,Fiber Optic,1,0,25,$22.86,La Habra,California,United States,Bank Withdrawal
7517-SAWMO,Churned,1,90,Attitude,Attitude of support person,2,4718,31,Female,0,19,Month-to-Month,$73.20,"$1,441.10","$1,930.35",1,Fiber Optic,1,1,22,$25.75,Granada Hills,California,United States,Bank Withdrawal
5175-AOBHI,Churned,1,90,Dissatisfaction,Lack of self-service on Website,1,5246,48,Female,0,4,Month-to-Month,$46.00,$193.60,$253.88,1,Cable,1,1,16,$15.07,Hamilton City,California,United States,Mailed Check
2454-RPBRZ,Churned,1,90,Dissatisfaction,Service dissatisfaction,3,2709,67,Female,1,12,Month-to-Month,$98.10,"$1,060.20","$1,378.70",1,Fiber Optic,1,1,27,$30.63,Catheys Valley,California,United States,Bank Withdrawal
3911-RSNHI,Stayed,0,37,,,4,5119,46,Female,0,71,Two Year,$61.40,"$4,310.35","$4,310.35",1,DSL,0,1,27,$0.00,Rocklin,California,United States,Credit Card
3896-RCYYE,Stayed,0,37,,,5,5990,61,Female,0,67,Month-to-Month,$53.40,"$3,579.15","$3,579.15",1,DSL,0,1,11,$0.00,Atwater,California,United States,Credit Card
0218-QNVAS,Stayed,0,37,,,5,5876,22,Male,0,71,One Year,$100.55,"$7,113.75","$9,108.90",1,Fiber Optic,1,1,59,$28.34,Indio,California,United States,Bank Withdrawal
7361-YPXFS,Stayed,0,37,,,4,3820,67,Female,1,28,Two Year,$64.45,"$1,867.60","$2,223.76",1,Cable,1,1,23,$12.72,Brawley,California,United States,Bank Withdrawal
9018-PCIOK,Stayed,0,36,,,3,4634,63,Female,0,55,Two Year,$64.75,"$3,617.10","$5,102.10",1,Cable,1,1,20,$27.00,Newark,California,United States,Mailed Check
2235-ZGKPT,Churned,1,90,Dissatisfaction,Product dissatisfaction,1,5386,36,Female,0,4,Month-to-Month,$50.85,$239.55,$291.07,1,Cable,1,1,22,$12.88,Los Angeles,California,United States,Credit Card
0428-AXXLJ,Stayed,0,36,,,4,4761,29,Male,0,25,One Year,$19.50,$516.30,$605.80,0,,1,0,0,$3.58,Bellflower,California,United States,Bank Withdrawal
4472-LVYGI,Stayed,0,36,,,3,2578,43,Female,0,10,Two Year,$52.55,$525.50,$525.50,1,Cable,0,1,20,$0.00,San Bernardino,California,United States,Bank Withdrawal
8401-EMUWF,Stayed,0,36,,,3,4701,64,Male,0,42,Month-to-Month,$69.40,"$3,058.30","$3,758.44",1,Cable,1,1,17,$16.67,Paramount,California,United States,Bank Withdrawal
7593-JNWRU,Churned,1,90,Price,Extra data charges,2,4525,61,Male,0,6,Month-to-Month,$44.60,$260.80,$556.00,1,DSL,1,1,21,$49.20,Fremont,California,United States,Bank Withdrawal
6349-JDHQP,Stayed,0,36,,,3,6338,62,Female,0,53,Two Year,$19.85,"$1,049.60","$2,046.53",0,,1,0,0,$18.81,Fowler,California,United States,Credit Card
7314-OXENN,Churned,1,90,Competitor,Competitor made better offer,3,3051,42,Male,0,2,Month-to-Month,$82.00,$184.65,$267.01,1,Fiber Optic,1,1,14,$41.18,Temecula,California,United States,Bank Withdrawal
1820-DJFPH,Stayed,0,36,,,4,4755,59,Female,0,72,Two Year,$24.05,"$1,709.15","$5,186.03",0,,1,0,0,$48.29,Orick,California,United States,Bank Withdrawal
4603-JANFB,Churned,1,90,Competitor,Competitor had better devices,1,4548,51,Male,0,1,Month-to-Month,$69.85,$69.85,$81.98,1,Fiber Optic,1,1,19,$12.13,Glencoe,California,United States,Bank Withdrawal
0537-QYZZN,Stayed,0,36,,,3,3412,66,Male,1,24,Two Year,$79.85,"$1,857.75","$1,955.19",1,Fiber Optic,1,1,28,$4.06,Petaluma,California,United States,Bank Withdrawal
3796-ENZGF,Stayed,0,36,,,4,6438,52,Male,0,63,Two Year,$67.25,"$4,234.15","$7,416.97",1,Cable,1,0,28,$48.14,The Sea Ranch,California,United States,Credit Card
0848-ZGQIJ,Stayed,0,36,,,5,3050,56,Female,0,16,Month-to-Month,$94.65,"$1,461.15","$1,629.15",1,Fiber Optic,1,1,2,$10.50,Saratoga,California,United States,Bank Withdrawal
3982-XWFZQ,Churned,1,90,Competitor,Competitor offered more data,2,4873,30,Female,0,42,Month-to-Month,$50.25,"$2,203.65","$2,628.34",1,Cable,1,1,41,$10.79,Denair,California,United States,Bank Withdrawal
7876-DNYAP,Stayed,0,36,,,5,5423,29,Female,0,69,Two Year,$19.80,"$1,436.95","$2,015.86",0,,1,0,0,$8.39,Washington,California,United States,Credit Card
7182-OVLBJ,Stayed,0,36,,,3,5735,32,Female,0,62,Two Year,$101.15,"$6,638.35","$8,444.03",1,Fiber Optic,1,0,52,$28.64,Kenwood,California,United States,Bank Withdrawal
8043-PNYSD,Stayed,0,36,,,5,6002,48,Male,0,63,Two Year,$19.55,"$1,245.60","$1,917.81",0,,1,0,0,$10.67,Lakehead,California,United States,Mailed Check
2604-IJPDU,Stayed,0,36,,,3,4382,32,Female,0,20,Month-to-Month,$96.55,"$1,901.65","$2,473.05",1,Fiber Optic,1,1,15,$28.57,Encino,California,United States,Bank Withdrawal
5857-TYBCJ,Stayed,0,36,,,4,2925,72,Male,1,44,Two Year,$89.20,"$4,040.20","$4,684.80",1,Fiber Optic,1,1,30,$14.65,Dixon,California,United States,Bank Withdrawal
8450-LUGUK,Stayed,0,36,,,4,3753,40,Female,0,37,Two Year,$24.10,$861.85,"$2,515.01",0,,1,0,0,$44.68,San Diego,California,United States,Bank Withdrawal
2460-FPSYH,Churned,1,90,Attitude,Attitude of support person,1,4272,72,Female,1,40,Month-to-Month,$55.80,"$2,109.35","$2,189.35",1,Cable,0,0,6,$0.00,Exeter,California,United States,Bank Withdrawal
8885-QSQBX,Joined,0,36,,,4,5277,45,Female,0,1,Month-to-Month,$49.55,$49.55,$60.38,1,DSL,1,1,15,$10.83,Forest Falls,California,United States,Bank Withdrawal
7529-ZDFXI,Stayed,0,36,,,5,4429,79,Male,1,57,One Year,$89.85,"$4,925.35","$7,014.97",1,Fiber Optic,1,1,9,$36.66,La Verne,California,United States,Bank Withdrawal
3404-JNXAX,Stayed,0,36,,,4,6032,40,Female,0,51,Month-to-Month,$80.75,"$4,116.90","$5,624.46",1,Fiber Optic,1,1,27,$29.56,Ukiah,California,United States,Bank Withdrawal
8963-JLGJT,Joined,0,36,,,4,4648,20,Male,0,3,Month-to-Month,$55.90,$157.55,$257.39,1,Cable,1,1,69,$33.28,Santa Barbara,California,United States,Credit Card
1051-EQPZR,Stayed,0,36,,,5,5584,21,Female,0,44,Month-to-Month,$19.60,$780.25,$963.73,0,,1,0,0,$4.17,Stanford,California,United States,Credit Card
2257-BOVXD,Stayed,0,36,,,3,3516,48,Male,0,14,Month-to-Month,$66.60,$979.50,"$1,289.46",1,DSL,1,1,11,$22.14,Tahoe City,California,United States,Credit Card
1930-WNXSB,Stayed,0,36,,,5,4879,38,Male,0,58,Month-to-Month,$92.85,"$5,305.05","$8,071.07",1,Fiber Optic,1,1,24,$47.69,Covina,California,United States,Bank Withdrawal
3793-MMFUH,Churned,1,90,Competitor,Competitor made better offer,1,2230,73,Female,1,13,Month-to-Month,$95.05,"$1,290.00","$1,537.39",1,Fiber Optic,1,1,24,$19.03,Davis,California,United States,Bank Withdrawal
2580-ATZSQ,Stayed,0,36,,,3,6354,55,Female,0,65,One Year,$61.35,"$3,874.10","$5,125.35",1,DSL,1,1,19,$19.25,San Jose,California,United States,Bank Withdrawal
8259-DZLIZ,Stayed,0,36,,,4,4954,53,Female,0,64,One Year,$53.85,"$3,399.85","$4,492.33",1,DSL,1,1,25,$17.07,Delhi,California,United States,Bank Withdrawal
6435-SRWBJ,Stayed,0,36,,,4,5269,21,Female,0,5,Month-to-Month,$82.75,$417.75,$566.45,1,Fiber Optic,1,1,42,$29.74,Los Angeles,California,United States,Bank Withdrawal
7101-HRBLJ,Stayed,0,36,,,3,4592,25,Female,0,72,Two Year,$83.70,"$6,096.90","$7,252.50",1,Cable,1,1,46,$16.05,Idyllwild,California,United States,Bank Withdrawal
2892-GESUL,Stayed,0,36,,,5,2269,20,Female,0,18,Two Year,$19.35,$309.25,$669.25,0,,1,0,0,$20.00,San Juan Capistrano,California,United States,Credit Card
4378-MYPGO,Stayed,0,36,,,3,5795,41,Male,0,68,Two Year,$105.25,"$7,173.15","$9,308.35",1,Fiber Optic,1,1,19,$31.40,Greenwood,California,United States,Bank Withdrawal
0564-JJHGS,Churned,1,90,Dissatisfaction,Limited range of services,2,5007,45,Male,0,9,Month-to-Month,$95.50,$829.10,"$1,002.08",1,Fiber Optic,1,1,10,$19.22,Guerneville,California,United States,Bank Withdrawal
9492-TOKRI,Churned,1,90,Competitor,Competitor had better devices,1,2708,55,Female,0,18,Month-to-Month,$90.00,"$1,527.35","$1,773.05",1,Fiber Optic,1,1,5,$13.65,Dinuba,California,United States,Credit Card
0121-SNYRK,Stayed,0,36,,,3,5052,45,Male,0,50,One Year,$35.40,"$1,748.90","$1,748.90",1,DSL,0,1,7,$0.00,Redway,California,United States,Credit Card
6738-ISCBM,Stayed,0,36,,,3,4256,55,Male,0,44,One Year,$54.00,"$2,440.25","$2,434.78",1,Cable,0,1,17,$0.00,Northridge,California,United States,Bank Withdrawal
8665-UTDHZ,Churned,1,90,Competitor,Competitor had better devices,1,2915,27,Male,0,1,Month-to-Month,$30.20,$30.20,$30.20,1,DSL,0,1,58,$0.00,Los Angeles,California,United States,Bank Withdrawal
6941-PMGEP,Churned,1,90,Competitor,Competitor made better offer,3,3937,26,Female,0,5,Month-to-Month,$80.00,$412.50,$602.45,1,Fiber Optic,1,0,42,$43.99,Novato,California,United States,Bank Withdrawal
6457-USBER,Churned,1,90,Competitor,Competitor made better offer,3,4424,34,Male,0,1,Month-to-Month,$80.80,$80.80,$122.57,1,Fiber Optic,1,1,15,$41.77,San Diego,California,United States,Bank Withdrawal
3402-XRIUO,Stayed,0,36,,,3,2136,73,Female,1,22,Two Year,$63.55,"$1,381.80","$1,760.64",1,DSL,1,1,25,$17.22,Glendale,California,United States,Credit Card
3717-LNXKW,Stayed,0,36,,,3,3676,36,Male,0,38,Month-to-Month,$91.70,"$3,479.05","$3,962.03",1,Fiber Optic,1,1,9,$12.71,Glenn,California,United States,Bank Withdrawal
6894-LFHLY,Churned,1,90,Competitor,Competitor made better offer,1,5571,79,Male,1,1,Month-to-Month,$75.75,$75.75,$84.10,1,Fiber Optic,1,1,23,$8.35,Escondido,California,United States,Bank Withdrawal
3882-IYOIJ,Stayed,0,36,,,5,5328,41,Female,0,60,Two Year,$115.25,"$6,758.45","$9,346.40",1,Fiber Optic,1,1,28,$43.33,Yorba Linda,California,United States,Credit Card
1936-UAFEH,Stayed,0,36,,,4,5502,43,Female,0,68,Two Year,$110.25,"$7,279.35","$10,629.11",1,Fiber Optic,1,0,17,$48.82,Pioneer,California,United States,Credit Card
8290-YWKHZ,Churned,1,90,Competitor,Competitor made better offer,3,5247,69,Female,1,32,Month-to-Month,$93.20,"$2,931.00","$3,992.80",1,Fiber Optic,1,1,6,$33.74,Fallbrook,California,United States,Bank Withdrawal
2636-OHFMN,Churned,1,90,Price,Long distance charges,2,3955,26,Male,0,4,Month-to-Month,$48.55,$201.00,$201.00,1,DSL,0,1,76,$0.00,Orosi,California,United States,Bank Withdrawal
3420-ZDBMA,Stayed,0,36,,,4,5171,78,Male,1,5,Two Year,$71.45,$371.60,$457.25,1,Fiber Optic,1,1,9,$17.13,Brea,California,United States,Credit Card
6661-EIPZC,Stayed,0,36,,,4,3194,38,Female,0,48,Month-to-Month,$29.50,"$1,423.05","$1,423.05",1,DSL,0,1,16,$0.00,Grand Terrace,California,United States,Credit Card
8738-JOKAR,Stayed,0,36,,,4,5034,55,Female,0,42,One Year,$67.70,"$2,882.25","$4,533.69",1,Cable,1,1,20,$39.32,Covina,California,United States,Credit Card
0187-QSXOE,Stayed,0,36,,,4,5711,71,Male,1,7,Two Year,$89.00,$605.45,$899.24,1,Fiber Optic,1,1,11,$41.97,Fresno,California,United States,Bank Withdrawal
4350-ZTLPI,Stayed,0,36,,,4,4163,36,Female,0,53,One Year,$108.95,"$5,718.20","$6,672.20",1,Fiber Optic,1,1,20,$18.00,Van Nuys,California,United States,Bank Withdrawal
0868-VJRDR,Stayed,0,36,,,4,4337,61,Male,0,64,Two Year,$104.05,"$6,605.55","$6,910.19",1,Fiber Optic,1,1,8,$4.76,Cassel,California,United States,Credit Card
3034-ZBEQN,Churned,1,90,Dissatisfaction,Product dissatisfaction,2,5995,31,Female,0,48,One Year,$34.70,"$1,604.50","$1,604.50",1,DSL,0,1,22,$0.00,La Puente,California,United States,Mailed Check
5304-EFJLP,Stayed,0,36,,,4,4406,72,Male,1,72,Two Year,$111.65,"$8,022.85","$9,351.09",1,Fiber Optic,1,0,19,$16.92,Los Molinos,California,United States,Bank Withdrawal
6807-SIWJI,Stayed,0,35,,,4,2709,47,Male,0,38,One Year,$104.85,"$3,887.25","$4,052.17",1,Fiber Optic,1,1,26,$4.34,Groveland,California,United States,Bank Withdrawal
7089-RKVSZ,Stayed,0,35,,,5,2028,43,Male,0,8,One Year,$24.40,$203.95,$389.39,0,,1,0,0,$23.18,Woody,California,United States,Mailed Check
2378-HTWFW,Stayed,0,35,,,3,5527,78,Male,1,35,Month-to-Month,$91.00,"$3,180.50","$4,137.15",1,Fiber Optic,1,0,19,$26.19,Newman,California,United States,Credit Card
8286-AFUYI,Joined,0,35,,,4,5092,33,Male,0,1,Month-to-Month,$47.95,$47.95,$94.18,1,DSL,1,1,25,$46.23,Glendale,California,United States,Bank Withdrawal
0617-FHSGK,Churned,1,90,Price,Extra data charges,2,5283,62,Male,0,49,Month-to-Month,$75.20,"$3,678.30","$4,633.22",1,Fiber Optic,1,0,24,$19.08,Rancho Cordova,California,United States,Credit Card
4840-ORQXB,Stayed,0,35,,,3,5128,67,Female,1,56,Two Year,$104.75,"$5,841.35","$7,352.67",1,Fiber Optic,1,1,7,$27.64,Sierra Madre,California,United States,Bank Withdrawal
7853-OETYL,Stayed,0,35,,,3,3306,40,Female,0,4,Month-to-Month,$29.05,$129.60,$129.60,1,DSL,0,1,13,$0.00,West Covina,California,United States,Bank Withdrawal
2525-GVKQU,Stayed,0,35,,,3,4192,60,Female,0,60,Two Year,$20.60,"$1,093.00","$3,917.20",0,,1,0,0,$47.07,Santa Margarita,California,United States,Credit Card
4118-CEVPF,Stayed,0,35,,,3,2125,74,Female,1,35,One Year,$110.80,"$3,836.30","$5,098.50",1,Fiber Optic,1,0,22,$32.92,Redwood City,California,United States,Bank Withdrawal
5760-FXFVO,Stayed,0,35,,,3,4093,55,Male,0,6,Month-to-Month,$78.95,$494.95,$672.07,1,Fiber Optic,1,1,28,$29.52,Pleasant Grove,California,United States,Bank Withdrawal
6439-GTPCA,Churned,1,90,Competitor,Competitor made better offer,1,5269,29,Female,0,45,Month-to-Month,$87.25,"$3,941.70","$4,143.30",1,Cable,1,1,51,$4.48,San Diego,California,United States,Bank Withdrawal
6689-VRRTK,Stayed,0,35,,,3,5720,71,Female,1,44,One Year,$109.80,"$4,860.35","$7,049.35",1,Fiber Optic,1,1,2,$49.75,Camarillo,California,United States,Credit Card
4369-HTUIF,Churned,1,90,Attitude,Attitude of service provider,2,5831,73,Male,1,6,Month-to-Month,$85.15,$503.60,$680.06,1,Fiber Optic,1,1,30,$29.41,Pismo Beach,California,United States,Bank Withdrawal
3716-LRGXK,Stayed,0,35,,,3,5301,27,Male,0,60,Two Year,$101.15,"$6,067.40","$6,670.40",1,Fiber Optic,1,1,48,$10.05,San Jose,California,United States,Credit Card
4525-VZCZG,Stayed,0,35,,,4,5915,58,Male,0,54,One Year,$105.85,"$5,826.65","$6,966.87",1,Fiber Optic,1,0,11,$20.93,Vernalis,California,United States,Bank Withdrawal
3644-QXEHN,Stayed,0,35,,,3,5282,60,Male,0,13,Month-to-Month,$97.00,"$1,334.45","$1,907.10",1,Fiber Optic,1,1,19,$44.05,Smartville,California,United States,Bank Withdrawal
3503-TYDAY,Stayed,0,35,,,4,5357,41,Female,0,43,Month-to-Month,$80.45,"$3,398.90","$5,197.59",1,Fiber Optic,1,1,15,$41.83,Keene,California,United States,Bank Withdrawal
8191-XWSZG,Stayed,0,35,,,4,5186,57,Female,0,52,One Year,$20.65,"$1,022.95","$2,195.55",0,,1,0,0,$22.55,Los Angeles,California,United States,Mailed Check
1215-FIGMP,Stayed,0,35,,,3,6292,27,Male,0,60,Month-to-Month,$89.90,"$5,450.70","$8,023.50",1,Fiber Optic,1,1,52,$42.88,Los Angeles,California,United States,Bank Withdrawal
2664-XJZNO,Stayed,0,35,,,4,5169,43,Male,0,72,Two Year,$104.90,"$7,559.55","$8,059.95",1,Fiber Optic,1,1,57,$6.95,Oroville,California,United States,Credit Card
3594-KADLU,Joined,0,35,,,3,3610,33,Male,0,3,Month-to-Month,$35.10,$101.10,$101.10,1,Cable,0,1,25,$0.00,Witter Springs,California,United States,Credit Card
5583-SXDAG,Churned,1,90,Other,Don't know,3,4094,41,Male,0,1,Month-to-Month,$70.00,$70.00,$99.15,1,Fiber Optic,1,0,18,$19.15,Alhambra,California,United States,Bank Withdrawal
4751-ERMAN,Stayed,0,35,,,3,4171,43,Male,0,72,Two Year,$75.40,"$5,480.25","$8,515.77",1,Cable,1,1,18,$42.16,Gazelle,California,United States,Bank Withdrawal
4815-YOSUK,Stayed,0,35,,,3,4927,22,Male,0,72,One Year,$104.90,"$7,537.50","$10,502.46",1,Fiber Optic,1,1,52,$41.18,Aliso Viejo,California,United States,Credit Card
1043-UXOVO,Stayed,0,35,,,3,4955,25,Female,0,71,Two Year,$113.15,"$7,993.30","$10,009.70",1,Fiber Optic,1,1,76,$28.40,Sacramento,California,United States,Credit Card
5049-GLYVG,Churned,1,90,Price,Long distance charges,1,3618,56,Male,0,1,Month-to-Month,$20.60,$20.60,$67.86,0,,1,0,0,$47.26,Badger,California,United States,Credit Card
8182-BJDSI,Churned,1,90,Attitude,Attitude of service provider,1,2468,56,Female,0,28,Month-to-Month,$89.95,"$2,625.55","$3,473.39",1,Fiber Optic,1,1,30,$30.28,Santa Ana,California,United States,Bank Withdrawal
7188-CBBBA,Stayed,0,35,,,5,6153,59,Female,0,65,One Year,$95.50,"$6,153.85","$8,033.05",1,Fiber Optic,1,0,6,$27.68,Rowland Heights,California,United States,Bank Withdrawal
3540-RZJYU,Churned,1,90,Dissatisfaction,Lack of self-service on Website,1,5829,21,Female,0,15,Month-to-Month,$86.20,"$1,270.20","$1,670.65",1,Fiber Optic,1,0,59,$20.03,Zenia,California,United States,Bank Withdrawal
8908-SLFCJ,Stayed,0,35,,,3,5422,40,Female,0,21,Two Year,$20.85,$435.25,$902.03,0,,1,0,0,$22.29,Oroville,California,United States,Credit Card
6614-VBEGU,Stayed,0,35,,,5,4208,23,Female,0,24,Month-to-Month,$69.45,"$1,614.05","$2,671.49",1,DSL,1,1,59,$44.06,Loma Linda,California,United States,Bank Withdrawal
0354-VXMJC,Stayed,0,35,,,5,4617,60,Male,0,23,Two Year,$19.60,$426.65,"$1,209.57",0,,1,0,0,$34.04,Los Angeles,California,United States,Credit Card
2408-TZMJL,Churned,1,90,Dissatisfaction,Network reliability,1,4601,43,Male,0,59,One Year,$110.15,"$6,448.05","$7,787.94",1,Fiber Optic,1,1,26,$22.71,Gualala,California,United States,Bank Withdrawal
7470-DYNOE,Stayed,0,35,,,5,5940,37,Male,0,53,One Year,$61.10,"$3,357.90","$3,613.36",1,DSL,1,1,24,$4.82,Walnut,California,United States,Bank Withdrawal
6609-MXJHJ,Stayed,0,35,,,3,5851,39,Female,0,30,Two Year,$25.10,$789.55,"$2,190.44",0,,1,0,0,$47.21,Long Beach,California,United States,Credit Card
8266-VBFQL,Stayed,0,35,,,3,3314,55,Male,0,4,Month-to-Month,$90.40,$356.65,$484.33,1,Fiber Optic,1,1,4,$31.92,Jamul,California,United States,Bank Withdrawal
1522-VVDMG,Churned,1,90,Dissatisfaction,Poor expertise of online support,2,3807,25,Male,0,7,Month-to-Month,$89.75,$608.80,$717.39,1,Fiber Optic,1,1,52,$19.23,Oakland,California,United States,Bank Withdrawal
5619-XZZKR,Stayed,0,35,,,4,2195,47,Male,0,4,One Year,$19.95,$68.20,$95.64,0,,1,0,0,$6.86,Santa Maria,California,United States,Credit Card
5271-YNWVR,Churned,1,90,Price,Extra data charges,1,4610,48,Male,0,68,Two Year,$113.15,"$7,856.00","$9,465.56",1,Fiber Optic,1,1,22,$23.67,Santa Paula,California,United States,Bank Withdrawal
1337-BOZWO,Stayed,0,35,,,5,4003,25,Male,0,18,One Year,$46.40,$812.40,$812.40,1,DSL,0,1,59,$0.00,Canby,California,United States,Credit Card
0326-VDYXE,Stayed,0,35,,,4,4252,21,Female,0,70,One Year,$97.65,"$6,982.50","$8,228.70",1,Fiber Optic,1,0,26,$16.66,Long Beach,California,United States,Bank Withdrawal
6040-CGACY,Stayed,0,35,,,5,3195,48,Female,0,15,Month-to-Month,$19.60,$299.40,$897.45,0,,1,0,0,$39.87,Blairsden Graeagle,California,United States,Credit Card
6900-RBKER,Stayed,0,35,,,3,5386,32,Male,0,52,Two Year,$89.45,"$4,577.75","$5,344.06",1,Fiber Optic,1,1,17,$15.10,San Jose,California,United States,Credit Card
7240-ETPTR,Churned,1,90,Price,Lack of affordable download/upload speed,2,4359,51,Female,0,9,Month-to-Month,$48.75,$442.20,$452.20,1,DSL,0,0,10,$0.00,Pope Valley,California,United States,Bank Withdrawal
9828-QHFBK,Stayed,0,35,,,3,5796,60,Male,0,24,Month-to-Month,$51.15,"$1,275.70","$2,090.98",1,DSL,1,1,22,$33.97,Montgomery Creek,California,United States,Bank Withdrawal
1600-DILPE,Stayed,0,35,,,3,4998,47,Female,0,12,Month-to-Month,$45.00,$524.35,$957.67,1,DSL,1,1,13,$36.11,Richvale,California,United States,Bank Withdrawal
6103-LIANB,Stayed,0,35,,,4,4583,49,Male,0,59,Two Year,$99.50,"$5,861.75","$8,286.06",1,Fiber Optic,1,1,16,$41.09,Westminster,California,United States,Credit Card
1910-FMXJM,Stayed,0,35,,,3,5544,59,Female,0,36,Month-to-Month,$80.40,"$2,937.65","$4,713.53",1,Fiber Optic,1,1,23,$49.33,Colton,California,United States,Bank Withdrawal
1150-WFARN,Churned,1,90,Competitor,Competitor had better devices,1,5516,59,Female,0,67,Two Year,$108.75,"$7,156.20","$9,310.25",1,Fiber Optic,1,1,28,$32.15,Brawley,California,United States,Credit Card
5482-NUPNA,Churned,1,90,Competitor,Competitor had better devices,1,5730,28,Female,0,4,Month-to-Month,$60.40,$272.15,$344.27,1,Cable,1,1,59,$18.03,Imperial,California,United States,Credit Card
3466-BYAVD,Stayed,0,35,,,4,3128,50,Male,0,15,Month-to-Month,$69.50,"$1,071.40","$1,198.00",1,Cable,1,1,21,$8.44,Long Beach,California,United States,Credit Card
0876-WDUUZ,Churned,1,90,Price,Long distance charges,2,3716,62,Female,0,5,Month-to-Month,$85.40,$425.90,$643.45,1,Fiber Optic,1,1,17,$43.51,Pine Grove,California,United States,Credit Card
7634-HLQJR,Stayed,0,35,,,5,3260,52,Female,0,47,Two Year,$20.05,"$1,016.70","$1,084.38",0,,1,0,0,$1.44,Moss Landing,California,United States,Credit Card
3606-SBKRY,Stayed,0,35,,,3,4529,35,Male,0,31,One Year,$50.05,"$1,523.40","$1,523.40",1,DSL,0,1,5,$0.00,Linden,California,United States,Bank Withdrawal
9767-FFLEM,Stayed,0,35,,,3,4591,63,Male,0,38,Month-to-Month,$69.50,"$2,625.25","$3,936.58",1,Fiber Optic,1,1,2,$35.04,Westmorland,California,United States,Credit Card
0135-NMXAP,Churned,1,90,Attitude,Attitude of support person,3,5671,57,Female,0,12,Month-to-Month,$89.75,"$1,052.40","$1,224.96",1,Fiber Optic,1,1,6,$14.38,Lodi,California,United States,Bank Withdrawal
2139-FQHLM,Stayed,0,35,,,5,3402,49,Male,0,19,Month-to-Month,$89.95,"$1,682.40","$1,834.21",1,Fiber Optic,1,1,6,$9.55,Corona,California,United States,Credit Card
9548-ZMVTX,Stayed,0,35,,,3,4461,31,Male,0,72,Two Year,$90.45,"$6,565.85","$7,178.57",1,Fiber Optic,1,1,24,$8.51,Visalia,California,United States,Bank Withdrawal
1552-AAGRX,Stayed,0,35,,,4,5503,22,Female,0,30,Month-to-Month,$106.40,"$3,211.90","$4,546.60",1,Fiber Optic,1,0,73,$42.49,Visalia,California,United States,Bank Withdrawal
7978-DKUQH,Stayed,0,35,,,5,4591,26,Female,0,25,Month-to-Month,$74.60,"$1,797.75","$2,725.25",1,Fiber Optic,1,1,82,$37.10,Lake Elsinore,California,United States,Bank Withdrawal
5256-SKJGO,Stayed,0,35,,,4,4850,48,Female,0,64,Two Year,$54.60,"$3,423.50","$3,423.50",1,DSL,0,1,30,$0.00,Whittier,California,United States,Bank Withdrawal
4662-EKDPQ,Churned,1,90,Competitor,Competitor made better offer,1,5344,44,Male,0,2,Month-to-Month,$62.05,$118.30,$192.88,1,Cable,1,1,20,$37.29,San Diego,California,United States,Bank Withdrawal
6311-UEUME,Churned,1,90,Price,Extra data charges,2,3249,37,Female,0,29,Month-to-Month,$78.90,"$2,384.15","$3,669.72",1,Fiber Optic,1,1,7,$44.33,Los Angeles,California,United States,Bank Withdrawal
3677-IYRBF,Churned,1,90,Attitude,Attitude of support person,1,4002,73,Female,1,2,Month-to-Month,$30.40,$78.65,$78.65,1,DSL,0,1,13,$0.00,Newcastle,California,United States,Bank Withdrawal
4836-WNFNO,Stayed,0,35,,,4,6126,56,Female,0,72,Two Year,$25.00,"$1,849.20","$4,727.76",0,,1,0,0,$39.98,Los Angeles,California,United States,Credit Card
6022-UGGSO,Churned,1,90,Competitor,Competitor had better devices,1,2091,70,Female,1,32,Month-to-Month,$74.40,"$2,276.95","$3,295.68",1,Fiber Optic,1,1,9,$33.22,Citrus Heights,California,United States,Bank Withdrawal
2314-TNDJQ,Stayed,0,35,,,4,5192,28,Female,0,72,Two Year,$55.65,"$3,880.05","$3,880.05",1,Cable,0,1,59,$0.00,Oceanside,California,United States,Credit Card
2122-SZZZD,Stayed,0,35,,,4,4220,60,Male,0,44,One Year,$19.50,$835.50,"$1,633.66",0,,1,0,0,$18.14,Sacramento,California,United States,Credit Card
4238-JSSWH,Stayed,0,35,,,5,3199,70,Female,1,35,Two Year,$102.05,"$3,452.55","$5,032.10",1,Fiber Optic,1,1,10,$45.13,Porterville,California,United States,Bank Withdrawal
3938-YFPXD,Stayed,0,35,,,4,6012,55,Male,0,72,Two Year,$84.30,"$5,997.10","$8,087.26",1,DSL,1,1,27,$29.03,Janesville,California,United States,Credit Card
8092-NLTGF,Stayed,0,35,,,5,5398,25,Male,0,72,Two Year,$24.75,"$1,777.60","$3,886.48",0,,1,0,0,$29.29,Reseda,California,United States,Bank Withdrawal
8250-ZNGGW,Stayed,0,35,,,4,3662,79,Female,1,5,Two Year,$59.90,$287.85,$527.80,1,DSL,1,0,27,$43.99,Rio Vista,California,United States,Credit Card
6486-LHTMA,Stayed,0,34,,,3,2364,67,Female,1,31,One Year,$90.70,"$2,835.50","$4,207.56",1,Fiber Optic,1,1,22,$44.26,California City,California,United States,Bank Withdrawal
3951-NJCVI,Stayed,0,34,,,4,2677,76,Female,1,42,One Year,$95.05,"$3,944.50","$5,820.68",1,Fiber Optic,1,0,10,$42.29,Cathedral City,California,United States,Bank Withdrawal
3061-BCKYI,Stayed,0,34,,,3,3854,27,Male,0,14,Month-to-Month,$19.90,$283.75,$892.75,0,,1,0,0,$43.50,Thousand Palms,California,United States,Credit Card
1518-VOWAV,Churned,1,90,Competitor,Competitor made better offer,1,5900,31,Female,0,9,Month-to-Month,$74.65,$703.55,"$1,031.42",1,DSL,1,1,16,$36.43,Fallbrook,California,United States,Bank Withdrawal
4304-XUMGI,Stayed,0,34,,,4,6084,74,Male,1,50,Two Year,$75.15,"$3,822.45","$5,467.45",1,DSL,1,1,18,$32.90,Moreno Valley,California,United States,Bank Withdrawal
8883-ANODQ,Stayed,0,34,,,5,5045,44,Female,0,68,Two Year,$84.40,"$5,746.75","$7,442.67",1,Fiber Optic,1,1,30,$24.94,Termo,California,United States,Credit Card
3886-CERTZ,Churned,1,90,Competitor,Competitor had better devices,1,4261,57,Female,0,72,One Year,$109.25,"$8,109.80","$10,351.16",1,Fiber Optic,1,1,11,$31.13,Fullerton,California,United States,Bank Withdrawal
5399-ZIMKF,Stayed,0,34,,,3,3319,58,Male,0,5,Month-to-Month,$74.65,$383.65,$547.70,1,Fiber Optic,1,1,16,$32.81,San Simeon,California,United States,Bank Withdrawal
6340-DACFT,Stayed,0,34,,,4,4878,37,Female,0,50,Two Year,$20.55,"$1,070.25","$1,576.75",0,,1,0,0,$10.13,Madeline,California,United States,Credit Card
7663-RGWBC,Churned,1,90,Other,Don't know,1,4773,44,Male,0,1,Month-to-Month,$44.15,$44.15,$52.92,1,DSL,1,1,10,$8.77,Los Angeles,California,United States,Credit Card
5384-ZTTWP,Stayed,0,34,,,4,4167,49,Female,0,15,Month-to-Month,$19.80,$272.95,$515.85,0,,1,0,0,$17.43,Yuba City,California,United States,Mailed Check
4390-KYULV,Churned,1,90,Attitude,Attitude of support person,1,4115,41,Male,0,3,Month-to-Month,$20.55,$51.15,$163.98,0,,1,0,0,$37.61,Piru,California,United States,Credit Card
5331-RGMTT,Stayed,0,34,,,5,4011,67,Male,1,54,Month-to-Month,$99.05,"$5,295.70","$7,413.62",1,Fiber Optic,1,0,13,$38.48,Point Arena,California,United States,Credit Card
0512-FLFDW,Stayed,0,34,,,5,6442,74,Female,1,60,One Year,$100.50,"$6,029.00","$7,689.80",1,Fiber Optic,1,1,26,$27.68,Palomar Mountain,California,United States,Credit Card
1576-PFZIW,Stayed,0,34,,,4,5866,70,Male,1,70,Two Year,$105.35,"$7,511.90","$8,525.50",1,Fiber Optic,1,1,7,$14.48,Bakersfield,California,United States,Credit Card
1589-AGTLK,Churned,1,90,Other,Don't know,3,2450,26,Male,0,3,Month-to-Month,$45.35,$141.50,$250.94,1,DSL,1,1,59,$36.48,San Diego,California,United States,Bank Withdrawal
0015-UOCOJ,Stayed,0,34,,,3,5525,68,Female,1,7,Two Year,$48.20,$340.35,$414.06,1,DSL,1,1,21,$10.53,Simi Valley,California,United States,Bank Withdrawal
6980-IMXXE,Stayed,0,34,,,5,5267,28,Female,0,69,Two Year,$20.20,"$1,412.65","$4,344.46",0,,1,0,0,$42.49,Modesto,California,United States,Bank Withdrawal
8348-JLBUG,Stayed,0,34,,,3,4270,77,Male,1,64,One Year,$80.30,"$5,017.70","$5,969.38",1,Fiber Optic,1,1,16,$14.87,North San Juan,California,United States,Credit Card
7524-VRLPL,Stayed,0,34,,,3,4204,71,Male,1,69,Two Year,$74.10,"$5,031.00","$5,952.84",1,Cable,1,1,10,$13.36,Manchester,California,United States,Credit Card
4719-UMSIY,Stayed,0,34,,,5,2231,52,Male,0,6,Month-to-Month,$19.65,$100.90,$193.90,0,,1,0,0,$15.50,Lake Arrowhead,California,United States,Mailed Check
0644-OQMDK,Stayed,0,34,,,4,4510,69,Male,1,4,Month-to-Month,$70.65,$293.85,$318.57,1,Fiber Optic,1,1,12,$6.18,Merced,California,United States,Bank Withdrawal
6087-YPWHO,Stayed,0,34,,,3,4613,56,Male,0,72,Two Year,$68.15,"$4,808.70","$6,055.02",1,DSL,1,1,17,$17.31,Raymond,California,United States,Credit Card
6244-BESBM,Stayed,0,34,,,4,6166,61,Male,0,69,Two Year,$95.20,"$6,671.70","$7,501.08",1,Fiber Optic,1,1,30,$12.02,Geyserville,California,United States,Credit Card
9926-PJHDQ,Stayed,0,34,,,3,5120,45,Female,0,72,Two Year,$76.80,"$5,468.45","$8,688.29",1,Cable,1,0,9,$43.47,Kingsburg,California,United States,Bank Withdrawal
2522-WLNSF,Stayed,0,34,,,4,2225,74,Female,1,34,One Year,$64.20,"$2,106.30","$2,525.52",1,Cable,1,1,23,$12.33,Los Olivos,California,United States,Bank Withdrawal
9490-DFPMD,Churned,1,90,Competitor,Competitor made better offer,2,4871,79,Female,1,42,Month-to-Month,$84.65,"$3,541.35","$3,941.61",1,Fiber Optic,1,1,17,$9.53,San Diego,California,United States,Bank Withdrawal
7969-FFOWG,Stayed,0,34,,,4,6312,30,Male,0,65,Two Year,$19.90,"$1,292.60","$2,467.15",0,,1,0,0,$18.07,Littlerock,California,United States,Credit Card
4138-NAXED,Stayed,0,34,,,3,4121,54,Male,0,51,Month-to-Month,$81.00,"$4,085.75","$6,285.18",1,Fiber Optic,1,0,11,$42.93,Joshua Tree,California,United States,Bank Withdrawal
5419-KLXBN,Churned,1,90,Competitor,Competitor made better offer,2,5853,36,Female,0,25,Month-to-Month,$89.15,"$2,257.75","$2,873.75",1,Fiber Optic,1,1,5,$24.64,San Diego,California,United States,Bank Withdrawal
1106-HRLKZ,Stayed,0,34,,,5,2630,21,Male,0,40,Two Year,$19.60,$808.95,"$1,727.35",0,,1,0,0,$22.96,Oakley,California,United States,Credit Card
3733-ZEECP,Stayed,0,34,,,5,5329,29,Male,0,22,Month-to-Month,$51.10,"$1,232.90","$1,846.92",1,Cable,1,1,27,$27.91,Inglewood,California,United States,Bank Withdrawal
8441-SHIPE,Stayed,0,34,,,3,5183,53,Female,0,67,Two Year,$25.60,"$1,790.35","$2,864.53",0,,1,0,0,$16.72,Glendale,California,United States,Bank Withdrawal
6050-FFXES,Stayed,0,34,,,5,5268,51,Female,0,69,Two Year,$105.35,"$7,240.65","$8,304.26",1,Fiber Optic,1,0,6,$14.69,Garden Grove,California,United States,Bank Withdrawal
9470-XCCEM,Stayed,0,34,,,3,2622,41,Male,0,35,Month-to-Month,$89.65,"$3,161.60","$4,884.40",1,Fiber Optic,1,0,53,$48.08,Torrance,California,United States,Bank Withdrawal
3898-GUYTS,Stayed,0,34,,,3,4735,71,Female,1,45,Two Year,$97.05,"$4,385.05","$4,955.20",1,Fiber Optic,1,1,4,$12.67,Ravendale,California,United States,Bank Withdrawal
5639-NTUPK,Stayed,0,34,,,3,4929,28,Male,0,13,Month-to-Month,$52.10,$670.65,$919.86,1,Cable,1,1,59,$19.17,Walnut Creek,California,United States,Credit Card
4709-LKHYG,Stayed,0,34,,,5,3800,23,Female,0,29,One Year,$20.00,$540.05,"$1,343.93",0,,1,0,0,$27.72,Tarzana,California,United States,Bank Withdrawal
7011-CVEUC,Stayed,0,34,,,5,4535,51,Male,0,25,Month-to-Month,$95.70,"$2,338.35","$2,433.60",1,Fiber Optic,1,1,8,$3.81,Chula Vista,California,United States,Credit Card
3797-VTIDR,Churned,1,90,Price,Price too high,2,4517,55,Male,0,1,Month-to-Month,$23.45,$23.45,$23.45,1,DSL,0,1,21,$0.00,San Jose,California,United States,Bank Withdrawal
2486-WYVVE,Stayed,0,34,,,5,5238,47,Male,0,31,One Year,$79.30,"$2,484.00","$2,580.72",1,DSL,1,1,6,$3.12,Sacramento,California,United States,Credit Card
8378-LKJAF,Stayed,0,34,,,3,3738,34,Male,0,38,Month-to-Month,$101.15,"$3,956.70","$4,877.06",1,Fiber Optic,1,1,14,$24.22,Santa Ana,California,United States,Credit Card
8498-XXGWA,Stayed,0,34,,,3,6205,63,Female,0,65,Month-to-Month,$55.15,"$3,673.15","$4,972.50",1,DSL,1,1,26,$19.99,Malibu,California,United States,Credit Card
8003-EWNDZ,Stayed,0,34,,,4,2066,52,Female,0,10,Month-to-Month,$21.20,$222.65,$327.25,0,,1,0,0,$10.46,Philo,California,United States,Bank Withdrawal
8659-IOOPU,Stayed,0,34,,,3,6171,25,Female,0,71,Two Year,$100.45,"$7,159.70","$9,426.94",1,Fiber Optic,1,1,59,$32.16,Moss Landing,California,United States,Bank Withdrawal
3908-BLSYF,Churned,1,90,Competitor,Competitor had better devices,1,3962,40,Female,0,6,Month-to-Month,$83.90,$497.55,$653.13,1,Fiber Optic,1,1,24,$25.93,Los Altos,California,United States,Bank Withdrawal
5043-TRZWM,Joined,0,34,,,5,3503,32,Female,0,1,Month-to-Month,$75.55,$75.55,$82.66,1,Fiber Optic,1,1,26,$7.11,Los Angeles,California,United States,Bank Withdrawal
9261-WDCAF,Joined,0,34,,,5,2168,64,Male,0,3,Month-to-Month,$54.65,$189.10,$289.69,1,DSL,1,1,30,$33.53,Bonita,California,United States,Mailed Check
4248-QPAVC,Churned,1,90,Competitor,Competitor made better offer,1,3209,80,Female,1,17,Month-to-Month,$85.35,"$1,463.45","$2,089.39",1,Fiber Optic,1,1,6,$36.82,San Diego,California,United States,Bank Withdrawal
2669-OIDSD,Stayed,0,34,,,5,3468,58,Female,0,48,Month-to-Month,$100.05,"$4,834.00","$4,845.51",1,Fiber Optic,1,1,2,$1.02,Long Beach,California,United States,Credit Card
4770-UEZOX,Joined,0,34,,,3,4545,19,Male,0,2,Month-to-Month,$74.75,$144.80,$231.92,1,Fiber Optic,1,1,52,$43.56,Fallbrook,California,United States,Bank Withdrawal
5829-NVSQN,Stayed,0,34,,,3,3519,38,Female,0,23,One Year,$68.75,"$1,689.45","$2,411.42",1,DSL,1,1,29,$31.39,Gonzales,California,United States,Bank Withdrawal
6142-VSJQO,Churned,1,90,Attitude,Attitude of support person,2,4599,27,Female,0,1,Month-to-Month,$44.35,$44.35,$84.77,1,Cable,1,1,59,$40.42,Homeland,California,United States,Bank Withdrawal
5312-TSZVC,Stayed,0,34,,,5,4818,36,Female,0,15,One Year,$19.65,$270.60,$624.00,0,,1,0,0,$23.56,Hyampom,California,United States,Credit Card
0289-IVARM,Stayed,0,34,,,4,3463,57,Female,0,35,Month-to-Month,$60.55,"$1,982.60","$3,550.95",1,DSL,1,1,20,$44.81,Parlier,California,United States,Bank Withdrawal
1921-KYSAY,Stayed,0,34,,,4,4572,36,Female,0,41,One Year,$68.60,"$2,877.05","$4,391.18",1,DSL,1,1,30,$36.93,Olivehurst,California,United States,Bank Withdrawal
6892-EZDTG,Churned,1,90,Price,Extra data charges,2,2140,55,Female,0,4,Month-to-Month,$91.65,$365.40,$452.64,1,Fiber Optic,1,1,14,$21.81,Kings Beach,California,United States,Bank Withdrawal
2207-OBZNX,Churned,1,90,Attitude,Attitude of service provider,1,3736,56,Male,0,7,Month-to-Month,$51.00,$354.05,$595.48,1,Cable,1,1,22,$34.49,Aguanga,California,United States,Mailed Check
5039-LZRQT,Stayed,0,34,,,5,2953,52,Female,0,13,One Year,$20.20,$273.25,$618.66,0,,1,0,0,$26.57,Mountain Center,California,United States,Mailed Check
8718-PTMEZ,Churned,1,90,Other,Don't know,2,5131,46,Female,0,13,Month-to-Month,$31.05,$347.25,$347.25,1,Cable,0,1,16,$0.00,Lake Elsinore,California,United States,Bank Withdrawal
2272-WUSPA,Stayed,0,34,,,4,4848,48,Female,0,72,Two Year,$110.75,"$7,751.70","$10,612.98",1,Fiber Optic,1,1,5,$39.74,Milford,California,United States,Bank Withdrawal
6766-HFKLA,Stayed,0,34,,,5,4534,60,Female,0,56,Two Year,$103.20,"$5,744.35","$6,311.63",1,Fiber Optic,1,1,13,$10.13,Cazadero,California,United States,Bank Withdrawal
4824-GUCBY,Stayed,0,34,,,4,5602,77,Female,1,22,One Year,$81.70,"$1,820.90","$2,306.48",1,Fiber Optic,1,1,22,$23.43,San Francisco,California,United States,Bank Withdrawal
4576-CSAJH,Churned,1,90,Competitor,Competitor made better offer,3,5866,22,Male,0,22,One Year,$55.15,"$1,193.05","$1,930.71",1,DSL,1,1,59,$33.53,San Diego,California,United States,Credit Card
7033-CLAMM,Stayed,0,33,,,5,3828,60,Female,0,48,Two Year,$20.20,"$1,027.25","$1,921.97",0,,1,0,0,$18.64,Somes Bar,California,United States,Bank Withdrawal
9992-UJOEL,Joined,0,33,,,5,5870,22,Male,0,2,Month-to-Month,$50.30,$92.75,$129.99,1,DSL,1,1,51,$18.62,Elk,California,United States,Credit Card
7317-GGVPB,Churned,1,90,Dissatisfaction,Product dissatisfaction,1,4982,57,Male,0,71,Two Year,$108.60,"$7,690.90","$8,119.86",1,Fiber Optic,1,0,11,$5.76,Lotus,California,United States,Credit Card
5574-NXZIU,Stayed,0,33,,,4,4273,36,Male,0,63,Two Year,$109.20,"$7,049.75","$7,877.57",1,Fiber Optic,1,1,17,$13.14,Los Alamos,California,United States,Credit Card
4316-XCSLJ,Stayed,0,33,,,3,3202,35,Male,0,17,Month-to-Month,$50.30,$846.80,"$1,622.17",1,DSL,1,1,53,$45.61,Palo Alto,California,United States,Credit Card
7872-RDDLZ,Stayed,0,33,,,4,4826,68,Female,1,67,Month-to-Month,$54.90,"$3,725.50","$6,970.31",1,DSL,1,1,28,$48.43,Piercy,California,United States,Bank Withdrawal
7853-WNZSY,Joined,0,33,,,5,5809,58,Male,0,1,Month-to-Month,$19.75,$19.75,$21.36,0,,1,0,0,$1.61,El Nido,California,United States,Credit Card
7940-UQQUG,Stayed,0,33,,,4,5133,42,Female,0,64,One Year,$104.40,"$6,721.60","$7,614.40",1,Fiber Optic,1,1,11,$13.95,Thousand Oaks,California,United States,Bank Withdrawal
5649-ANRML,Churned,1,90,Other,Poor expertise of online support,3,4486,76,Male,1,2,Month-to-Month,$95.10,$180.25,$206.17,1,Fiber Optic,1,1,20,$12.96,Clipper Mills,California,United States,Credit Card
9985-MWVIX,Churned,1,90,Competitor,Competitor had better devices,1,5773,53,Female,0,1,Month-to-Month,$70.15,$70.15,$112.24,1,Fiber Optic,1,1,9,$42.09,Hume,California,United States,Credit Card
8348-HFYIV,Churned,1,90,Dissatisfaction,Limited range of services,3,5775,21,Male,0,2,Month-to-Month,$49.25,$90.35,$90.35,1,DSL,0,1,51,$0.00,Oakland,California,United States,Bank Withdrawal
8741-LQOBK,Stayed,0,33,,,3,4829,27,Female,0,46,Month-to-Month,$35.05,"$1,620.25","$1,620.25",1,DSL,0,1,52,$0.00,Elmira,California,United States,Bank Withdrawal
6615-ZGEDR,Churned,1,90,Attitude,Attitude of service provider,2,5707,42,Male,0,1,Month-to-Month,$19.70,$19.70,$21.61,0,,1,0,0,$1.91,Smith River,California,United States,Mailed Check
5433-KYGHE,Stayed,0,33,,,3,5494,53,Female,0,14,Month-to-Month,$86.00,"$1,164.05","$1,832.13",1,Fiber Optic,1,1,22,$47.72,Avila Beach,California,United States,Mailed Check
4524-QCSSM,Stayed,0,33,,,4,4512,39,Male,0,26,Month-to-Month,$44.65,"$1,156.55","$1,156.55",1,DSL,0,1,6,$0.00,Encino,California,United States,Bank Withdrawal
0114-PEGZZ,Stayed,0,33,,,3,4800,39,Female,0,33,Month-to-Month,$107.55,"$3,645.50","$5,285.27",1,Fiber Optic,1,1,12,$49.69,Round Mountain,California,United States,Bank Withdrawal
7025-WCBNE,Stayed,0,33,,,3,3155,74,Male,1,47,Two Year,$59.60,"$2,754.00","$3,448.66",1,DSL,1,1,10,$14.78,Santa Ana,California,United States,Bank Withdrawal
1583-IHQZE,Churned,1,90,Attitude,Attitude of support person,2,3965,60,Male,0,12,Month-to-Month,$112.95,"$1,384.75","$1,582.15",1,Cable,1,1,23,$16.45,Camarillo,California,United States,Mailed Check
4903-UYAVB,Churned,1,90,Competitor,Competitor made better offer,1,3864,53,Male,0,5,Month-to-Month,$19.35,$126.05,$284.85,0,,1,0,0,$31.76,Lathrop,California,United States,Mailed Check
7824-PANSQ,Stayed,0,33,,,5,6043,52,Male,0,58,Month-to-Month,$80.65,"$4,807.35","$7,398.21",1,Fiber Optic,1,1,8,$44.67,Mammoth Lakes,California,United States,Bank Withdrawal
9633-DENPU,Stayed,0,33,,,4,2613,53,Female,0,47,Month-to-Month,$58.60,"$2,723.40","$2,873.80",1,Cable,1,1,18,$3.20,Long Beach,California,United States,Bank Withdrawal
7519-JTWQH,Stayed,0,33,,,4,4803,30,Female,0,69,Two Year,$110.50,"$7,455.45","$9,105.93",1,Fiber Optic,1,1,42,$23.92,Calipatria,California,United States,Bank Withdrawal
5854-KSRBJ,Stayed,0,33,,,4,4954,31,Male,0,70,Two Year,$25.40,"$1,782.05","$2,435.15",0,,1,0,0,$9.33,San Clemente,California,United States,Credit Card
6258-NGCNG,Stayed,0,33,,,4,5508,54,Male,0,7,Month-to-Month,$23.50,$173.00,$182.87,0,,1,0,0,$1.41,Compton,California,United States,Credit Card
1488-PBLJN,Stayed,0,33,,,3,4055,63,Female,0,72,Two Year,$116.85,"$8,477.70","$10,769.46",1,Fiber Optic,1,1,14,$31.83,San Diego,California,United States,Bank Withdrawal
2842-BCQGE,Stayed,0,33,,,5,4898,39,Male,0,43,Month-to-Month,$75.35,"$3,161.40","$4,006.78",1,Fiber Optic,1,1,28,$19.66,San Diego,California,United States,Credit Card
3070-FNFZQ,Stayed,0,33,,,4,4698,48,Female,0,23,Two Year,$20.40,$478.75,"$1,389.32",0,,1,0,0,$39.59,Happy Camp,California,United States,Bank Withdrawal
4702-HDRKD,Stayed,0,33,,,3,5905,30,Male,0,67,One Year,$49.35,"$3,321.35","$3,321.35",1,Cable,0,1,85,$0.00,Knights Landing,California,United States,Bank Withdrawal
9318-NKNFC,Churned,1,90,Dissatisfaction,Service dissatisfaction,1,4132,53,Male,0,1,Month-to-Month,$18.85,$18.85,$59.34,0,,1,0,0,$40.49,Twain,California,United States,Mailed Check
7627-JKIAZ,Churned,1,90,Competitor,Competitor offered higher download speeds,3,3982,62,Female,0,37,Month-to-Month,$78.95,"$2,839.65","$4,226.78",1,Fiber Optic,1,1,29,$37.49,San Jose,California,United States,Credit Card
5016-IBERQ,Stayed,0,33,,,4,2781,28,Male,0,23,Month-to-Month,$84.25,"$1,968.10","$2,374.95",1,Fiber Optic,1,1,51,$18.05,Simi Valley,California,United States,Bank Withdrawal
1784-EZDKJ,Stayed,0,33,,,3,4640,31,Male,0,51,One Year,$106.80,"$5,498.80","$7,138.20",1,Fiber Optic,1,0,21,$29.40,Hemet,California,United States,Bank Withdrawal
9465-RWMXL,Churned,1,90,Competitor,Competitor made better offer,3,5949,62,Male,0,32,Month-to-Month,$78.90,"$2,447.95","$3,170.19",1,Fiber Optic,1,1,11,$22.57,San Diego,California,United States,Bank Withdrawal
1227-UDMZR,Stayed,0,33,,,4,4311,53,Female,0,72,Two Year,$91.15,"$6,637.90","$6,850.30",1,Cable,1,1,26,$2.95,Fremont,California,United States,Bank Withdrawal
9541-ZPSEA,Stayed,0,33,,,3,5954,25,Male,0,68,Two Year,$80.35,"$5,375.15","$7,012.59",1,Fiber Optic,1,1,41,$24.08,San Andreas,California,United States,Credit Card
2580-ASVVY,Stayed,0,33,,,4,4051,23,Female,0,37,Two Year,$45.40,"$1,593.10","$1,548.97",1,DSL,0,1,27,$0.00,San Ysidro,California,United States,Bank Withdrawal
2330-PQGDQ,Stayed,0,33,,,5,4952,36,Male,0,51,One Year,$84.20,"$4,299.75","$4,744.57",1,Fiber Optic,1,1,51,$9.50,Gualala,California,United States,Bank Withdrawal
0412-UCCNP,Stayed,0,33,,,3,5162,20,Male,0,55,Two Year,$59.20,"$3,175.85","$3,851.25",1,DSL,1,1,48,$12.28,Essex,California,United States,Bank Withdrawal
4660-IRIBM,Stayed,0,33,,,4,5192,32,Male,0,18,Month-to-Month,$87.90,"$1,500.50","$1,935.38",1,Fiber Optic,1,1,19,$24.16,Crows Landing,California,United States,Mailed Check
8634-MPHTR,Churned,1,91,Attitude,Attitude of support person,1,5166,68,Male,1,47,Month-to-Month,$100.05,"$4,871.05","$5,292.64",1,Fiber Optic,1,1,19,$8.97,Forbestown,California,United States,Bank Withdrawal
4282-ACRXS,Stayed,0,33,,,3,3511,69,Male,1,38,Month-to-Month,$24.85,$955.75,$955.75,1,Cable,0,1,30,$0.00,Covina,California,United States,Bank Withdrawal
2253-KPMNB,Stayed,0,33,,,4,4180,29,Female,0,69,Two Year,$46.25,"$3,121.40","$3,121.40",1,DSL,0,1,69,$0.00,Live Oak,California,United States,Bank Withdrawal
2397-BRLOM,Churned,1,91,Other,Don't know,1,3443,67,Male,1,8,Month-to-Month,$80.45,$583.45,$799.37,1,Fiber Optic,1,1,2,$26.99,San Rafael,California,United States,Credit Card
4724-WXVWF,Stayed,0,33,,,3,4334,28,Male,0,48,Month-to-Month,$95.40,"$4,445.30","$4,644.50",1,Fiber Optic,1,1,46,$4.15,Earp,California,United States,Bank Withdrawal
1536-YHDOE,Stayed,0,33,,,3,3937,58,Male,0,17,One Year,$62.10,"$1,096.65","$1,645.24",1,Cable,1,1,28,$32.27,Round Mountain,California,United States,Credit Card
8229-TNIQA,Churned,1,91,Other,Don't know,2,3443,36,Female,0,4,Month-to-Month,$45.30,$196.95,$356.55,1,Cable,1,1,20,$39.90,Pasadena,California,United States,Credit Card
8690-UPCZI,Stayed,0,33,,,4,4459,26,Male,0,29,One Year,$69.05,"$1,958.45","$3,062.75",1,DSL,1,0,69,$36.70,Los Angeles,California,United States,Bank Withdrawal
6464-KEXXH,Stayed,0,33,,,3,2372,55,Male,0,8,Month-to-Month,$25.25,$186.30,$186.30,1,Cable,0,1,16,$0.00,Fillmore,California,United States,Credit Card
2800-QQUSO,Stayed,0,33,,,5,3286,48,Male,0,42,Month-to-Month,$100.30,"$4,222.95","$5,301.93",1,Fiber Optic,1,1,13,$25.69,Riverside,California,United States,Bank Withdrawal
7394-FKDNK,Churned,1,91,Competitor,Competitor made better offer,2,4971,62,Female,0,9,Month-to-Month,$89.45,$853.10,"$1,091.69",1,Fiber Optic,1,1,18,$26.51,San Diego,California,United States,Bank Withdrawal
8028-PNXHQ,Stayed,0,33,,,5,4444,40,Male,0,62,Two Year,$24.25,"$1,424.60","$4,445.86",0,,1,0,0,$48.73,Downey,California,United States,Bank Withdrawal
0557-ASKVU,Stayed,0,33,,,5,4948,43,Female,0,18,One Year,$54.40,$957.10,"$1,766.56",1,Cable,1,1,7,$44.97,Beverly Hills,California,United States,Credit Card
4702-IOQDC,Churned,1,91,Competitor,Competitor offered higher download speeds,3,2007,58,Female,0,1,Month-to-Month,$70.10,$70.10,$116.27,1,Fiber Optic,1,1,30,$46.17,Gustine,California,United States,Bank Withdrawal
2465-BLLEU,Joined,0,33,,,5,4441,31,Male,0,1,Month-to-Month,$19.75,$19.75,$29.97,0,,1,0,0,$10.22,Salinas,California,United States,Credit Card
4987-GQWPO,Stayed,0,33,,,4,4580,48,Male,0,17,Month-to-Month,$25.10,$382.80,$382.80,1,DSL,0,1,11,$0.00,Huntington Beach,California,United States,Credit Card
0599-XNYDO,Stayed,0,33,,,5,5456,51,Female,0,20,Month-to-Month,$69.80,"$1,540.35","$2,410.15",1,Fiber Optic,1,1,28,$43.49,Graton,California,United States,Bank Withdrawal
3280-NMUVX,Stayed,0,33,,,5,4669,53,Male,0,34,One Year,$19.60,$678.80,"$1,563.82",0,,1,0,0,$26.03,Rio Vista,California,United States,Credit Card
2777-PHDEI,Churned,1,91,Competitor,Competitor offered more data,1,3458,20,Female,0,1,Month-to-Month,$78.05,$78.05,$117.46,1,Fiber Optic,1,0,59,$29.41,Ahwahnee,California,United States,Bank Withdrawal
4994-OBRSZ,Stayed,0,33,,,3,2045,24,Male,0,14,Two Year,$76.10,"$1,054.80","$1,569.02",1,Cable,1,1,52,$36.73,Weed,California,United States,Bank Withdrawal
2040-LDIWQ,Stayed,0,33,,,5,5256,51,Male,0,65,Two Year,$84.20,"$5,324.50","$8,026.55",1,DSL,1,1,16,$41.57,Woodland Hills,California,United States,Bank Withdrawal
1591-NFNLQ,Churned,1,91,Other,Poor expertise of online support,3,4769,38,Male,0,51,Month-to-Month,$80.00,"$4,242.35","$4,528.97",1,Fiber Optic,1,1,16,$5.62,Fallbrook,California,United States,Credit Card
0488-GSLFR,Churned,1,91,Dissatisfaction,Product dissatisfaction,1,3365,41,Female,0,1,Month-to-Month,$69.50,$69.50,$77.81,1,Fiber Optic,1,1,27,$8.31,Taylorsville,California,United States,Bank Withdrawal
2833-SLKDQ,Churned,1,91,Competitor,Competitor had better devices,1,4094,23,Male,0,1,Month-to-Month,$45.05,$45.05,$93.08,1,Cable,1,1,73,$48.03,Caspar,California,United States,Credit Card
5003-XZWWO,Stayed,0,33,,,4,4753,32,Male,0,71,Two Year,$84.20,"$5,956.85","$7,030.37",1,DSL,1,1,30,$15.12,Capistrano Beach,California,United States,Credit Card
3900-AQPHZ,Churned,1,91,Attitude,Attitude of support person,2,4248,45,Female,0,1,Month-to-Month,$19.90,$19.90,$69.41,0,,1,0,0,$49.51,Pearblossom,California,United States,Mailed Check
1373-ORVIZ,Churned,1,91,Competitor,Competitor had better devices,1,2860,62,Female,0,11,Month-to-Month,$66.35,$740.80,$913.39,1,DSL,1,1,12,$15.69,Modesto,California,United States,Bank Withdrawal
2192-CKRLV,Stayed,0,33,,,3,4700,57,Female,0,72,Two Year,$49.20,"$3,580.95","$3,580.95",1,DSL,0,1,15,$0.00,Wilton,California,United States,Bank Withdrawal
8627-EHGIP,Churned,1,91,Competitor,Competitor offered more data,2,3051,38,Male,0,44,One Year,$53.95,"$2,375.40","$2,375.40",1,Cable,0,1,4,$0.00,Sacramento,California,United States,Credit Card
3088-LHEFH,Stayed,0,33,,,3,3885,28,Female,0,11,Month-to-Month,$79.00,$929.30,"$1,039.96",1,Fiber Optic,1,1,48,$10.06,Pollock Pines,California,United States,Bank Withdrawal
1905-OEILC,Joined,0,33,,,5,3107,42,Female,0,1,Month-to-Month,$19.50,$19.50,$39.61,0,,1,0,0,$20.11,Pebble Beach,California,United States,Credit Card
2176-LVPNX,Stayed,0,33,,,3,4994,69,Female,1,71,Two Year,$89.85,"$6,293.45","$9,088.14",1,DSL,1,0,22,$37.39,San Jose,California,United States,Credit Card
4811-JBUVU,Stayed,0,33,,,3,3233,62,Male,0,30,Month-to-Month,$89.90,"$2,723.15","$3,682.25",1,Fiber Optic,1,1,2,$31.97,Sherman Oaks,California,United States,Credit Card
8329-IBCTI,Churned,1,91,Competitor,Competitor made better offer,3,5881,50,Female,0,1,Month-to-Month,$19.65,$19.65,$25.73,0,,1,0,0,$6.08,Cotati,California,United States,Mailed Check
4622-YNKIJ,Stayed,0,32,,,3,5087,59,Male,0,33,Two Year,$88.95,"$3,027.65","$4,599.77",1,Fiber Optic,1,1,18,$47.64,Norwalk,California,United States,Bank Withdrawal
9522-BNTHX,Stayed,0,32,,,3,5597,72,Female,1,34,Two Year,$56.25,"$1,765.95","$1,765.95",1,DSL,0,1,28,$0.00,Caliente,California,United States,Bank Withdrawal
5438-QMDDL,Stayed,0,32,,,3,3652,20,Female,0,19,Month-to-Month,$59.80,"$1,130.85","$1,288.55",1,DSL,1,1,48,$8.30,Campo Seco,California,United States,Credit Card
9170-CCKOU,Churned,1,91,Dissatisfaction,Product dissatisfaction,1,2026,62,Male,0,17,Month-to-Month,$90.20,"$1,454.15","$1,659.17",1,Fiber Optic,1,1,9,$12.06,Fremont,California,United States,Credit Card
7873-CVMAW,Stayed,0,32,,,4,6468,61,Male,0,72,Two Year,$88.55,"$6,362.35","$9,681.55",1,DSL,1,1,27,$46.10,Van Nuys,California,United States,Credit Card
4143-OOBWZ,Churned,1,91,Attitude,Attitude of service provider,2,3819,33,Male,0,5,Month-to-Month,$81.30,$416.30,$541.85,1,Fiber Optic,1,1,26,$25.11,Fresno,California,United States,Bank Withdrawal
2511-ALLCS,Stayed,0,32,,,4,5998,38,Female,0,35,Two Year,$24.30,$821.60,"$1,481.70",0,,1,0,0,$18.86,Temple City,California,United States,Bank Withdrawal
7148-XZPHA,Stayed,0,32,,,4,4162,43,Male,0,55,Month-to-Month,$79.40,"$4,238.45","$4,978.20",1,Fiber Optic,1,1,53,$13.45,Rancho Cordova,California,United States,Bank Withdrawal
6198-RTPMF,Stayed,0,32,,,4,4756,46,Female,0,17,Month-to-Month,$92.60,"$1,579.70","$1,736.44",1,Fiber Optic,1,1,13,$9.22,Oregon House,California,United States,Bank Withdrawal
2065-MMKGR,Stayed,0,32,,,5,4226,47,Female,0,29,One Year,$71.00,"$2,080.10","$3,280.12",1,DSL,1,1,4,$41.38,Diamond Springs,California,United States,Credit Card
7175-NTIXE,Stayed,0,32,,,3,3955,26,Female,0,25,Month-to-Month,$76.15,"$1,992.95","$2,534.70",1,DSL,1,1,48,$21.67,Redwood City,California,United States,Credit Card
5514-YQENT,Stayed,0,32,,,5,5038,29,Male,0,41,Two Year,$111.15,"$4,507.15","$5,760.93",1,Fiber Optic,1,1,59,$30.58,Rocklin,California,United States,Bank Withdrawal
5322-ZSMZY,Stayed,0,32,,,4,5472,26,Male,0,31,Two Year,$25.75,$755.60,$973.53,0,,1,0,0,$7.03,Lower Lake,California,United States,Credit Card
7845-URHJN,Churned,1,91,Price,Price too high,3,4785,24,Female,0,8,Month-to-Month,$20.15,$156.25,$247.05,0,,1,0,0,$11.35,Hacienda Heights,California,United States,Bank Withdrawal
4102-OQUPX,Churned,1,91,Competitor,Competitor made better offer,3,5429,67,Male,1,1,Month-to-Month,$74.40,$74.40,$121.76,1,Fiber Optic,1,0,29,$17.36,Sheep Ranch,California,United States,Bank Withdrawal
1389-CXMLU,Churned,1,91,Competitor,Competitor made better offer,2,2194,65,Male,1,3,Month-to-Month,$91.05,$289.10,$368.06,1,Fiber Optic,1,1,8,$26.32,Downey,California,United States,Bank Withdrawal
6331-LWDTQ,Churned,1,91,Dissatisfaction,Limited range of services,2,2457,49,Male,0,10,Month-to-Month,$72.15,$794.25,"$1,211.75",1,DSL,1,0,11,$33.75,Rialto,California,United States,Credit Card
2243-FNMMI,Stayed,0,32,,,3,4958,20,Male,0,20,Month-to-Month,$19.40,$415.40,"$1,035.80",0,,1,0,0,$31.02,Torrance,California,United States,Credit Card
8592-PLTMQ,Stayed,0,32,,,5,5655,53,Female,0,64,One Year,$24.70,"$1,642.75","$1,900.67",0,,1,0,0,$4.03,Fontana,California,United States,Mailed Check
7242-QZLXF,Churned,1,91,Competitor,Competitor made better offer,2,5421,20,Male,0,1,Month-to-Month,$25.30,$25.30,$35.30,1,Cable,0,0,51,$0.00,San Diego,California,United States,Bank Withdrawal
0635-WKOLD,Stayed,0,32,,,5,5507,33,Male,0,40,One Year,$70.75,"$2,921.75","$3,871.35",1,DSL,1,1,22,$23.74,Ceres,California,United States,Credit Card
1173-XZPYF,Stayed,0,32,,,4,3734,60,Female,0,11,Month-to-Month,$89.20,$990.30,"$1,110.75",1,Fiber Optic,1,1,29,$10.95,Torrance,California,United States,Bank Withdrawal
6348-SNFUS,Stayed,0,32,,,3,4556,30,Male,0,72,Two Year,$55.45,"$4,179.20","$4,179.20",1,Cable,0,1,47,$0.00,Granada Hills,California,United States,Credit Card
2040-XBAVJ,Stayed,0,32,,,3,4700,51,Male,0,72,Two Year,$114.45,"$8,100.55","$9,896.95",1,Fiber Optic,1,1,13,$24.95,Malibu,California,United States,Bank Withdrawal
2898-MRKPI,Stayed,0,32,,,4,5570,36,Male,0,68,One Year,$101.05,"$6,770.50","$9,124.66",1,Fiber Optic,1,1,18,$34.62,Ranchita,California,United States,Credit Card
6664-FPDAC,Churned,1,91,Attitude,Attitude of service provider,3,4060,77,Female,1,56,One Year,$111.95,"$6,418.90","$7,508.66",1,Fiber Optic,1,1,28,$19.46,San Diego,California,United States,Bank Withdrawal
4927-WWOOZ,Joined,0,32,,,5,4889,39,Male,0,2,Month-to-Month,$91.45,$171.45,$280.27,1,Fiber Optic,1,0,20,$49.41,Pacific Grove,California,United States,Bank Withdrawal
4115-UMJFQ,Stayed,0,32,,,5,4043,37,Male,0,69,One Year,$35.75,"$2,492.25","$2,642.25",1,DSL,0,0,19,$0.00,West Hills,California,United States,Bank Withdrawal
7047-FWEYA,Stayed,0,32,,,3,3517,41,Female,0,46,One Year,$103.15,"$4,594.65","$6,252.77",1,Fiber Optic,1,0,29,$33.22,San Pedro,California,United States,Bank Withdrawal
6161-ERDGD,Stayed,0,32,,,4,5280,57,Male,0,71,One Year,$85.45,"$6,300.85","$7,962.96",1,DSL,1,1,53,$23.41,Santa Maria,California,United States,Bank Withdrawal
1471-GIQKQ,Joined,0,32,,,3,5230,37,Female,0,1,Month-to-Month,$49.95,$49.95,$94.93,1,DSL,1,1,27,$44.98,Niland,California,United States,Bank Withdrawal
7112-OPOTK,Churned,1,91,Attitude,Attitude of support person,2,5647,37,Male,0,33,Month-to-Month,$68.25,"$2,171.15","$3,122.87",1,Fiber Optic,1,1,23,$28.84,Fort Bidwell,California,United States,Bank Withdrawal
9367-TCUYN,Stayed,0,32,,,4,5179,25,Female,0,12,Month-to-Month,$20.10,$223.60,$329.44,0,,1,0,0,$8.82,Los Angeles,California,United States,Credit Card
6733-LRIZX,Stayed,0,32,,,3,5903,42,Male,0,35,Two Year,$108.95,"$4,025.50","$4,727.95",1,Fiber Optic,1,1,23,$20.07,Bodega Bay,California,United States,Bank Withdrawal
1010-DIAUQ,Churned,1,91,Competitor,Competitor made better offer,3,5383,54,Male,0,5,Month-to-Month,$96.50,$492.55,$596.85,1,Fiber Optic,1,1,8,$20.86,San Diego,California,United States,Bank Withdrawal
4909-JOUPP,Stayed,0,32,,,4,4319,76,Male,1,72,Two Year,$109.70,"$7,898.45","$9,895.73",1,Fiber Optic,1,1,3,$27.74,Tahoma,California,United States,Credit Card
8969-PRHFK,Stayed,0,32,,,3,4695,32,Male,0,18,One Year,$19.65,$411.25,$436.81,0,,1,0,0,$1.42,Red Bluff,California,United States,Credit Card
7534-BFESC,Churned,1,91,Competitor,Competitor made better offer,2,2018,69,Male,1,24,Month-to-Month,$76.10,"$1,712.70","$2,453.58",1,Fiber Optic,1,1,15,$30.87,San Diego,California,United States,Bank Withdrawal
8976-OQHGT,Churned,1,91,Dissatisfaction,Lack of self-service on Website,2,5758,38,Female,0,4,Month-to-Month,$56.50,$235.10,$405.94,1,DSL,1,1,56,$42.71,Lomita,California,United States,Credit Card
4332-MUOEZ,Stayed,0,32,,,3,2574,78,Male,1,20,One Year,$94.30,"$1,818.30","$2,469.10",1,Fiber Optic,1,1,5,$32.54,Moreno Valley,California,United States,Credit Card
5360-LJCNJ,Stayed,0,32,,,5,5707,37,Female,0,71,Two Year,$105.15,"$7,555.00","$8,357.66",1,Fiber Optic,1,0,3,$10.46,Tracy,California,United States,Bank Withdrawal
6124-ACRHJ,Joined,0,32,,,5,4099,59,Female,0,1,Month-to-Month,$19.75,$19.75,$61.03,0,,1,0,0,$41.28,San Mateo,California,United States,Credit Card
5760-WRAHC,Stayed,0,32,,,3,3509,78,Female,1,22,One Year,$69.75,"$1,545.40","$2,644.96",1,DSL,1,1,28,$49.98,Fontana,California,United States,Mailed Check
6595-YGXIT,Churned,1,91,Competitor,Competitor made better offer,2,3878,71,Male,1,25,Month-to-Month,$88.95,"$2,291.20","$3,482.70",1,Fiber Optic,1,1,23,$47.66,Boulder Creek,California,United States,Bank Withdrawal
8267-KFGYD,Joined,0,32,,,3,3389,53,Male,0,1,Month-to-Month,$21.05,$21.05,$31.19,0,,1,0,0,$10.14,Alhambra,California,United States,Mailed Check
0224-NIJLP,Stayed,0,32,,,4,3899,30,Male,0,8,Two Year,$20.15,$165.50,$188.46,0,,1,0,0,$2.87,Turlock,California,United States,Credit Card
1038-RQOST,Stayed,0,32,,,3,2276,43,Male,0,19,Month-to-Month,$20.60,$414.95,$504.25,0,,1,0,0,$4.70,Zenia,California,United States,Credit Card
6233-HXJMX,Stayed,0,32,,,3,5470,42,Female,0,45,Month-to-Month,$89.30,"$4,192.15","$4,814.05",1,Fiber Optic,1,1,8,$13.82,Alpine,California,United States,Credit Card
6305-YLBMM,Churned,1,91,Attitude,Attitude of service provider,3,4254,50,Male,0,69,One Year,$104.05,"$7,262.00","$7,435.88",1,Fiber Optic,1,1,24,$2.52,Hood,California,United States,Bank Withdrawal
0431-APWVY,Churned,1,91,Other,Poor expertise of online support,3,5958,37,Female,0,28,One Year,$90.10,"$2,598.95","$3,111.63",1,Fiber Optic,1,1,13,$18.31,Novato,California,United States,Bank Withdrawal
8317-BVKSO,Stayed,0,32,,,5,5728,27,Male,0,14,Month-to-Month,$20.05,$299.30,$427.96,0,,1,0,0,$9.19,Termo,California,United States,Bank Withdrawal
3577-AMVUX,Joined,0,32,,,4,2962,59,Male,0,1,Month-to-Month,$55.05,$55.05,$69.70,1,Cable,1,1,15,$14.65,Big Bear City,California,United States,Credit Card
0229-LFJAF,Stayed,0,32,,,5,4262,53,Male,0,72,Two Year,$69.65,"$4,908.25","$5,171.77",1,DSL,1,1,13,$3.66,Clovis,California,United States,Bank Withdrawal
6963-KQYQB,Stayed,0,32,,,5,4722,24,Female,0,70,Two Year,$24.05,"$1,764.75","$2,063.65",0,,1,0,0,$4.27,Pacifica,California,United States,Credit Card
7346-MEDWM,Stayed,0,32,,,3,4094,48,Female,0,59,Month-to-Month,$83.25,"$4,949.10","$6,791.67",1,Fiber Optic,1,1,16,$31.23,Cathedral City,California,United States,Bank Withdrawal
1009-IRMNA,Churned,1,91,Attitude,Attitude of support person,3,4479,27,Female,0,7,Month-to-Month,$20.00,$137.60,$249.88,0,,1,0,0,$16.04,Port Hueneme,California,United States,Bank Withdrawal
9124-LHCJQ,Churned,1,91,Price,Price too high,1,2318,22,Female,0,1,Month-to-Month,$85.45,$85.45,$116.48,1,Fiber Optic,1,1,27,$31.03,Los Angeles,California,United States,Credit Card
6133-OZILE,Stayed,0,32,,,3,5381,45,Female,0,18,Month-to-Month,$35.20,$607.30,$657.30,1,DSL,0,0,11,$0.00,Santa Monica,California,United States,Bank Withdrawal
0301-FIDRB,Stayed,0,32,,,4,6107,61,Female,0,72,Two Year,$63.80,"$4,684.30","$4,684.30",1,DSL,0,1,22,$0.00,Fulton,California,United States,Bank Withdrawal
5393-RXQSZ,Churned,1,91,Attitude,Attitude of support person,3,2199,40,Male,0,1,Month-to-Month,$79.60,$79.60,$98.92,1,Fiber Optic,1,1,22,$19.32,Taft,California,United States,Bank Withdrawal
2143-LJULT,Stayed,0,32,,,5,5887,55,Female,0,67,Two Year,$25.25,"$1,733.15","$4,100.93",0,,1,0,0,$35.34,Fresno,California,United States,Credit Card
3419-SNJJD,Churned,1,91,Attitude,Attitude of support person,1,4196,78,Female,1,65,Month-to-Month,$105.25,"$6,786.40","$7,981.75",1,Fiber Optic,1,1,28,$18.39,Yorba Linda,California,United States,Bank Withdrawal
0877-SDMBN,Churned,1,91,Competitor,Competitor made better offer,3,6117,20,Female,0,54,One Year,$103.95,"$5,639.05","$7,986.43",1,Fiber Optic,1,1,82,$43.47,San Diego,California,United States,Bank Withdrawal
9167-APMXZ,Stayed,0,32,,,3,3549,23,Female,0,22,Month-to-Month,$84.15,"$1,821.95","$2,304.35",1,Fiber Optic,1,0,41,$19.20,Long Beach,California,United States,Bank Withdrawal
2717-HVIZY,Stayed,0,32,,,4,2675,24,Female,0,8,Month-to-Month,$20.05,$163.60,$288.88,0,,1,0,0,$15.66,Orleans,California,United States,Credit Card
9699-UBQFS,Stayed,0,32,,,3,4745,76,Female,1,43,Month-to-Month,$94.50,"$4,156.80","$4,314.18",1,Fiber Optic,1,1,22,$3.66,Los Angeles,California,United States,Bank Withdrawal
6377-WHAOX,Stayed,0,32,,,3,4115,48,Female,0,60,Month-to-Month,$106.15,"$6,411.25","$7,010.05",1,Fiber Optic,1,1,22,$9.98,Gualala,California,United States,Bank Withdrawal
3082-VQXNH,Joined,0,32,,,3,5614,62,Male,0,3,Month-to-Month,$29.80,$94.40,$94.40,1,DSL,0,1,4,$0.00,Hat Creek,California,United States,Credit Card
2178-PMGCJ,Stayed,0,32,,,3,4838,22,Male,0,22,Month-to-Month,$69.70,"$1,490.40","$1,837.34",1,Fiber Optic,1,1,42,$15.77,Long Beach,California,United States,Credit Card
9168-INPSZ,Stayed,0,32,,,4,2944,75,Female,1,44,Two Year,$104.15,"$4,495.65","$5,412.17",1,Fiber Optic,1,1,9,$20.83,Port Hueneme,California,United States,Bank Withdrawal
2189-UXTKY,Churned,1,91,Dissatisfaction,Product dissatisfaction,1,3410,27,Female,0,22,Month-to-Month,$79.20,"$1,742.75","$2,031.17",1,DSL,1,1,51,$13.11,La Quinta,California,United States,Bank Withdrawal
4998-IKFSE,Stayed,0,32,,,5,3936,27,Female,0,30,Month-to-Month,$100.45,"$3,096.90","$4,211.60",1,Fiber Optic,1,0,59,$34.49,Phelan,California,United States,Bank Withdrawal
8329-UTMVM,Stayed,0,31,,,4,3104,76,Male,1,27,One Year,$104.65,"$2,964.00","$3,892.53",1,Fiber Optic,1,1,19,$34.39,Bakersfield,California,United States,Bank Withdrawal
0411-EZJZE,Joined,0,31,,,4,4830,62,Female,0,3,Month-to-Month,$60.25,$170.50,$300.80,1,DSL,1,0,29,$20.10,Stockton,California,United States,Bank Withdrawal
8763-KIAFH,Stayed,0,31,,,4,2269,37,Female,0,27,One Year,$20.55,$583.30,"$1,149.22",0,,1,0,0,$20.96,Whittier,California,United States,Credit Card
0727-IWKVK,Churned,1,91,Price,Extra data charges,2,4748,35,Male,0,9,Month-to-Month,$79.90,$741.70,$914.32,1,Fiber Optic,1,1,27,$19.18,Yermo,California,United States,Bank Withdrawal
3090-QFUVD,Joined,0,31,,,5,2507,48,Female,0,1,Month-to-Month,$20.30,$20.30,$24.39,0,,1,0,0,$4.09,Reedley,California,United States,Credit Card
4913-EHYUI,Churned,1,91,Competitor,Competitor offered higher download speeds,1,6268,80,Male,1,56,One Year,$104.55,"$5,794.65","$8,527.45",1,Fiber Optic,1,1,12,$48.80,Alpaugh,California,United States,Bank Withdrawal
6508-NJYRO,Stayed,0,31,,,4,3977,36,Male,0,15,One Year,$18.80,$294.95,$509.00,0,,1,0,0,$14.27,Carlsbad,California,United States,Credit Card
8974-OVACP,Joined,0,31,,,4,3167,40,Female,0,1,Month-to-Month,$20.15,$20.15,$47.74,0,,1,0,0,$27.59,Yermo,California,United States,Mailed Check
2873-ZLIWT,Churned,1,91,Competitor,Competitor made better offer,2,5764,64,Female,0,40,Month-to-Month,$84.85,"$3,303.05","$3,384.25",1,Fiber Optic,1,1,19,$2.03,Temecula,California,United States,Bank Withdrawal
5917-HBSDW,Stayed,0,31,,,5,2360,20,Female,0,37,Month-to-Month,$19.35,$683.75,$782.91,0,,1,0,0,$2.68,Mill Valley,California,United States,Bank Withdrawal
4501-EQDRN,Churned,1,91,Attitude,Attitude of service provider,2,4620,64,Female,0,1,Month-to-Month,$69.70,$69.70,$91.22,1,Fiber Optic,1,1,25,$21.52,Montclair,California,United States,Bank Withdrawal
6202-JVYEU,Stayed,0,31,,,4,3643,28,Male,0,9,One Year,$19.90,$164.60,$200.78,0,,1,0,0,$4.02,Chino,California,United States,Bank Withdrawal
6900-PXRMS,Churned,1,91,Dissatisfaction,Product dissatisfaction,1,3157,72,Male,1,26,Month-to-Month,$105.75,"$2,710.25","$2,833.01",1,Fiber Optic,1,0,18,$1.26,Spring Valley,California,United States,Bank Withdrawal
3318-OSATS,Churned,1,91,Other,Don't know,2,2080,70,Male,1,35,Month-to-Month,$95.45,"$3,474.05","$4,782.55",1,Fiber Optic,1,0,29,$35.10,Sierra City,California,United States,Bank Withdrawal
7587-AOVVU,Stayed,0,31,,,3,3160,39,Male,0,27,Month-to-Month,$100.75,"$2,793.55","$3,173.44",1,Fiber Optic,1,1,15,$14.07,Arcata,California,United States,Bank Withdrawal
1791-PQHBB,Joined,0,31,,,4,5056,28,Female,0,2,Month-to-Month,$61.20,$125.95,$190.07,1,Cable,1,1,52,$32.06,El Dorado,California,United States,Credit Card
1089-XZWHH,Stayed,0,31,,,5,3594,43,Female,0,24,Two Year,$19.70,$494.05,"$1,605.25",0,,1,0,0,$46.30,Lee Vining,California,United States,Credit Card
0899-WZRSD,Stayed,0,31,,,3,5680,31,Male,0,56,Month-to-Month,$105.35,"$5,794.45","$7,921.89",1,Fiber Optic,1,1,24,$37.99,Marina Del Rey,California,United States,Credit Card
0594-UFTUL,Stayed,0,31,,,4,2928,35,Male,0,13,Month-to-Month,$19.85,$252.00,$774.60,0,,1,0,0,$40.20,Mather,California,United States,Credit Card
0257-ZESQC,Churned,1,91,Attitude,Attitude of support person,1,4517,80,Female,1,27,Month-to-Month,$75.20,"$1,929.35","$2,118.89",1,Cable,1,1,25,$7.02,Perris,California,United States,Bank Withdrawal
4785-NKHCX,Stayed,0,31,,,5,2154,65,Male,1,5,One Year,$20.05,$94.15,$244.85,0,,1,0,0,$30.14,O Neals,California,United States,Bank Withdrawal
4063-EIKNQ,Stayed,0,31,,,3,4075,33,Male,0,11,Month-to-Month,$20.95,$267.35,$422.21,0,,1,0,0,$15.73,Canyon Country,California,United States,Bank Withdrawal
9530-EHPOH,Churned,1,91,Competitor,Competitor made better offer,1,3407,60,Male,0,11,Month-to-Month,$53.75,$608.00,$773.33,1,DSL,1,1,13,$15.03,San Diego,California,United States,Bank Withdrawal
2990-OGYTD,Stayed,0,31,,,5,5037,41,Female,0,67,Two Year,$86.15,"$5,883.85","$6,098.25",1,DSL,1,1,23,$3.20,Fullerton,California,United States,Bank Withdrawal
1465-WCZVT,Joined,0,31,,,4,4943,44,Female,0,3,Month-to-Month,$19.65,$60.65,$151.67,0,,1,0,0,$30.34,Badger,California,United States,Credit Card
9254-RBFON,Churned,1,91,Competitor,Competitor had better devices,2,5160,38,Female,0,17,One Year,$98.60,"$1,704.95","$1,796.75",1,Fiber Optic,1,1,8,$5.40,Klamath River,California,United States,Bank Withdrawal
5759-RCVCB,Churned,1,91,Competitor,Competitor had better devices,1,5450,20,Female,0,3,Month-to-Month,$35.20,$108.95,$108.95,1,DSL,0,1,30,$0.00,Orange,California,United States,Credit Card
2096-XOTMO,Stayed,0,31,,,5,4146,40,Female,0,16,Month-to-Month,$19.35,$275.90,$447.78,0,,1,0,0,$12.82,Marysville,California,United States,Credit Card
4937-QPZPO,Stayed,0,31,,,5,5641,62,Male,0,61,One Year,$99.90,"$6,241.35","$8,348.29",1,Fiber Optic,1,1,58,$34.54,Snelling,California,United States,Bank Withdrawal
5473-KHBPS,Stayed,0,31,,,3,4415,53,Female,0,52,One Year,$95.70,"$4,976.15","$5,400.47",1,Fiber Optic,1,1,20,$8.16,Surfside,California,United States,Credit Card
4710-NKCAW,Stayed,0,31,,,3,3260,42,Male,0,5,Month-to-Month,$64.40,$316.90,$403.75,1,DSL,1,1,15,$17.37,El Cajon,California,United States,Credit Card
4749-OJKQU,Stayed,0,31,,,5,5396,36,Female,0,4,Month-to-Month,$75.65,$302.35,$396.35,1,Fiber Optic,1,1,22,$23.50,San Jose,California,United States,Bank Withdrawal
6250-CGGUN,Stayed,0,31,,,3,4154,41,Male,0,54,One Year,$84.40,"$4,484.05","$6,139.69",1,Fiber Optic,1,1,18,$30.66,Esparto,California,United States,Bank Withdrawal
8605-ITULD,Joined,0,31,,,3,5750,21,Female,0,1,Month-to-Month,$19.55,$19.55,$24.65,0,,1,0,0,$5.10,Crescent Mills,California,United States,Credit Card
4795-KTRTH,Churned,1,91,Competitor,Competitor made better offer,1,4287,68,Female,1,5,Month-to-Month,$81.00,$371.65,$577.41,1,Fiber Optic,1,0,11,$47.28,San Diego,California,United States,Bank Withdrawal
7551-DACSP,Churned,1,91,Competitor,Competitor made better offer,2,3878,49,Male,0,6,Month-to-Month,$55.30,$324.25,$335.41,1,DSL,1,1,19,$1.86,Hat Creek,California,United States,Mailed Check
6164-HXUGH,Stayed,0,31,,,3,5060,40,Female,0,6,Month-to-Month,$19.85,$119.30,$158.18,0,,1,0,0,$6.48,Raymond,California,United States,Credit Card
2845-KDHVX,Stayed,0,31,,,5,5425,57,Female,0,64,Two Year,$68.30,"$4,378.80","$5,869.36",1,DSL,1,1,25,$23.29,Sheridan,California,United States,Credit Card
4816-JBHOV,Churned,1,91,Competitor,Competitor offered more data,1,4618,72,Male,1,2,Month-to-Month,$44.70,$93.70,$176.56,1,Cable,1,1,20,$41.43,Los Angeles,California,United States,Bank Withdrawal
1813-JLKWR,Stayed,0,31,,,5,5384,47,Female,0,64,One Year,$19.80,"$1,336.65","$2,824.65",0,,1,0,0,$23.25,Orange,California,United States,Bank Withdrawal
5995-WWKKG,Stayed,0,31,,,5,5987,62,Female,0,37,One Year,$19.80,$695.05,"$1,811.34",0,,1,0,0,$30.17,Running Springs,California,United States,Bank Withdrawal
4365-MSDYN,Stayed,0,31,,,5,4909,38,Male,0,8,Month-to-Month,$19.55,$161.15,$339.87,0,,1,0,0,$22.34,San Clemente,California,United States,Bank Withdrawal
4868-AADLV,Stayed,0,31,,,3,4578,77,Male,1,66,One Year,$116.25,"$7,862.25","$8,078.07",1,Fiber Optic,1,1,10,$3.27,Durham,California,United States,Bank Withdrawal
9812-GHVRI,Stayed,0,31,,,4,4294,50,Female,0,40,Month-to-Month,$83.85,"$3,532.25","$4,878.65",1,Fiber Optic,1,1,20,$33.66,Clements,California,United States,Bank Withdrawal
3589-PPVKW,Stayed,0,31,,,4,5457,19,Male,0,9,Month-to-Month,$44.40,$348.15,$696.00,1,DSL,1,1,26,$38.65,Pomona,California,United States,Credit Card
4815-GBTCD,Stayed,0,31,,,4,3891,55,Female,0,4,Month-to-Month,$25.15,$99.95,$99.95,1,DSL,0,1,29,$0.00,Wishon,California,United States,Bank Withdrawal
6976-BWGLQ,Stayed,0,31,,,3,4382,64,Female,0,72,Two Year,$25.20,"$1,787.35","$4,616.95",0,,1,0,0,$39.30,Pomona,California,United States,Bank Withdrawal
4819-HJPIW,Stayed,0,31,,,3,2675,32,Male,0,18,Month-to-Month,$25.15,$476.80,$476.80,1,DSL,0,1,8,$0.00,Avery,California,United States,Credit Card
6402-EJMWF,Stayed,0,31,,,4,3684,33,Male,0,4,Month-to-Month,$55.30,$238.50,$322.62,1,DSL,1,1,3,$21.03,San Jacinto,California,United States,Credit Card
1478-VPOAD,Joined,0,31,,,5,4633,39,Female,0,1,Month-to-Month,$43.80,$43.80,$81.30,1,DSL,1,1,3,$37.50,Calpine,California,United States,Bank Withdrawal
2197-OMWGI,Stayed,0,31,,,4,5583,65,Female,1,68,Two Year,$53.00,"$3,656.25","$3,656.25",1,DSL,0,1,23,$0.00,Los Angeles,California,United States,Bank Withdrawal
1396-QWFBJ,Churned,1,91,Dissatisfaction,Lack of self-service on Website,3,5630,32,Female,0,21,Month-to-Month,$74.05,"$1,565.70","$1,672.17",1,Fiber Optic,1,1,26,$5.07,Rancho Santa Margarita,California,United States,Bank Withdrawal
3785-NRHYR,Joined,0,31,,,3,3192,40,Male,0,1,Month-to-Month,$19.65,$19.65,$36.56,0,,1,0,0,$16.91,Bridgeport,California,United States,Credit Card
0475-RIJEP,Churned,1,91,Price,Lack of affordable download/upload speed,1,5107,47,Male,0,43,Month-to-Month,$77.85,"$3,365.85","$5,478.44",1,Fiber Optic,1,1,25,$49.13,Pinecrest,California,United States,Bank Withdrawal
3571-RFHAR,Churned,1,91,Attitude,Attitude of support person,2,6001,60,Male,0,65,Month-to-Month,$109.15,"$6,941.20","$7,689.60",1,Fiber Optic,1,0,4,$9.36,Santa Paula,California,United States,Bank Withdrawal
4959-JOSRX,Churned,1,91,Price,Lack of affordable download/upload speed,2,4884,41,Female,0,2,Month-to-Month,$44.60,$80.55,$140.93,1,Cable,1,1,16,$30.19,La Puente,California,United States,Credit Card
7758-UJWYS,Stayed,0,31,,,5,3897,31,Male,0,34,Two Year,$40.55,"$1,325.85","$1,325.85",1,DSL,0,1,29,$0.00,Millbrae,California,United States,Bank Withdrawal
3011-WQKSZ,Stayed,0,31,,,3,5188,41,Male,0,19,Month-to-Month,$20.00,$377.55,$835.45,0,,1,0,0,$24.10,Foresthill,California,United States,Bank Withdrawal
9500-LTVBP,Stayed,0,31,,,5,3999,63,Female,0,35,Month-to-Month,$80.05,"$2,835.90","$3,295.80",1,Fiber Optic,1,1,6,$13.14,Rancho Palos Verdes,California,United States,Credit Card
3566-HJGPK,Joined,0,31,,,4,3173,50,Male,0,1,Month-to-Month,$45.55,$45.55,$61.89,1,DSL,1,1,4,$16.34,Woodland Hills,California,United States,Mailed Check
5975-BAICR,Stayed,0,31,,,3,2504,36,Male,0,36,One Year,$63.70,"$2,188.50","$3,896.70",1,DSL,1,1,14,$47.45,Yountville,California,United States,Credit Card
6368-TZZDT,Stayed,0,31,,,4,5390,62,Male,0,4,Two Year,$19.50,$96.85,$111.13,0,,1,0,0,$3.57,Vacaville,California,United States,Credit Card
3569-EDBPQ,Stayed,0,31,,,3,2198,44,Female,0,24,Month-to-Month,$84.35,"$1,938.05","$2,557.49",1,Fiber Optic,1,1,3,$25.81,Pine Grove,California,United States,Bank Withdrawal
2931-VUVJN,Stayed,0,30,,,3,5061,71,Female,1,59,One Year,$94.05,"$5,483.90","$6,643.16",1,Fiber Optic,1,0,13,$19.14,Murrieta,California,United States,Bank Withdrawal
3662-FXJFO,Stayed,0,30,,,5,5946,44,Female,0,54,Two Year,$20.50,"$1,035.70","$1,620.52",0,,1,0,0,$10.83,Redondo Beach,California,United States,Credit Card
5047-LHVLY,Churned,1,91,Competitor,Competitor made better offer,2,3438,68,Male,1,1,Month-to-Month,$50.15,$50.15,$89.93,1,Cable,1,1,12,$39.78,San Diego,California,United States,Mailed Check
1285-OKIPP,Churned,1,91,Attitude,Attitude of support person,2,3394,62,Male,0,1,Month-to-Month,$79.90,$79.90,$103.10,1,Fiber Optic,1,1,21,$23.20,Mission Hills,California,United States,Bank Withdrawal
9242-TKFSV,Stayed,0,30,,,4,4969,53,Male,0,72,Two Year,$65.10,"$4,754.30","$4,754.30",1,DSL,0,1,15,$0.00,Browns Valley,California,United States,Credit Card
5804-HYIEZ,Stayed,0,30,,,4,4583,40,Male,0,70,Month-to-Month,$106.05,"$7,554.05","$10,373.65",1,Fiber Optic,1,1,13,$40.28,Winterhaven,California,United States,Bank Withdrawal
0277-ORXQS,Stayed,0,30,,,4,4652,33,Male,0,66,Two Year,$50.55,"$3,364.55","$3,474.55",1,Cable,0,0,23,$0.00,San Francisco,California,United States,Bank Withdrawal
2824-DXNKN,Stayed,0,30,,,3,5656,26,Female,0,72,Two Year,$71.45,"$5,025.85","$7,833.13",1,Cable,1,1,73,$38.99,Santa Cruz,California,United States,Bank Withdrawal
2186-QZEYA,Stayed,0,30,,,3,2044,68,Female,1,29,Two Year,$58.55,"$1,718.95","$1,943.37",1,DSL,1,1,22,$8.88,San Leandro,California,United States,Bank Withdrawal
5446-DKWYW,Stayed,0,30,,,4,6238,74,Female,1,61,One Year,$65.20,"$3,965.05","$6,362.96",1,DSL,1,1,10,$39.31,San Francisco,California,United States,Bank Withdrawal
2165-VOEGB,Churned,1,91,Other,Don't know,2,3322,23,Female,0,46,One Year,$105.20,"$4,822.85","$6,802.69",1,Fiber Optic,1,1,71,$43.04,Burbank,California,United States,Bank Withdrawal
7133-VBDCG,Churned,1,91,Competitor,Competitor made better offer,2,4535,54,Female,0,25,Month-to-Month,$79.85,"$2,015.35","$2,685.60",1,Fiber Optic,1,1,12,$26.81,San Diego,California,United States,Bank Withdrawal
6427-FEFIG,Stayed,0,30,,,4,2939,63,Female,0,24,Two Year,$78.60,"$1,846.65","$2,360.97",1,DSL,1,1,56,$21.43,South San Francisco,California,United States,Credit Card
9199-PWQVC,Stayed,0,30,,,3,4010,38,Female,0,63,One Year,$79.70,"$4,786.15","$7,908.19",1,Cable,1,0,24,$49.08,San Francisco,California,United States,Credit Card
0603-TPMIB,Stayed,0,30,,,4,4746,40,Female,0,59,Two Year,$25.45,"$1,534.05","$4,033.88",0,,1,0,0,$42.37,San Simeon,California,United States,Credit Card
9501-UKKNL,Stayed,0,30,,,3,6107,43,Male,0,59,Month-to-Month,$51.70,"$3,005.80","$3,005.80",1,DSL,0,1,7,$0.00,Diamond Bar,California,United States,Bank Withdrawal
3987-KQDDU,Stayed,0,30,,,3,4990,58,Male,0,9,Month-to-Month,$75.60,$661.55,$851.54,1,Fiber Optic,1,1,6,$21.11,Sonoma,California,United States,Bank Withdrawal
9224-VTYID,Stayed,0,30,,,3,3413,30,Male,0,47,Two Year,$90.50,"$4,318.35","$4,870.13",1,DSL,1,1,48,$11.74,Walnut Grove,California,United States,Mailed Check
1371-DWPAZ,Stayed,0,30,,,4,4740,64,Female,0,10,Two Year,$56.05,$560.50,$560.50,1,DSL,0,1,8,$0.00,Redcrest,California,United States,Credit Card
7450-NWRTR,Churned,1,91,Competitor,Competitor made better offer,3,2819,76,Male,1,12,Month-to-Month,$99.45,"$1,200.15","$1,462.83",1,Fiber Optic,1,1,26,$21.89,San Diego,California,United States,Bank Withdrawal
4640-UHDOS,Churned,1,91,Competitor,Competitor had better devices,1,4498,60,Female,0,13,Month-to-Month,$55.95,$734.35,$982.00,1,DSL,1,1,27,$19.05,Phelan,California,United States,Bank Withdrawal
4501-UYKBC,Stayed,0,30,,,3,3856,65,Female,1,46,One Year,$69.10,"$3,255.35","$3,993.19",1,DSL,1,1,26,$16.04,Igo,California,United States,Credit Card
5383-MMTWC,Churned,1,91,Dissatisfaction,Limited range of services,3,4819,75,Female,1,8,Month-to-Month,$84.00,$613.40,$981.80,1,Fiber Optic,1,1,22,$46.05,Oakley,California,United States,Bank Withdrawal
2519-ERQOJ,Stayed,0,30,,,4,5322,74,Male,1,33,One Year,$54.60,"$1,803.70","$1,803.70",1,Cable,0,1,11,$0.00,Desert Hot Springs,California,United States,Bank Withdrawal
8639-NHQEI,Stayed,0,30,,,3,4213,26,Female,0,72,Two Year,$95.90,"$6,954.15","$7,807.35",1,Fiber Optic,1,1,59,$11.85,Seiad Valley,California,United States,Bank Withdrawal
4086-WITJG,Stayed,0,30,,,5,4808,53,Male,0,71,Two Year,$19.70,"$1,301.10","$2,356.16",0,,1,0,0,$14.86,Los Angeles,California,United States,Credit Card
8086-OVPWV,Churned,1,91,Competitor,Competitor made better offer,1,2384,58,Male,0,2,Month-to-Month,$80.20,$181.10,$244.04,1,Fiber Optic,1,0,10,$26.47,San Diego,California,United States,Bank Withdrawal
7691-KGKGP,Stayed,0,30,,,3,5534,31,Male,0,53,Month-to-Month,$65.00,"$3,363.80","$3,475.63",1,DSL,1,1,19,$2.11,Aliso Viejo,California,United States,Credit Card
0970-ETWGE,Churned,1,91,Competitor,Competitor had better devices,2,4996,38,Male,0,1,Month-to-Month,$89.55,$89.55,$132.01,1,Cable,1,1,27,$42.46,Bodfish,California,United States,Bank Withdrawal
0533-BNWKF,Churned,1,91,Competitor,Competitor made better offer,1,5502,66,Female,1,55,Month-to-Month,$85.45,"$4,874.70","$7,319.80",1,Fiber Optic,1,0,27,$42.82,San Diego,California,United States,Bank Withdrawal
2466-FCCPT,Stayed,0,30,,,5,4910,50,Female,0,20,One Year,$19.70,$395.60,$541.80,0,,1,0,0,$7.31,North Fork,California,United States,Bank Withdrawal
9052-DHNKM,Stayed,0,30,,,3,5156,23,Male,0,26,One Year,$61.55,"$1,581.95","$2,570.99",1,DSL,1,1,73,$38.04,Redondo Beach,California,United States,Bank Withdrawal
0702-PGIBZ,Churned,1,91,Competitor,Competitor made better offer,2,2777,28,Male,0,4,Month-to-Month,$101.70,$364.55,$467.71,1,Fiber Optic,1,1,85,$26.16,Dutch Flat,California,United States,Bank Withdrawal
5214-NLTIT,Stayed,0,30,,,3,6188,22,Male,0,72,Two Year,$90.80,"$6,511.80","$8,278.20",1,Fiber Optic,1,0,59,$23.70,Five Points,California,United States,Credit Card
7801-CEDNV,Stayed,0,30,,,3,3560,33,Male,0,27,One Year,$48.70,"$1,421.75","$1,665.02",1,DSL,1,1,5,$9.01,Inglewood,California,United States,Credit Card
5188-HGMLP,Stayed,0,30,,,5,4991,73,Male,1,54,Month-to-Month,$74.00,"$3,919.15","$5,817.79",1,Fiber Optic,1,1,5,$35.16,Middletown,California,United States,Bank Withdrawal
2273-QCKXA,Joined,0,30,,,3,3178,39,Male,0,1,Month-to-Month,$49.05,$49.05,$74.82,1,Cable,1,1,5,$25.77,Culver City,California,United States,Credit Card
5028-HTLJB,Churned,1,91,Price,Long distance charges,1,3491,69,Male,1,1,Month-to-Month,$20.05,$20.05,$39.92,0,,1,0,0,$19.87,New Cuyama,California,United States,Credit Card
1670-SVOWZ,Churned,1,91,Competitor,Competitor had better devices,1,2504,57,Female,0,14,Month-to-Month,$89.65,"$1,208.35","$1,435.03",1,Fiber Optic,1,0,3,$7.62,Mira Loma,California,United States,Credit Card
0946-CLJTI,Churned,1,91,Competitor,Competitor had better devices,1,4662,67,Male,1,58,Month-to-Month,$98.70,"$5,812.60","$5,997.04",1,Fiber Optic,1,1,5,$3.18,Palmdale,California,United States,Bank Withdrawal
1763-KUAAW,Stayed,0,30,,,4,4713,77,Female,1,18,One Year,$20.35,$369.60,"$1,045.14",0,,1,0,0,$37.53,Junction City,California,United States,Bank Withdrawal
4718-WXBGI,Stayed,0,30,,,4,4403,21,Male,0,72,Two Year,$91.95,"$6,614.90","$8,566.10",1,Cable,1,1,59,$27.10,Twain Harte,California,United States,Credit Card
1328-EUZHC,Stayed,0,30,,,4,4329,59,Female,0,18,Two Year,$20.10,$370.50,$830.22,0,,1,0,0,$25.54,Carson,California,United States,Credit Card
4641-FROLU,Stayed,0,30,,,4,4453,49,Female,0,30,Two Year,$19.30,$602.90,$950.90,0,,1,0,0,$11.60,La Honda,California,United States,Credit Card
1205-WNWPJ,Churned,1,91,Other,Moved,3,4661,54,Female,0,7,Month-to-Month,$59.50,$415.95,$431.63,1,DSL,1,1,22,$2.24,Lakehead,California,United States,Credit Card
8034-RYTVV,Stayed,0,30,,,4,5735,19,Female,0,55,One Year,$84.25,"$4,589.85","$7,056.60",1,Fiber Optic,1,1,48,$44.85,Rancho Santa Margarita,California,United States,Credit Card
1852-XEMDW,Stayed,0,30,,,4,4709,20,Male,0,22,Month-to-Month,$65.05,"$1,427.55","$2,400.71",1,DSL,1,0,47,$43.78,Mad River,California,United States,Credit Card
5671-RQRLP,Stayed,0,30,,,4,4181,72,Female,1,70,Two Year,$75.65,"$5,411.40","$6,566.63",1,Fiber Optic,1,1,3,$16.87,Fowler,California,United States,Credit Card
2888-ADFAO,Stayed,0,30,,,4,2861,47,Female,0,47,Two Year,$21.30,"$1,041.80","$1,227.45",0,,1,0,0,$3.95,Palmdale,California,United States,Bank Withdrawal
4198-VFOEA,Stayed,0,30,,,3,2990,58,Female,0,12,One Year,$33.60,$435.45,$435.45,1,DSL,0,1,19,$0.00,Stanford,California,United States,Mailed Check
2195-VVRJF,Stayed,0,30,,,3,2422,74,Male,1,18,Two Year,$59.10,"$1,011.05","$1,083.14",1,DSL,1,1,13,$5.73,Los Angeles,California,United States,Credit Card
2933-FILNV,Churned,1,91,Dissatisfaction,Lack of self-service on Website,3,2635,53,Female,0,2,Month-to-Month,$24.40,$36.55,$36.55,1,DSL,0,1,52,$0.00,Carlsbad,California,United States,Credit Card
4726-DLWQN,Stayed,0,30,,,3,5596,69,Male,1,50,Month-to-Month,$70.35,"$3,454.60","$4,816.10",1,DSL,1,0,23,$25.23,Live Oak,California,United States,Bank Withdrawal
8819-WFGGJ,Stayed,0,30,,,3,4601,42,Male,0,68,Two Year,$54.10,"$3,794.50","$3,794.50",1,Cable,0,1,16,$0.00,Grimes,California,United States,Bank Withdrawal
5712-PTIWW,Churned,1,91,Dissatisfaction,Service dissatisfaction,2,3280,46,Male,0,2,Month-to-Month,$79.85,$152.45,$184.73,1,Fiber Optic,1,1,2,$16.14,Mcarthur,California,United States,Bank Withdrawal
7020-OZKXZ,Stayed,0,30,,,3,3021,65,Female,1,9,Two Year,$75.50,$637.40,$862.04,1,Fiber Optic,1,1,9,$24.96,Vista,California,United States,Credit Card
2672-OJQZP,Joined,0,30,,,5,4118,35,Female,0,1,Month-to-Month,$44.75,$44.75,$85.62,1,Cable,1,1,21,$40.87,Stockton,California,United States,Credit Card
2925-MXLSX,Stayed,0,30,,,5,4403,37,Female,0,30,One Year,$68.95,"$2,038.70","$2,717.90",1,DSL,1,1,18,$22.64,Chula Vista,California,United States,Credit Card
2625-TRCZQ,Stayed,0,30,,,3,5528,21,Female,0,51,Month-to-Month,$49.65,"$2,553.35","$2,553.35",1,DSL,0,1,42,$0.00,Auburn,California,United States,Bank Withdrawal
4312-KFRXN,Stayed,0,30,,,3,5512,61,Male,0,72,Two Year,$25.40,"$1,710.90","$4,179.78",0,,1,0,0,$34.29,Bradley,California,United States,Credit Card
6440-DKQGE,Stayed,0,30,,,5,4320,52,Male,0,30,One Year,$64.50,"$1,929.95","$2,766.35",1,Cable,1,0,6,$27.88,Carson,California,United States,Credit Card
9746-YKGXB,Stayed,0,30,,,3,6340,48,Male,0,52,One Year,$44.25,"$2,276.10","$2,252.60",1,DSL,0,1,19,$0.00,Sacramento,California,United States,Bank Withdrawal
0463-WZZKO,Joined,0,30,,,5,2406,23,Male,0,3,Month-to-Month,$20.75,$67.10,$116.27,0,,1,0,0,$16.39,Van Nuys,California,United States,Credit Card
1455-UGQVH,Churned,1,91,Dissatisfaction,Lack of self-service on Website,2,4501,35,Male,0,10,Month-to-Month,$98.50,"$1,037.75","$1,048.65",1,Fiber Optic,1,1,18,$1.09,Acampo,California,United States,Bank Withdrawal
3178-FESZO,Churned,1,91,Other,Don't know,1,5797,45,Female,0,1,Month-to-Month,$100.25,$100.25,$120.48,1,Fiber Optic,1,1,17,$20.23,Clements,California,United States,Credit Card
5681-LLOEI,Stayed,0,30,,,3,5884,59,Male,0,43,One Year,$91.25,"$4,013.80","$5,803.77",1,Fiber Optic,1,1,25,$42.22,Encino,California,United States,Credit Card
5536-RTPWK,Churned,1,91,Competitor,Competitor offered higher download speeds,2,5157,54,Male,0,49,Month-to-Month,$99.05,"$4,853.75","$5,843.03",1,Fiber Optic,1,1,22,$20.48,Sausalito,California,United States,Bank Withdrawal
2194-IIQOF,Stayed,0,30,,,3,4658,38,Female,0,71,Two Year,$89.30,"$6,388.65","$7,801.55",1,DSL,1,1,27,$19.90,Sunnyvale,California,United States,Credit Card
9499-XPZXM,Stayed,0,30,,,3,4675,45,Female,0,72,Two Year,$64.75,"$4,804.75","$5,901.31",1,DSL,1,1,26,$15.23,Burnt Ranch,California,United States,Bank Withdrawal
6101-IMRMM,Churned,1,91,Dissatisfaction,Network reliability,2,3469,53,Male,0,6,Month-to-Month,$94.50,$575.45,$684.93,1,Fiber Optic,1,0,17,$16.58,El Segundo,California,United States,Mailed Check
8434-PNQZX,Stayed,0,30,,,4,3192,56,Female,0,42,Two Year,$78.45,"$3,373.40","$4,224.74",1,DSL,1,1,15,$20.27,Marina Del Rey,California,United States,Credit Card
2082-OJVTK,Churned,1,91,Competitor,Competitor made better offer,1,5292,25,Male,0,29,Month-to-Month,$89.20,"$2,698.35","$2,814.35",1,Fiber Optic,1,1,48,$4.00,San Diego,California,United States,Bank Withdrawal
3068-OMWZA,Churned,1,91,Competitor,Competitor made better offer,1,3106,77,Male,1,1,Month-to-Month,$88.80,$88.80,$148.40,1,Fiber Optic,1,0,20,$49.60,Round Mountain,California,United States,Bank Withdrawal
1902-XBTFB,Churned,1,91,Dissatisfaction,Lack of self-service on Website,2,5438,39,Male,0,22,Month-to-Month,$89.40,"$2,001.50","$2,872.26",1,Fiber Optic,1,1,12,$39.58,North Hollywood,California,United States,Bank Withdrawal
3482-ABPKK,Stayed,0,30,,,3,5271,19,Female,0,28,One Year,$54.30,"$1,546.30","$2,492.06",1,DSL,1,0,48,$28.42,Nuevo,California,United States,Credit Card
0750-EBAIU,Stayed,0,29,,,3,4770,43,Male,0,52,One Year,$91.25,"$4,738.30","$6,366.42",1,Fiber Optic,1,1,12,$31.31,Temecula,California,United States,Bank Withdrawal
0139-IVFJG,Joined,0,29,,,3,5361,19,Female,0,2,Month-to-Month,$90.35,$190.50,$199.80,1,Fiber Optic,1,1,53,$4.65,Temecula,California,United States,Bank Withdrawal
6051-PTVNS,Stayed,0,29,,,3,5390,31,Female,0,55,One Year,$19.15,$998.10,"$2,521.60",0,,1,0,0,$27.70,Bodfish,California,United States,Credit Card
1936-CZAKF,Stayed,0,29,,,4,4283,22,Male,0,49,Two Year,$49.65,"$2,409.90","$2,409.90",1,Cable,0,1,27,$0.00,Graton,California,United States,Credit Card
1698-XFZCI,Stayed,0,29,,,3,5364,30,Male,0,61,One Year,$107.75,"$6,521.90","$9,108.30",1,Fiber Optic,1,1,71,$42.40,Artesia,California,United States,Bank Withdrawal
6551-VLJMV,Stayed,0,29,,,3,2236,44,Male,0,34,Two Year,$20.05,$679.00,$829.28,0,,1,0,0,$4.42,Hemet,California,United States,Credit Card
0440-MOGPM,Stayed,0,29,,,3,4176,51,Female,0,41,One Year,$80.55,"$3,263.90","$3,516.46",1,DSL,1,1,12,$6.16,Petaluma,California,United States,Bank Withdrawal
7975-TZMLR,Stayed,0,29,,,4,5029,37,Male,0,47,One Year,$103.10,"$4,889.30","$5,671.38",1,Fiber Optic,1,1,8,$16.64,Reedley,California,United States,Bank Withdrawal
0347-UBKUZ,Stayed,0,29,,,4,3366,46,Female,0,15,Month-to-Month,$19.90,$320.45,$361.55,0,,1,0,0,$2.74,San Mateo,California,United States,Mailed Check
7005-CYUIL,Stayed,0,29,,,3,4964,78,Female,1,71,Two Year,$99.40,"$7,168.25","$8,038.71",1,Fiber Optic,1,1,3,$12.26,Laytonville,California,United States,Bank Withdrawal
1015-JPFYW,Stayed,0,29,,,3,5084,47,Male,0,7,One Year,$19.45,$136.75,$480.87,0,,1,0,0,$49.16,Clements,California,United States,Credit Card
9866-QEVEE,Churned,1,91,Competitor,Competitor had better devices,1,4857,58,Male,0,19,Month-to-Month,$86.00,"$1,532.45","$1,950.24",1,Fiber Optic,1,0,11,$20.41,Modesto,California,United States,Bank Withdrawal
1564-NTYXF,Churned,1,91,Attitude,Attitude of support person,2,3363,79,Female,1,13,Month-to-Month,$82.00,"$1,127.20","$1,185.05",1,Fiber Optic,1,1,25,$4.45,San Marcos,California,United States,Bank Withdrawal
7142-HVGBG,Churned,1,91,Competitor,Competitor had better devices,1,2505,73,Male,1,43,Month-to-Month,$103.00,"$4,414.30","$5,163.79",1,Fiber Optic,1,1,26,$17.43,Mount Laguna,California,United States,Bank Withdrawal
6927-WTFIV,Churned,1,91,Attitude,Attitude of service provider,2,3684,78,Male,1,20,Month-to-Month,$71.30,"$1,389.20","$1,503.40",1,Fiber Optic,1,1,22,$5.71,Redwood City,California,United States,Credit Card
9127-FHJBZ,Stayed,0,29,,,3,4558,60,Male,0,72,Two Year,$114.00,"$8,093.15","$10,430.99",1,Fiber Optic,1,1,76,$32.47,Vallecito,California,United States,Bank Withdrawal
7228-OMTPN,Churned,1,91,Other,Don't know,3,2456,32,Male,0,4,Month-to-Month,$88.45,$370.65,$567.21,1,Fiber Optic,1,1,15,$49.14,Santa Barbara,California,United States,Bank Withdrawal
5376-PCKNB,Stayed,0,29,,,5,4750,35,Male,0,72,One Year,$104.45,"$7,459.00","$8,848.28",1,Fiber Optic,1,0,12,$17.49,Montclair,California,United States,Credit Card
0056-EPFBG,Stayed,0,29,,,3,3899,33,Male,0,20,Two Year,$39.40,$825.40,$825.40,1,Cable,0,1,22,$0.00,Redding,California,United States,Credit Card
3794-NFNCH,Stayed,0,29,,,4,4715,53,Male,0,30,Month-to-Month,$50.00,"$1,474.90","$2,169.70",1,DSL,1,1,6,$23.16,Bella Vista,California,United States,Credit Card
3847-BAERP,Stayed,0,29,,,5,4905,27,Female,0,10,Month-to-Month,$20.90,$247.00,$370.90,0,,1,0,0,$12.39,Bass Lake,California,United States,Credit Card
8676-OOQEJ,Stayed,0,29,,,4,3030,52,Male,0,4,Month-to-Month,$30.50,$118.40,$118.40,1,Cable,0,1,22,$0.00,Amboy,California,United States,Bank Withdrawal
8766-PAFNE,Stayed,0,29,,,5,5872,21,Male,0,71,Two Year,$79.10,"$5,564.85","$7,554.27",1,DSL,1,1,27,$28.02,Hayward,California,United States,Credit Card
1929-ZCBHE,Stayed,0,29,,,3,5040,27,Male,0,47,One Year,$40.30,"$1,794.80","$1,794.80",1,DSL,0,1,47,$0.00,Georgetown,California,United States,Bank Withdrawal
7421-ZLUPA,Stayed,0,29,,,3,2038,57,Female,0,8,Month-to-Month,$29.25,$226.95,$226.95,1,DSL,0,1,2,$0.00,Hanford,California,United States,Credit Card
8779-QRDMV,Churned,1,91,Competitor,Competitor offered more data,3,5433,78,Male,1,1,Month-to-Month,$39.65,$39.65,$59.65,1,DSL,0,0,8,$0.00,Los Angeles,California,United States,Bank Withdrawal
6100-FJZDG,Stayed,0,29,,,5,2403,49,Male,0,26,One Year,$20.05,$505.90,"$1,683.18",0,,1,0,0,$45.28,Olema,California,United States,Bank Withdrawal
2219-MVUSO,Churned,1,91,Other,Don't know,2,3721,59,Male,0,8,Month-to-Month,$45.15,$438.40,$722.64,1,Cable,1,1,5,$35.53,Los Angeles,California,United States,Credit Card
7677-SJJJK,Stayed,0,29,,,5,3152,26,Male,0,8,One Year,$19.90,$153.95,$541.07,0,,1,0,0,$48.39,Granite Bay,California,United States,Credit Card
7206-PQBBZ,Stayed,0,29,,,3,2848,76,Male,1,11,Two Year,$70.20,$834.70,"$1,103.32",1,Fiber Optic,1,1,29,$24.42,Fontana,California,United States,Bank Withdrawal
9867-XOBQA,Stayed,0,29,,,4,3461,59,Female,0,21,Two Year,$53.15,"$1,183.20","$1,164.07",1,DSL,0,1,11,$0.00,Pasadena,California,United States,Credit Card
0916-QOFDP,Stayed,0,29,,,3,3471,79,Female,1,14,Two Year,$95.80,"$1,346.30","$1,547.76",1,Fiber Optic,1,1,30,$14.39,Randsburg,California,United States,Bank Withdrawal
4560-WQAQW,Stayed,0,29,,,3,4244,62,Female,0,59,One Year,$68.70,"$4,070.95","$5,891.83",1,DSL,1,0,9,$28.32,Mount Laguna,California,United States,Bank Withdrawal
1545-ACTAS,Stayed,0,29,,,3,5921,53,Female,0,48,One Year,$99.70,"$4,977.20","$6,713.84",1,Fiber Optic,1,1,29,$36.18,West Covina,California,United States,Bank Withdrawal
0952-KMEEH,Churned,1,91,Price,Long distance charges,1,5525,46,Male,0,13,Month-to-Month,$98.15,"$1,230.25","$1,313.93",1,Fiber Optic,1,0,15,$3.36,Mountain View,California,United States,Mailed Check
9300-RENDD,Churned,1,91,Attitude,Attitude of support person,3,4815,56,Male,0,1,Month-to-Month,$79.95,$79.95,$83.08,1,Fiber Optic,1,1,5,$3.13,Cedar Glen,California,United States,Bank Withdrawal
6121-TNHBO,Stayed,0,29,,,3,5428,71,Female,1,63,One Year,$83.00,"$5,243.05","$6,227.11",1,DSL,1,1,18,$15.62,Sacramento,California,United States,Bank Withdrawal
3351-NQLDI,Churned,1,91,Price,Long distance charges,1,4348,41,Female,0,67,One Year,$94.35,"$6,341.45","$8,414.43",1,Fiber Optic,1,1,11,$30.94,Travis Afb,California,United States,Credit Card
0618-XWMSS,Churned,1,91,Price,Long distance charges,1,5392,60,Male,0,28,Month-to-Month,$74.90,"$2,068.55","$3,308.39",1,Fiber Optic,1,1,5,$44.28,Wasco,California,United States,Bank Withdrawal
7872-BAAZR,Stayed,0,29,,,5,4670,49,Female,0,53,One Year,$19.55,"$1,007.90","$2,614.33",0,,1,0,0,$30.31,Norwalk,California,United States,Bank Withdrawal
2907-ILJBN,Stayed,0,29,,,3,4047,21,Female,0,11,One Year,$20.60,$233.90,$255.02,0,,1,0,0,$1.92,Duarte,California,United States,Credit Card
2824-MYYBN,Stayed,0,29,,,4,2969,43,Female,0,37,Month-to-Month,$95.25,"$3,314.15","$3,373.35",1,Fiber Optic,1,1,11,$1.60,Bakersfield,California,United States,Bank Withdrawal
8263-OKETD,Stayed,0,29,,,5,3265,44,Female,0,20,Month-to-Month,$68.90,"$1,370.35","$1,825.35",1,Cable,1,1,11,$22.75,Caruthers,California,United States,Credit Card
7445-WMRBW,Stayed,0,29,,,4,4740,49,Female,0,48,One Year,$73.85,"$3,581.40","$4,668.12",1,DSL,1,0,3,$21.39,Hathaway Pines,California,United States,Bank Withdrawal
9495-REDIY,Stayed,0,29,,,3,5079,56,Male,0,25,One Year,$40.65,$970.55,$970.55,1,DSL,0,1,18,$0.00,Calexico,California,United States,Credit Card
2307-FYNNL,Stayed,0,29,,,3,5692,67,Male,1,65,Two Year,$109.05,"$7,108.20","$7,359.53",1,Fiber Optic,1,1,10,$4.40,La Mirada,California,United States,Bank Withdrawal
2371-JQHZZ,Stayed,0,29,,,5,5886,54,Male,0,24,Month-to-Month,$93.00,"$2,248.05","$3,413.89",1,Fiber Optic,1,0,20,$46.91,Bakersfield,California,United States,Bank Withdrawal
5686-CMAWK,Stayed,0,29,,,5,5863,41,Male,0,17,One Year,$86.75,"$1,410.25","$2,255.32",1,Fiber Optic,1,1,4,$49.71,San Diego,California,United States,Bank Withdrawal
6184-DYUOB,Joined,0,29,,,3,2941,28,Female,0,3,Month-to-Month,$19.60,$55.25,$180.95,0,,1,0,0,$41.90,Palermo,California,United States,Credit Card
8748-HFWBO,Stayed,0,29,,,5,5964,49,Male,0,19,One Year,$19.90,$357.70,$974.63,0,,1,0,0,$32.47,Camino,California,United States,Credit Card
2862-PFNIK,Joined,0,29,,,4,3518,47,Male,0,1,Month-to-Month,$24.70,$24.70,$24.70,1,Cable,0,0,21,$0.00,San Leandro,California,United States,Bank Withdrawal
2530-ENDWQ,Churned,1,91,Competitor,Competitor offered more data,3,4296,55,Female,0,71,Two Year,$93.70,"$6,585.35","$9,462.27",1,Fiber Optic,1,1,17,$40.52,Rio Dell,California,United States,Bank Withdrawal
2645-QTLMB,Churned,1,91,Dissatisfaction,Network reliability,3,5267,22,Male,0,7,Month-to-Month,$94.25,$669.00,$753.35,1,Fiber Optic,1,1,69,$12.05,Bloomington,California,United States,Bank Withdrawal
4658-HCOHW,Churned,1,91,Competitor,Competitor had better devices,1,3123,52,Female,0,21,Month-to-Month,$102.80,"$2,110.15","$2,460.22",1,Fiber Optic,1,1,3,$16.67,Redwood Valley,California,United States,Bank Withdrawal
0526-SXDJP,Stayed,0,29,,,4,6091,36,Male,0,72,Two Year,$42.10,"$2,962.00","$2,962.00",1,Cable,0,1,17,$0.00,Bell,California,United States,Bank Withdrawal
2640-PMGFL,Churned,1,91,Price,Lack of affordable download/upload speed,1,2518,35,Male,0,27,Month-to-Month,$79.50,"$2,180.55","$2,847.99",1,Fiber Optic,1,1,29,$24.72,West Sacramento,California,United States,Bank Withdrawal
3253-HKOKL,Stayed,0,29,,,3,4811,31,Female,0,52,One Year,$100.30,"$5,244.45","$5,659.93",1,Fiber Optic,1,1,19,$7.99,Elk Grove,California,United States,Bank Withdrawal
9068-FHQHD,Stayed,0,29,,,5,3556,42,Female,0,40,Two Year,$20.15,$777.35,$897.75,0,,1,0,0,$3.01,Petrolia,California,United States,Bank Withdrawal
6114-TCFID,Stayed,0,29,,,3,5103,47,Female,0,29,One Year,$39.50,"$1,082.75","$1,082.75",1,Cable,0,1,28,$0.00,Pismo Beach,California,United States,Credit Card
8138-EALND,Stayed,0,29,,,5,4123,35,Male,0,15,Month-to-Month,$19.75,$311.60,$363.95,0,,1,0,0,$3.49,Laguna Hills,California,United States,Credit Card
3898-BSJYF,Stayed,0,29,,,3,4434,23,Female,0,10,One Year,$73.55,$693.30,$835.70,1,Cable,1,1,26,$14.24,Herlong,California,United States,Credit Card
7706-DZNKK,Stayed,0,29,,,4,2642,63,Male,0,11,Month-to-Month,$20.45,$237.30,$727.13,0,,1,0,0,$44.53,Palmdale,California,United States,Credit Card
5756-OZRIO,Stayed,0,29,,,4,4001,73,Male,1,61,One Year,$64.05,"$3,902.60","$5,991.24",1,DSL,1,1,20,$34.24,Riverside,California,United States,Bank Withdrawal
0872-CASZJ,Stayed,0,29,,,3,4765,30,Male,0,59,One Year,$69.10,"$4,096.90","$5,306.40",1,Cable,1,1,53,$20.50,Hamilton City,California,United States,Credit Card
5696-EXCYS,Stayed,0,29,,,4,5347,50,Male,0,17,Two Year,$19.45,$369.05,"$1,037.83",0,,1,0,0,$39.34,Hood,California,United States,Credit Card
4432-ADRLB,Churned,1,91,Competitor,Competitor made better offer,1,4655,46,Male,0,2,Month-to-Month,$44.65,$74.90,$134.70,1,DSL,1,0,11,$24.90,Fallbrook,California,United States,Mailed Check
6322-PJJDJ,Stayed,0,29,,,4,4252,58,Male,0,49,Two Year,$94.80,"$4,690.65","$6,539.35",1,Fiber Optic,1,0,9,$36.30,Markleeville,California,United States,Bank Withdrawal
5329-KRDTM,Stayed,0,29,,,4,6202,73,Male,1,72,Two Year,$77.35,"$5,396.25","$7,821.21",1,DSL,1,1,10,$33.68,Long Barn,California,United States,Credit Card
8909-BOLNL,Joined,0,29,,,5,2088,40,Male,0,3,One Year,$21.20,$52.05,$88.20,0,,1,0,0,$12.05,San Francisco,California,United States,Credit Card
4030-VPZBD,Churned,1,91,Dissatisfaction,Network reliability,2,2860,53,Female,0,2,Month-to-Month,$30.90,$59.05,$59.05,1,DSL,0,1,18,$0.00,Comptche,California,United States,Bank Withdrawal
7690-KPNCU,Stayed,0,28,,,3,4515,20,Male,0,64,One Year,$73.05,"$4,688.65","$6,393.61",1,DSL,1,1,71,$26.64,Willow Creek,California,United States,Credit Card
3811-VBYBZ,Churned,1,91,Competitor,Competitor had better devices,1,2031,61,Male,0,7,Month-to-Month,$99.80,$673.25,"$1,012.46",1,Fiber Optic,1,0,2,$47.03,Lytle Creek,California,United States,Bank Withdrawal
7239-HZZCX,Churned,1,91,Competitor,Competitor made better offer,3,4851,21,Male,0,1,Month-to-Month,$19.75,$19.75,$49.08,0,,1,0,0,$29.33,Lancaster,California,United States,Credit Card
3804-RVTGV,Churned,1,91,Price,Price too high,2,5812,55,Male,0,50,Month-to-Month,$103.85,"$5,017.90","$7,128.40",1,Fiber Optic,1,1,14,$42.21,Mountain View,California,United States,Bank Withdrawal
1928-BXYIV,Joined,0,28,,,4,4592,47,Male,0,1,Month-to-Month,$61.15,$61.15,$78.22,1,DSL,1,1,3,$17.07,Placerville,California,United States,Bank Withdrawal
2452-KDRRH,Stayed,0,28,,,4,5269,76,Male,1,67,Two Year,$101.40,"$6,841.05","$9,444.00",1,Fiber Optic,1,1,19,$38.85,Mi Wuk Village,California,United States,Credit Card
7696-CFTAT,Stayed,0,28,,,3,2745,24,Male,0,37,Two Year,$19.80,$726.10,"$1,029.87",0,,1,0,0,$8.21,Diamond Bar,California,United States,Bank Withdrawal
7479-NITWS,Churned,1,91,Price,Price too high,1,4154,35,Male,0,7,Month-to-Month,$89.35,$631.85,$949.73,1,Fiber Optic,1,0,17,$36.84,Green Valley Lake,California,United States,Credit Card
3197-NNYNB,Stayed,0,28,,,3,5649,47,Male,0,65,Two Year,$105.10,"$6,631.85","$8,435.60",1,Fiber Optic,1,1,30,$27.75,Jolon,California,United States,Credit Card
8050-WYBND,Stayed,0,28,,,3,5941,55,Female,0,22,One Year,$49.45,"$1,031.40","$1,031.40",1,DSL,0,1,29,$0.00,Whittier,California,United States,Credit Card
9708-KFDBY,Joined,0,28,,,4,4801,29,Male,0,1,Month-to-Month,$20.55,$20.55,$27.87,0,,1,0,0,$7.32,Oceanside,California,United States,Credit Card
6952-OMNWB,Stayed,0,28,,,4,5581,75,Male,1,68,One Year,$80.35,"$5,589.30","$7,922.38",1,Fiber Optic,1,1,15,$34.31,Creston,California,United States,Credit Card
6967-QIQRV,Stayed,0,28,,,3,3707,23,Male,0,15,One Year,$101.90,"$1,667.25","$1,819.05",1,Fiber Optic,1,0,30,$2.12,Mission Viejo,California,United States,Bank Withdrawal
2209-XADXF,Joined,0,28,,,5,4831,40,Female,0,1,Month-to-Month,$25.25,$25.25,$35.25,1,DSL,0,0,15,$0.00,Willow Creek,California,United States,Bank Withdrawal
9639-BUJXT,Stayed,0,28,,,5,5997,50,Male,0,63,One Year,$20.50,"$1,328.15","$3,539.58",0,,1,0,0,$35.35,Santee,California,United States,Credit Card
1518-OMDIK,Stayed,0,28,,,4,2422,23,Male,0,33,Month-to-Month,$44.55,"$1,462.60","$3,062.77",1,DSL,1,1,51,$48.49,Rohnert Park,California,United States,Credit Card
8169-SAEJD,Stayed,0,28,,,3,4162,79,Male,1,69,Two Year,$56.55,"$3,952.65","$3,992.65",1,DSL,0,0,12,$0.00,Lancaster,California,United States,Credit Card
8197-BFWVU,Stayed,0,28,,,3,5197,62,Female,0,72,Two Year,$93.25,"$6,688.95","$6,812.79",1,Cable,1,1,7,$1.72,Lake Isabella,California,United States,Bank Withdrawal
5364-XYIRR,Churned,1,91,Competitor,Competitor had better devices,1,4747,44,Male,0,51,Month-to-Month,$94.65,"$4,812.75","$5,887.83",1,Fiber Optic,1,1,9,$21.08,Los Angeles,California,United States,Bank Withdrawal
6959-GQEGV,Stayed,0,28,,,4,2185,61,Male,0,45,Month-to-Month,$75.95,"$3,273.80","$3,740.00",1,DSL,1,1,6,$10.36,Canoga Park,California,United States,Bank Withdrawal
7613-LLQFO,Churned,1,91,Dissatisfaction,Limited range of services,2,3330,41,Male,0,12,Month-to-Month,$84.45,"$1,059.55","$1,207.87",1,Fiber Optic,1,1,23,$12.36,Amador City,California,United States,Bank Withdrawal
5032-MIYKT,Joined,0,28,,,3,4056,19,Female,0,1,Month-to-Month,$70.70,$70.70,$109.51,1,Fiber Optic,1,1,52,$38.81,Weott,California,United States,Credit Card
1452-VOQCH,Joined,0,28,,,3,4120,61,Male,0,1,Month-to-Month,$75.10,$75.10,$79.63,1,Fiber Optic,1,1,28,$4.53,Hinkley,California,United States,Bank Withdrawal
6986-IJDHX,Churned,1,91,Competitor,Competitor had better devices,1,3364,29,Male,0,39,Month-to-Month,$86.30,"$3,266.00","$4,835.75",1,Fiber Optic,1,1,19,$40.25,Huntington Beach,California,United States,Credit Card
1343-EHPYB,Churned,1,91,Competitor,Competitor made better offer,2,4352,61,Male,0,63,Month-to-Month,$103.40,"$6,603.00","$9,686.85",1,Fiber Optic,1,1,13,$48.95,San Diego,California,United States,Bank Withdrawal
2830-LEWOA,Stayed,0,28,,,5,4079,37,Male,0,61,One Year,$103.90,"$6,449.15","$9,077.03",1,Fiber Optic,1,1,19,$43.08,Jamestown,California,United States,Credit Card
7766-CLTIC,Stayed,0,28,,,3,4323,58,Female,0,10,Month-to-Month,$60.95,$629.55,$713.05,1,Cable,1,1,29,$8.35,Kenwood,California,United States,Credit Card
7234-KMNRQ,Stayed,0,28,,,5,4345,21,Male,0,4,Month-to-Month,$19.00,$73.45,$106.97,0,,1,0,0,$8.38,Pacific Palisades,California,United States,Credit Card
9711-FJTBX,Stayed,0,28,,,4,5058,60,Male,0,56,One Year,$85.85,"$4,793.80","$5,436.68",1,Fiber Optic,1,1,10,$11.48,Pittsburg,California,United States,Credit Card
1769-GRUIK,Stayed,0,28,,,5,4911,19,Female,0,18,Month-to-Month,$71.10,"$1,247.75","$1,447.43",1,Fiber Optic,1,0,26,$2.76,Gridley,California,United States,Bank Withdrawal
0836-SEYLU,Churned,1,91,Competitor,Competitor had better devices,1,4800,64,Male,0,9,Month-to-Month,$40.65,$328.95,$328.95,1,DSL,0,1,26,$0.00,San Diego,California,United States,Mailed Check
3719-TDVQB,Stayed,0,28,,,4,5548,68,Female,1,54,Two Year,$18.95,"$1,031.10","$2,323.86",0,,1,0,0,$23.94,Ripon,California,United States,Mailed Check
5816-JMLGY,Stayed,0,28,,,5,6367,28,Female,0,70,Two Year,$80.40,"$5,717.85","$8,502.45",1,DSL,1,1,52,$39.78,Red Bluff,California,United States,Bank Withdrawal
6103-BOCOU,Stayed,0,28,,,3,4501,37,Female,0,26,Month-to-Month,$80.70,"$2,193.00","$2,729.64",1,Fiber Optic,1,1,22,$20.64,San Francisco,California,United States,Bank Withdrawal
6848-HJTXY,Stayed,0,28,,,3,5628,41,Female,0,64,Two Year,$19.45,"$1,208.60","$2,487.32",0,,1,0,0,$19.98,Ontario,California,United States,Credit Card
3318-ISQFQ,Stayed,0,28,,,3,5409,23,Female,0,20,Month-to-Month,$19.50,$413.00,$632.40,0,,1,0,0,$10.97,Newark,California,United States,Bank Withdrawal
8108-UXRQN,Stayed,0,28,,,3,3443,23,Female,0,11,Month-to-Month,$50.55,$565.35,$565.35,1,Cable,0,1,41,$0.00,Lawndale,California,United States,Bank Withdrawal
2722-VOJQL,Churned,1,91,Other,Don't know,1,4870,30,Male,0,64,One Year,$105.65,"$6,903.10","$8,453.82",1,Fiber Optic,1,1,73,$24.23,San Diego,California,United States,Credit Card
7409-JURKQ,Stayed,0,28,,,3,5713,29,Female,0,53,One Year,$111.80,"$5,809.75","$8,026.21",1,Fiber Optic,1,1,69,$41.82,Temple City,California,United States,Bank Withdrawal
2207-RYYRL,Stayed,0,28,,,3,5535,34,Male,0,52,Two Year,$24.55,"$1,331.05","$2,867.65",0,,1,0,0,$29.55,Grass Valley,California,United States,Credit Card
5973-EJGDP,Stayed,0,28,,,5,4899,21,Male,0,51,Month-to-Month,$87.35,"$4,473.00","$4,550.01",1,Fiber Optic,1,0,52,$1.51,Palm Springs,California,United States,Bank Withdrawal
6702-OHFWR,Churned,1,91,Other,Poor expertise of online support,3,4972,75,Male,1,1,Month-to-Month,$43.30,$43.30,$43.30,1,DSL,0,1,26,$0.00,Reseda,California,United States,Bank Withdrawal
5227-JSCFE,Stayed,0,28,,,4,5421,74,Male,1,71,Two Year,$46.35,"$3,353.40","$3,334.76",1,DSL,0,1,19,$0.00,Scotts Valley,California,United States,Credit Card
7266-GSSJX,Stayed,0,28,,,5,2606,43,Male,0,11,Month-to-Month,$20.45,$250.80,$434.17,0,,1,0,0,$16.67,West Sacramento,California,United States,Bank Withdrawal
2478-EEWWM,Stayed,0,28,,,4,5905,21,Male,0,59,Month-to-Month,$44.30,"$2,666.75","$2,686.75",1,DSL,0,0,53,$0.00,Glenn,California,United States,Bank Withdrawal
3097-NNSPB,Churned,1,91,Competitor,Competitor had better devices,1,2960,42,Female,0,2,Month-to-Month,$49.05,$91.10,$160.50,1,DSL,1,0,13,$14.70,Valley Ford,California,United States,Credit Card
4351-QLCSU,Churned,1,91,Price,Long distance charges,1,3809,47,Female,0,1,Month-to-Month,$55.00,$55.00,$87.74,1,DSL,1,1,26,$32.74,Quincy,California,United States,Credit Card
7074-IEVOJ,Churned,1,91,Dissatisfaction,Product dissatisfaction,1,3501,75,Female,1,3,Month-to-Month,$79.40,$205.05,$330.75,1,Fiber Optic,1,1,11,$41.90,San Francisco,California,United States,Bank Withdrawal
6791-YBNAK,Stayed,0,28,,,3,4134,26,Male,0,18,Month-to-Month,$25.55,$467.85,$467.85,1,DSL,0,1,52,$0.00,Manteca,California,United States,Credit Card
5736-YEJAX,Stayed,0,28,,,4,5189,23,Male,0,69,Two Year,$79.45,"$5,502.55","$7,407.60",1,DSL,1,0,46,$26.45,Hemet,California,United States,Credit Card
9076-AXYIK,Stayed,0,28,,,4,6270,66,Male,1,64,Two Year,$102.10,"$6,538.45","$7,830.61",1,Fiber Optic,1,1,8,$20.19,Nipton,California,United States,Bank Withdrawal
7577-SWIFR,Joined,0,28,,,5,5579,49,Male,0,1,Month-to-Month,$89.25,$89.25,$105.89,1,Fiber Optic,1,1,2,$16.64,Glendale,California,United States,Bank Withdrawal
4623-ZKHLY,Stayed,0,28,,,4,3727,43,Male,0,22,Month-to-Month,$20.45,$471.55,$928.71,0,,1,0,0,$20.78,Ontario,California,United States,Bank Withdrawal
0827-ITJPH,Stayed,0,28,,,3,5703,33,Male,0,36,Two Year,$18.55,$689.00,$995.00,0,,1,0,0,$8.50,Los Angeles,California,United States,Credit Card
6103-QCKFX,Stayed,0,28,,,3,3918,36,Female,0,44,Month-to-Month,$56.25,"$2,419.55","$4,367.57",1,DSL,1,0,75,$43.70,Big Bar,California,United States,Bank Withdrawal
2959-FENLU,Stayed,0,28,,,5,5850,64,Female,0,9,Month-to-Month,$85.30,$781.40,"$1,226.82",1,Fiber Optic,1,0,8,$48.38,Los Gatos,California,United States,Credit Card
2460-NGXBJ,Stayed,0,28,,,5,5193,65,Male,1,11,One Year,$75.20,$775.30,"$1,090.34",1,Fiber Optic,1,1,22,$28.64,Stockton,California,United States,Credit Card
8938-UMKPI,Churned,1,91,Competitor,Competitor had better devices,1,4804,42,Female,0,47,Month-to-Month,$106.40,"$5,127.95","$6,818.54",1,Fiber Optic,1,0,25,$35.97,Corona,California,United States,Bank Withdrawal
6898-MDLZW,Stayed,0,28,,,5,5385,53,Male,0,12,Month-to-Month,$53.75,$648.65,$670.25,1,DSL,1,1,3,$1.80,Blue Lake,California,United States,Credit Card
9647-ERGBE,Churned,1,91,Competitor,Competitor had better devices,1,4664,64,Female,0,30,Month-to-Month,$100.05,"$3,046.15","$4,238.35",1,Fiber Optic,1,1,22,$39.74,Turlock,California,United States,Bank Withdrawal
4774-HHGGS,Stayed,0,28,,,4,2347,64,Male,0,30,Two Year,$19.05,$637.55,$978.95,0,,1,0,0,$11.38,Janesville,California,United States,Credit Card
0310-SUCIN,Stayed,0,28,,,3,5643,50,Female,0,71,One Year,$84.80,"$6,046.10","$7,683.36",1,Cable,1,1,6,$23.06,Darwin,California,United States,Bank Withdrawal
4119-ZYPZY,Stayed,0,28,,,3,6423,67,Male,1,71,Two Year,$106.80,"$7,623.20","$10,094.00",1,Fiber Optic,1,1,21,$34.80,Glendale,California,United States,Bank Withdrawal
5302-BDJNT,Stayed,0,27,,,3,3715,27,Male,0,35,Month-to-Month,$95.50,"$3,418.20","$5,014.90",1,Fiber Optic,1,1,59,$45.62,Sutter Creek,California,United States,Bank Withdrawal
7321-ZNSLA,Stayed,0,27,,,3,2898,58,Male,0,13,Two Year,$40.55,$590.35,$590.35,1,DSL,0,1,57,$0.00,Cottonwood,California,United States,Credit Card
1444-VVSGW,Churned,1,91,Dissatisfaction,Product dissatisfaction,2,5563,51,Male,0,70,One Year,$115.65,"$7,968.85","$9,180.75",1,Fiber Optic,1,0,20,$17.17,Los Molinos,California,United States,Credit Card
3234-VKACU,Joined,0,27,,,3,4799,21,Male,0,2,Month-to-Month,$70.30,$132.40,$179.44,1,DSL,1,1,48,$23.52,Sunol,California,United States,Bank Withdrawal
6646-QVXLR,Churned,1,91,Competitor,Competitor had better devices,1,5052,77,Male,1,62,One Year,$103.75,"$6,383.35","$6,824.17",1,Fiber Optic,1,1,16,$7.11,Napa,California,United States,Bank Withdrawal
1169-SAOCL,Stayed,0,27,,,5,5154,45,Male,0,49,One Year,$106.65,"$5,168.10","$6,401.58",1,Fiber Optic,1,0,25,$22.52,Brookdale,California,United States,Bank Withdrawal
4079-VTGLK,Stayed,0,27,,,5,5610,77,Male,1,30,Two Year,$74.85,"$2,181.75","$3,396.75",1,DSL,1,1,8,$40.50,Riverside,California,United States,Bank Withdrawal
7129-CAKJW,Stayed,0,27,,,5,3443,62,Female,0,17,Month-to-Month,$80.05,"$1,345.65","$2,109.97",1,Fiber Optic,1,1,29,$44.96,Fresno,California,United States,Bank Withdrawal
3198-VELRD,Churned,1,91,Competitor,Competitor had better devices,1,2014,47,Female,0,3,Month-to-Month,$84.75,$264.85,$379.12,1,Fiber Optic,1,1,30,$38.09,Marina Del Rey,California,United States,Bank Withdrawal
6568-POCUI,Stayed,0,27,,,5,3363,51,Female,0,45,Two Year,$95.20,"$4,285.80","$6,452.75",1,Fiber Optic,1,0,18,$48.02,Strawberry Valley,California,United States,Credit Card
8218-FFJDS,Stayed,0,27,,,3,6114,21,Female,0,72,Two Year,$86.40,"$6,058.95","$7,164.15",1,DSL,1,1,41,$15.35,Georgetown,California,United States,Bank Withdrawal
6637-KYRCV,Stayed,0,27,,,3,5973,22,Female,0,5,Month-to-Month,$30.50,$167.20,$167.20,1,DSL,0,1,59,$0.00,La Puente,California,United States,Bank Withdrawal
1459-QNFQT,Stayed,0,27,,,4,4031,21,Male,0,70,Two Year,$59.50,"$4,144.80","$4,121.08",1,DSL,0,1,30,$0.00,San Jose,California,United States,Bank Withdrawal
8696-JKZNU,Churned,1,91,Other,Don't know,3,5859,78,Female,1,37,Month-to-Month,$76.25,"$2,841.55","$3,838.70",1,Fiber Optic,1,1,17,$26.95,Anderson,California,United States,Bank Withdrawal
9489-UTFKA,Stayed,0,27,,,3,2136,76,Male,1,8,One Year,$60.90,$551.95,$714.57,1,DSL,1,1,23,$22.40,Travis Afb,California,United States,Bank Withdrawal
2256-YLYLP,Stayed,0,27,,,4,4499,45,Male,0,68,Two Year,$72.95,"$4,953.25","$7,274.09",1,DSL,1,1,25,$34.13,Cypress,California,United States,Bank Withdrawal
7607-QKKTJ,Stayed,0,27,,,4,2719,25,Male,0,45,One Year,$95.00,"$4,368.85","$5,934.10",1,Fiber Optic,1,0,69,$33.45,Loma Linda,California,United States,Credit Card
7967-HYCDE,Stayed,0,27,,,5,4946,26,Male,0,8,Month-to-Month,$70.70,$553.40,$888.84,1,Fiber Optic,1,1,59,$41.93,Spring Valley,California,United States,Bank Withdrawal
1866-RZZQS,Churned,1,91,Competitor,Competitor had better devices,1,2169,77,Male,1,41,Month-to-Month,$98.40,"$4,187.75","$5,912.21",1,Fiber Optic,1,1,21,$42.06,Redlands,California,United States,Bank Withdrawal
7343-EOBEU,Joined,0,27,,,5,5587,19,Male,0,3,Month-to-Month,$23.60,$89.05,$131.35,0,,1,0,0,$14.10,Laguna Niguel,California,United States,Credit Card
3162-ZJZFU,Stayed,0,27,,,3,4700,25,Male,0,53,Month-to-Month,$92.55,"$4,779.45","$6,068.94",1,Fiber Optic,1,1,52,$24.33,Mill Creek,California,United States,Bank Withdrawal
9798-DRYDS,Stayed,0,27,,,5,4759,52,Female,0,17,One Year,$61.95,"$1,070.70","$1,879.73",1,DSL,1,1,25,$47.59,Huntington Beach,California,United States,Mailed Check
7030-FZTFM,Stayed,0,27,,,4,6444,31,Male,0,72,Two Year,$110.90,"$7,922.75","$11,315.79",1,Fiber Optic,1,0,11,$45.32,Gonzales,California,United States,Credit Card
7639-SUPCW,Churned,1,91,Competitor,Competitor made better offer,1,2270,32,Female,0,22,Month-to-Month,$48.80,"$1,054.60","$1,161.50",1,DSL,1,0,30,$3.95,Glen Ellen,California,United States,Credit Card
4612-SSVHJ,Stayed,0,27,,,5,2416,74,Female,1,20,One Year,$81.45,"$1,671.60","$2,135.20",1,Fiber Optic,1,1,21,$23.18,Yermo,California,United States,Bank Withdrawal
6838-HVLXG,Stayed,0,27,,,3,4177,26,Female,0,12,Month-to-Month,$20.30,$246.70,$634.54,0,,1,0,0,$32.32,Keyes,California,United States,Mailed Check
6128-DAFVY,Stayed,0,27,,,5,4021,58,Female,0,56,Month-to-Month,$44.85,"$2,564.95","$2,564.95",1,DSL,0,1,23,$0.00,Willits,California,United States,Credit Card
6198-ZFIOJ,Stayed,0,27,,,3,3469,50,Female,0,5,Month-to-Month,$75.60,$402.50,$509.00,1,Fiber Optic,1,0,25,$19.30,Willits,California,United States,Bank Withdrawal
8780-YRMTT,Stayed,0,27,,,3,6435,64,Female,0,66,Two Year,$47.40,"$3,177.25","$3,177.25",1,DSL,0,0,29,$0.00,Yountville,California,United States,Mailed Check
8788-DOXSU,Stayed,0,27,,,3,6250,46,Male,0,59,One Year,$61.35,"$3,645.50","$4,217.80",1,DSL,1,1,6,$9.70,Frazier Park,California,United States,Bank Withdrawal
3750-YHRYO,Stayed,0,27,,,5,2874,64,Male,0,7,One Year,$20.65,$150.00,$297.63,0,,1,0,0,$21.09,Glendora,California,United States,Mailed Check
1963-VAUKV,Churned,1,92,Price,Long distance charges,3,3663,31,Female,0,1,Month-to-Month,$20.40,$20.40,$42.52,0,,1,0,0,$22.12,Kyburz,California,United States,Mailed Check
2868-SNELZ,Churned,1,92,Competitor,Competitor made better offer,1,2683,54,Female,0,2,Month-to-Month,$80.60,$155.80,$166.44,1,Fiber Optic,1,1,20,$5.32,San Diego,California,United States,Credit Card
5906-CVLHP,Churned,1,92,Attitude,Attitude of service provider,2,2761,60,Female,0,45,One Year,$54.15,"$2,319.80","$4,211.60",1,Cable,1,1,26,$42.04,Rowland Heights,California,United States,Credit Card
5707-ZMDJP,Stayed,0,27,,,4,4590,61,Male,0,53,Two Year,$69.70,"$3,729.60","$5,409.17",1,DSL,1,1,16,$31.69,Norwalk,California,United States,Credit Card
3597-YASZG,Stayed,0,27,,,4,5004,73,Female,1,70,Two Year,$104.45,"$7,349.35","$10,103.15",1,Fiber Optic,1,1,13,$39.34,Tustin,California,United States,Bank Withdrawal
9374-YOLBJ,Joined,0,27,,,4,2053,29,Female,0,1,Month-to-Month,$19.25,$19.25,$44.35,0,,1,0,0,$25.10,Upper Lake,California,United States,Bank Withdrawal
8490-BXHEO,Stayed,0,27,,,5,5137,67,Male,1,18,Month-to-Month,$80.55,"$1,411.65","$2,109.87",1,Fiber Optic,1,1,14,$38.79,Lucerne Valley,California,United States,Credit Card
6386-SZZKH,Churned,1,92,Competitor,Competitor made better offer,2,5785,38,Female,0,49,Two Year,$107.95,"$5,293.20","$5,609.25",1,Fiber Optic,1,1,10,$6.45,San Diego,California,United States,Bank Withdrawal
2791-SFVEW,Stayed,0,27,,,4,3772,63,Female,0,9,Month-to-Month,$20.15,$238.15,$551.26,0,,1,0,0,$34.79,Los Angeles,California,United States,Bank Withdrawal
0666-UXTJO,Stayed,0,27,,,5,5393,80,Male,1,34,Month-to-Month,$85.20,"$2,874.45","$3,882.89",1,Fiber Optic,1,1,29,$29.66,Morongo Valley,California,United States,Credit Card
1304-NECVQ,Churned,1,92,Competitor,Competitor made better offer,2,5203,69,Female,1,2,Month-to-Month,$78.55,$149.55,$237.47,1,Fiber Optic,1,1,14,$43.96,Somis,California,United States,Bank Withdrawal
2027-FECZV,Churned,1,92,Attitude,Attitude of support person,2,2406,44,Male,0,12,Month-to-Month,$106.70,"$1,253.90","$1,556.18",1,Fiber Optic,1,1,12,$25.19,Bodfish,California,United States,Bank Withdrawal
1066-JKSGK,Churned,1,92,Competitor,Competitor made better offer,1,4832,29,Male,0,1,Month-to-Month,$20.15,$20.15,$53.73,0,,1,0,0,$33.58,Los Angeles,California,United States,Credit Card
4232-JGKIY,Joined,0,27,,,4,2716,22,Male,0,1,Month-to-Month,$19.20,$19.20,$45.57,0,,1,0,0,$26.37,Los Angeles,California,United States,Bank Withdrawal
2568-BRGYX,Churned,1,92,Competitor,Competitor had better devices,1,5094,43,Male,0,4,Month-to-Month,$70.20,$237.95,$290.03,1,Fiber Optic,1,1,15,$13.02,Dixon,California,United States,Bank Withdrawal
6917-IAYHD,Joined,0,27,,,5,4369,44,Male,0,1,Month-to-Month,$33.60,$33.60,$83.60,1,Cable,0,0,19,$0.00,La Honda,California,United States,Credit Card
6683-VLCTZ,Churned,1,92,Competitor,Competitor made better offer,3,5444,73,Male,1,20,Month-to-Month,$98.55,"$1,842.80","$2,851.60",1,Fiber Optic,1,0,13,$44.44,San Diego,California,United States,Bank Withdrawal
4546-FOKWR,Stayed,0,27,,,5,3574,35,Female,0,16,Month-to-Month,$74.75,"$1,129.35","$1,298.00",1,Fiber Optic,1,1,16,$13.04,Los Gatos,California,United States,Credit Card
0623-GDISB,Joined,0,27,,,3,5838,63,Female,0,1,Month-to-Month,$48.45,$48.45,$64.87,1,Cable,1,1,21,$16.42,San Clemente,California,United States,Bank Withdrawal
6331-EWIEB,Churned,1,92,Other,Moved,2,2414,49,Male,0,20,Month-to-Month,$85.25,"$1,734.50","$1,761.70",1,Fiber Optic,1,1,25,$1.36,El Monte,California,United States,Bank Withdrawal
7349-ALMUX,Stayed,0,27,,,4,3183,35,Male,0,37,Two Year,$65.60,"$2,313.80","$3,735.71",1,Cable,1,1,30,$38.43,Rancho Cucamonga,California,United States,Bank Withdrawal
1086-LXKFY,Churned,1,92,Other,Don't know,1,4779,46,Female,0,1,Month-to-Month,$69.10,$69.10,$85.65,1,Fiber Optic,1,1,19,$16.55,Westwood,California,United States,Credit Card
2514-GINMM,Churned,1,92,Attitude,Attitude of service provider,2,4490,60,Male,0,1,Month-to-Month,$79.50,$79.50,$128.47,1,Fiber Optic,1,0,23,$48.97,Dana Point,California,United States,Bank Withdrawal
5743-KHMNA,Stayed,0,27,,,5,6305,43,Male,0,71,Two Year,$25.55,"$1,898.10","$4,672.78",0,,1,0,0,$39.08,Berkeley,California,United States,Bank Withdrawal
7198-GLXTC,Churned,1,92,Attitude,Attitude of support person,3,5239,33,Male,0,2,Month-to-Month,$79.00,$143.65,$240.97,1,Fiber Optic,1,1,21,$48.66,La Palma,California,United States,Bank Withdrawal
7636-OWBPG,Stayed,0,27,,,3,3606,79,Male,1,12,Two Year,$29.35,$381.20,$342.22,1,DSL,0,1,4,$0.00,Redding,California,United States,Credit Card
9553-DLCLU,Stayed,0,27,,,3,5407,30,Female,0,13,Two Year,$88.95,"$1,161.75","$1,643.14",1,DSL,1,1,52,$37.03,Stockton,California,United States,Credit Card
1078-TDCRN,Joined,0,27,,,5,4133,75,Female,1,3,Month-to-Month,$30.75,$82.85,$82.85,1,DSL,0,1,3,$0.00,Agoura Hills,California,United States,Bank Withdrawal
8295-KMENE,Stayed,0,27,,,4,5978,33,Female,0,59,Two Year,$76.45,"$4,519.50","$5,272.21",1,DSL,1,1,15,$13.27,Newhall,California,United States,Credit Card
6711-VTNRE,Churned,1,92,Competitor,Competitor had better devices,1,2558,42,Female,0,36,Month-to-Month,$87.55,"$3,078.10","$4,076.02",1,Fiber Optic,1,1,24,$27.72,Tranquillity,California,United States,Bank Withdrawal
2450-ZKEED,Stayed,0,27,,,5,5899,33,Female,0,11,One Year,$53.80,$651.55,$733.17,1,DSL,1,1,17,$7.42,Mammoth Lakes,California,United States,Bank Withdrawal
6242-SGYTS,Stayed,0,27,,,4,4262,19,Male,0,62,One Year,$94.95,"$5,791.85","$6,768.97",1,Fiber Optic,1,1,59,$15.76,Oakland,California,United States,Credit Card
2516-XSJKX,Stayed,0,27,,,3,5468,20,Female,0,41,Two Year,$78.45,"$3,126.45","$4,450.34",1,DSL,1,1,69,$32.29,San Juan Bautista,California,United States,Bank Withdrawal
8917-FAEMR,Stayed,0,27,,,3,3408,28,Female,0,37,Two Year,$19.85,$784.25,"$1,764.38",0,,1,0,0,$26.49,Vallejo,California,United States,Credit Card
9802-CAQUT,Stayed,0,27,,,4,5723,27,Female,0,72,Two Year,$109.55,"$7,887.25","$10,411.33",1,Fiber Optic,1,0,52,$33.39,Coarsegold,California,United States,Credit Card
4323-ELYYB,Stayed,0,27,,,3,5651,54,Male,0,13,One Year,$20.00,$218.55,$273.93,0,,1,0,0,$4.26,Likely,California,United States,Credit Card
6379-RXJRQ,Churned,1,92,Dissatisfaction,Network reliability,2,2457,42,Male,0,10,Month-to-Month,$70.10,$659.65,$845.26,1,Fiber Optic,1,1,19,$22.03,Modesto,California,United States,Bank Withdrawal
8654-DHAOW,Joined,0,27,,,5,3527,47,Female,0,2,Month-to-Month,$54.15,$101.65,$154.25,1,DSL,1,0,7,$21.30,Burson,California,United States,Credit Card
9391-DXGGG,Stayed,0,27,,,4,4368,70,Female,1,44,One Year,$89.15,"$3,990.75","$5,547.91",1,Fiber Optic,1,1,19,$35.39,Sacramento,California,United States,Credit Card
5306-BVTKJ,Stayed,0,27,,,4,3446,20,Male,0,48,One Year,$55.80,"$2,651.20","$4,489.60",1,DSL,1,1,85,$38.30,El Cajon,California,United States,Credit Card
0786-VSSUD,Churned,1,92,Competitor,Competitor had better devices,1,5692,68,Male,1,16,Month-to-Month,$39.00,$679.85,$679.85,1,DSL,0,1,24,$0.00,San Diego,California,United States,Mailed Check
4800-VHZKI,Churned,1,92,Competitor,Competitor made better offer,3,3351,59,Female,0,1,Month-to-Month,$19.90,$19.90,$56.53,0,,1,0,0,$36.63,San Diego,California,United States,Credit Card
9200-NLNPD,Stayed,0,27,,,4,6445,20,Male,0,56,One Year,$54.05,"$2,959.80","$2,999.80",1,DSL,0,0,30,$0.00,Orland,California,United States,Bank Withdrawal
1602-IJQQE,Churned,1,92,Competitor,Competitor had better devices,1,2220,42,Female,0,4,Month-to-Month,$75.35,$338.10,$454.54,1,Fiber Optic,1,1,9,$29.11,Whittier,California,United States,Bank Withdrawal
5696-JVVQY,Stayed,0,27,,,4,5476,56,Female,0,48,Two Year,$70.10,"$3,238.40","$3,482.00",1,DSL,1,0,57,$4.45,Davis,California,United States,Credit Card
1561-BWHIN,Stayed,0,27,,,5,4464,33,Male,0,19,One Year,$19.80,$344.50,$593.97,0,,1,0,0,$13.13,Maywood,California,United States,Credit Card
9074-KGVOX,Stayed,0,27,,,3,6018,44,Male,0,50,Month-to-Month,$39.45,"$2,021.35","$2,021.35",1,DSL,0,1,23,$0.00,Westport,California,United States,Credit Card
8042-JVNFH,Churned,1,92,Attitude,Attitude of support person,3,5730,23,Male,0,1,Month-to-Month,$71.35,$71.35,$106.63,1,Fiber Optic,1,1,51,$35.28,Olancha,California,United States,Credit Card
9626-VFRGG,Stayed,0,27,,,3,5984,33,Female,0,41,Month-to-Month,$88.50,"$3,645.05","$4,412.57",1,Fiber Optic,1,1,10,$18.72,Susanville,California,United States,Bank Withdrawal
1090-PYKCI,Stayed,0,27,,,3,4686,19,Female,0,69,One Year,$105.10,"$7,234.80","$8,933.18",1,Fiber Optic,1,0,48,$23.02,Boonville,California,United States,Credit Card
9693-XMUOB,Stayed,0,27,,,4,5546,65,Male,1,59,Month-to-Month,$50.25,"$2,997.45","$2,997.45",1,Cable,0,1,23,$0.00,Palo Alto,California,United States,Bank Withdrawal
9079-LWTFD,Stayed,0,27,,,3,2508,50,Male,0,47,Month-to-Month,$100.75,"$4,669.20","$6,912.51",1,Fiber Optic,1,1,25,$47.73,Pioneertown,California,United States,Credit Card
5482-VXSXJ,Stayed,0,26,,,4,4093,50,Male,0,22,Month-to-Month,$93.20,"$2,157.30","$3,180.30",1,Fiber Optic,1,1,17,$46.50,Tehama,California,United States,Credit Card
3223-DWFIO,Stayed,0,26,,,3,4140,77,Male,1,4,Two Year,$69.35,$261.65,$382.09,1,Fiber Optic,1,1,25,$30.11,Forks Of Salmon,California,United States,Bank Withdrawal
4312-GVYNH,Stayed,0,26,,,3,5460,46,Female,0,70,Two Year,$49.85,"$3,370.20","$3,370.20",1,Cable,0,1,26,$0.00,Westminster,California,United States,Bank Withdrawal
4741-WWJQZ,Joined,0,26,,,3,5251,49,Female,0,2,Month-to-Month,$80.15,$194.55,$247.71,1,Fiber Optic,1,1,23,$26.58,Forestville,California,United States,Bank Withdrawal
4849-PYRLQ,Stayed,0,26,,,3,4011,80,Female,1,56,Two Year,$73.25,"$4,054.20","$6,125.84",1,DSL,1,1,8,$37.30,Fremont,California,United States,Bank Withdrawal
0480-KYJVA,Stayed,0,26,,,4,5897,42,Female,0,72,Two Year,$24.25,"$1,784.50","$5,161.94",0,,1,0,0,$47.60,Sacramento,California,United States,Credit Card
7504-UWHNB,Stayed,0,26,,,4,3080,42,Male,0,25,Month-to-Month,$69.75,"$1,729.35","$2,832.10",1,Fiber Optic,1,0,18,$40.11,Vallejo,California,United States,Bank Withdrawal
5301-GAUUY,Churned,1,92,Competitor,Competitor had better devices,1,5974,31,Male,0,32,Month-to-Month,$80.35,"$2,596.15","$2,643.83",1,Fiber Optic,1,1,21,$1.49,Newport Beach,California,United States,Bank Withdrawal
6518-LGAOV,Churned,1,92,Other,Don't know,1,2341,60,Female,0,38,Month-to-Month,$105.00,"$4,026.40","$4,751.44",1,Fiber Optic,1,1,4,$19.08,San Diego,California,United States,Bank Withdrawal
3737-GCSPV,Churned,1,92,Competitor,Competitor had better devices,1,3101,60,Female,0,11,Month-to-Month,$96.20,"$1,222.05","$1,517.73",1,Fiber Optic,1,1,19,$26.88,Millbrae,California,United States,Credit Card
5802-ADBRC,Stayed,0,26,,,3,6100,57,Female,0,50,One Year,$104.40,"$5,232.90","$6,272.40",1,Fiber Optic,1,1,7,$20.79,San Juan Capistrano,California,United States,Mailed Check
3413-CSSTH,Stayed,0,26,,,4,5590,40,Male,0,41,Month-to-Month,$55.70,"$2,237.55","$2,508.15",1,Cable,1,1,3,$6.60,Stevinson,California,United States,Bank Withdrawal
9909-IDLEK,Stayed,0,26,,,4,3222,32,Male,0,20,Month-to-Month,$96.80,"$1,826.70","$2,667.90",1,Fiber Optic,1,1,23,$42.06,Malibu,California,United States,Credit Card
9178-JHUVJ,Stayed,0,26,,,3,4634,19,Male,0,24,Two Year,$24.10,$587.40,$614.76,0,,1,0,0,$1.14,Newbury Park,California,United States,Bank Withdrawal
8241-JUIQO,Stayed,0,26,,,4,4559,24,Female,0,61,One Year,$19.45,"$1,336.35","$2,916.86",0,,1,0,0,$25.91,Sunnyvale,California,United States,Bank Withdrawal
8815-LMFLX,Stayed,0,26,,,3,5250,61,Male,0,25,Month-to-Month,$25.40,$546.85,"$1,035.85",0,,1,0,0,$19.56,Martinez,California,United States,Bank Withdrawal
7718-UPSKJ,Stayed,0,26,,,4,4328,59,Female,0,69,One Year,$106.40,"$7,251.90","$8,916.04",1,Fiber Optic,1,1,5,$24.17,San Diego,California,United States,Credit Card
5281-BUZGT,Churned,1,92,Competitor,Competitor made better offer,1,5692,69,Male,1,36,Month-to-Month,$90.85,"$3,186.70","$4,026.58",1,Fiber Optic,1,1,23,$23.33,Weaverville,California,United States,Bank Withdrawal
7130-VTEWQ,Churned,1,92,Competitor,Competitor offered more data,3,4174,74,Female,1,8,Month-to-Month,$75.75,$606.25,$716.65,1,Fiber Optic,1,1,6,$13.80,San Rafael,California,United States,Bank Withdrawal
8580-AECUZ,Churned,1,92,Competitor,Competitor made better offer,3,5001,65,Male,1,1,Month-to-Month,$79.10,$79.10,$121.40,1,Fiber Optic,1,1,16,$42.30,San Diego,California,United States,Bank Withdrawal
0022-TCJCI,Churned,1,92,Dissatisfaction,Limited range of services,1,2654,79,Male,1,45,One Year,$62.70,"$2,791.50","$3,271.65",1,DSL,1,1,17,$10.67,Daly City,California,United States,Credit Card
6569-KTMDU,Joined,0,26,,,5,3313,28,Female,0,1,Month-to-Month,$19.10,$19.10,$24.12,0,,1,0,0,$5.02,Sacramento,California,United States,Mailed Check
4958-XCBDQ,Churned,1,92,Competitor,Competitor offered more data,3,3689,68,Male,1,35,Month-to-Month,$101.40,"$3,496.30","$4,885.45",1,Fiber Optic,1,1,25,$39.69,Victorville,California,United States,Bank Withdrawal
2408-WITXK,Churned,1,92,Other,Deceased,1,3244,67,Female,1,10,Month-to-Month,$34.70,$329.80,$329.80,1,DSL,0,1,4,$0.00,San Jose,California,United States,Bank Withdrawal
5127-BZENZ,Stayed,0,26,,,3,4775,62,Female,0,56,One Year,$65.20,"$3,512.15","$5,736.47",1,DSL,1,1,11,$39.72,Mcarthur,California,United States,Bank Withdrawal
7599-NTMDP,Stayed,0,26,,,3,5453,32,Female,0,62,Two Year,$48.70,"$3,008.55","$3,128.55",1,Cable,0,0,26,$0.00,Lockeford,California,United States,Bank Withdrawal
4176-RELJR,Stayed,0,26,,,3,6388,73,Male,1,67,Two Year,$25.10,"$1,672.15","$2,656.38",0,,1,0,0,$14.69,Elmira,California,United States,Credit Card
3346-BRMIS,Churned,1,92,Dissatisfaction,Service dissatisfaction,2,2167,70,Female,1,18,Month-to-Month,$48.35,$810.70,$810.70,1,DSL,0,1,12,$0.00,Bonsall,California,United States,Bank Withdrawal
5151-HQRDG,Stayed,0,26,,,5,3839,57,Male,0,37,Month-to-Month,$55.05,"$2,030.75","$3,044.92",1,DSL,1,1,10,$27.41,Placerville,California,United States,Mailed Check
2568-OIADY,Churned,1,92,Competitor,Competitor made better offer,1,4233,26,Female,0,37,Month-to-Month,$99.50,"$3,762.00","$5,104.73",1,Fiber Optic,1,1,27,$36.29,Escondido,California,United States,Bank Withdrawal
2587-EKXTS,Stayed,0,26,,,4,2827,48,Male,0,44,Month-to-Month,$111.50,"$4,915.15","$6,870.95",1,Fiber Optic,1,1,19,$44.45,San Diego,California,United States,Bank Withdrawal
6469-QJKZW,Stayed,0,26,,,3,2198,35,Female,0,4,Month-to-Month,$20.15,$91.40,$274.76,0,,1,0,0,$45.84,Arroyo Grande,California,United States,Bank Withdrawal
7225-IILWY,Stayed,0,26,,,4,5434,36,Male,0,68,Two Year,$25.75,"$1,686.15","$3,510.59",0,,1,0,0,$26.83,Turlock,California,United States,Mailed Check
8999-EXMNO,Stayed,0,26,,,3,4246,48,Female,0,19,Two Year,$20.15,$387.70,$989.88,0,,1,0,0,$31.85,Dos Rios,California,United States,Credit Card
2320-SLKMB,Stayed,0,26,,,4,3080,46,Female,0,26,Month-to-Month,$44.45,"$1,183.80","$1,183.80",1,Cable,0,1,29,$0.00,Baker,California,United States,Credit Card
9820-RMCQV,Churned,1,92,Competitor,Competitor made better offer,1,4444,43,Female,0,11,Month-to-Month,$48.55,$501.00,$840.11,1,DSL,1,0,8,$19.01,San Marino,California,United States,Credit Card
2027-OAQQC,Churned,1,92,Competitor,Competitor offered more data,1,4044,64,Female,0,43,Month-to-Month,$49.05,"$2,076.20","$2,055.91",1,DSL,0,1,12,$0.00,Aptos,California,United States,Bank Withdrawal
2434-EEVDB,Stayed,0,26,,,4,5038,45,Female,0,64,Two Year,$94.60,"$5,948.70","$6,029.98",1,Fiber Optic,1,1,13,$1.27,California City,California,United States,Credit Card
7054-ENNGU,Stayed,0,26,,,4,4623,19,Female,0,9,Month-to-Month,$50.85,$466.60,$579.91,1,Cable,1,1,76,$12.59,Benicia,California,United States,Credit Card
1710-RCXUS,Stayed,0,26,,,3,4965,53,Male,0,51,One Year,$90.35,"$4,614.55","$5,084.26",1,Fiber Optic,1,1,30,$9.21,Orange,California,United States,Credit Card
8305-VHZBZ,Churned,1,92,Price,Long distance charges,1,4325,55,Male,0,1,Month-to-Month,$20.20,$20.20,$33.47,0,,1,0,0,$13.27,San Diego,California,United States,Mailed Check
6075-QMNRR,Stayed,0,26,,,3,6334,33,Female,0,52,Month-to-Month,$49.75,"$2,535.55","$4,559.91",1,DSL,1,1,8,$38.93,Doyle,California,United States,Bank Withdrawal
8357-EQXFO,Churned,1,92,Competitor,Competitor made better offer,2,3077,46,Female,0,7,Month-to-Month,$95.35,$660.90,$965.13,1,Fiber Optic,1,1,15,$48.36,Union City,California,United States,Bank Withdrawal
5542-TBBWB,Joined,0,26,,,4,3358,46,Male,0,1,Month-to-Month,$69.90,$69.90,$89.26,1,Fiber Optic,1,0,14,$9.36,Lakeport,California,United States,Bank Withdrawal
4910-AQFFX,Churned,1,93,Dissatisfaction,Network reliability,3,4533,30,Male,0,9,Month-to-Month,$79.35,$661.25,$956.28,1,Cable,1,0,59,$31.67,Soulsbyville,California,United States,Bank Withdrawal
9152-AMKAK,Stayed,0,26,,,5,2706,50,Male,0,6,Two Year,$80.25,$493.40,$631.10,1,Cable,1,1,10,$22.95,Coalinga,California,United States,Credit Card
2371-KFUOG,Stayed,0,26,,,3,6409,54,Male,0,58,One Year,$99.15,"$5,720.95","$7,615.81",1,Fiber Optic,1,1,14,$32.67,Escondido,California,United States,Bank Withdrawal
6546-OPBBH,Stayed,0,26,,,5,5895,40,Male,0,51,One Year,$23.95,"$1,216.35","$3,386.40",0,,1,0,0,$42.55,Santa Ana,California,United States,Credit Card
6614-FHDBO,Stayed,0,26,,,3,4551,49,Male,0,72,Two Year,$109.20,"$7,878.30","$10,406.22",1,Fiber Optic,1,1,22,$35.11,Rancho Cucamonga,California,United States,Bank Withdrawal
5669-SRAIP,Churned,1,93,Competitor,Competitor offered higher download speeds,2,2863,55,Female,0,5,Month-to-Month,$39.50,$210.75,$171.48,1,DSL,0,1,2,$0.00,Larkspur,California,United States,Bank Withdrawal
4690-PKDQG,Stayed,0,26,,,3,4121,66,Female,1,42,Month-to-Month,$95.55,"$3,930.60","$4,891.98",1,Fiber Optic,1,1,12,$22.89,San Diego,California,United States,Bank Withdrawal
3097-PYWXL,Stayed,0,26,,,4,2951,30,Female,0,4,Month-to-Month,$19.95,$82.90,$197.10,0,,1,0,0,$28.55,New Cuyama,California,United States,Bank Withdrawal
0772-GYEQQ,Churned,1,93,Competitor,Competitor offered more data,2,5202,33,Male,0,3,Month-to-Month,$88.35,$262.05,$410.25,1,Fiber Optic,1,1,10,$49.40,Lodi,California,United States,Credit Card
9944-AEXBM,Stayed,0,26,,,3,2383,51,Male,0,32,Month-to-Month,$85.65,"$2,664.30","$3,849.58",1,Fiber Optic,1,1,28,$37.04,Casmalia,California,United States,Bank Withdrawal
1386-ZIKUV,Stayed,0,26,,,5,4097,42,Male,0,7,Month-to-Month,$18.95,$130.55,$362.81,0,,1,0,0,$33.18,Glenhaven,California,United States,Credit Card
6210-KBBPI,Churned,1,93,Competitor,Competitor had better devices,1,2313,67,Male,1,9,Month-to-Month,$99.45,$919.40,"$1,015.34",1,Fiber Optic,1,1,15,$10.66,West Covina,California,United States,Credit Card
4778-IZARL,Stayed,0,26,,,3,6216,46,Male,0,63,Two Year,$110.10,"$6,705.70","$6,906.04",1,Fiber Optic,1,1,15,$3.18,New Cuyama,California,United States,Credit Card
6137-MFAJN,Stayed,0,26,,,3,2469,62,Female,0,48,Month-to-Month,$44.80,"$2,104.55","$2,104.55",1,Cable,0,1,23,$0.00,Los Angeles,California,United States,Bank Withdrawal
6283-GITPX,Stayed,0,26,,,3,4633,20,Male,0,71,Two Year,$76.90,"$5,522.70","$5,860.66",1,DSL,1,1,52,$4.76,Beaumont,California,United States,Credit Card
4759-PXTAN,Stayed,0,26,,,5,4093,34,Female,0,59,One Year,$80.10,"$4,693.20","$5,889.13",1,DSL,1,1,13,$20.27,Potter Valley,California,United States,Bank Withdrawal
1785-BPHTP,Stayed,0,26,,,3,4022,64,Male,0,28,Month-to-Month,$85.45,"$2,289.90","$2,378.94",1,Fiber Optic,1,1,12,$3.18,Santa Monica,California,United States,Bank Withdrawal
4450-MDZFX,Stayed,0,26,,,5,5100,50,Male,0,60,Month-to-Month,$74.35,"$4,453.30","$6,759.70",1,Fiber Optic,1,1,57,$38.44,Monrovia,California,United States,Bank Withdrawal
7716-YTYHG,Churned,1,93,Competitor,Competitor offered higher download speeds,2,3365,41,Female,0,48,One Year,$82.05,"$4,029.95","$5,179.55",1,Fiber Optic,1,1,30,$23.95,Oxnard,California,United States,Mailed Check
5649-TJHOV,Churned,1,93,Dissatisfaction,Product dissatisfaction,1,4564,68,Male,1,27,Month-to-Month,$36.50,"$1,032.00","$1,062.00",1,DSL,0,0,25,$0.00,Davenport,California,United States,Bank Withdrawal
1635-NZATJ,Stayed,0,26,,,5,5341,80,Male,1,71,Two Year,$25.45,"$1,789.65","$4,434.40",0,,1,0,0,$37.25,Alameda,California,United States,Credit Card
1810-BOHSY,Stayed,0,26,,,3,4745,63,Male,0,51,One Year,$96.40,"$4,911.05","$6,696.05",1,Fiber Optic,1,1,8,$35.00,Vacaville,California,United States,Credit Card
9079-YEXQJ,Churned,1,93,Dissatisfaction,Product dissatisfaction,1,5527,56,Female,0,54,Month-to-Month,$111.10,"$6,014.85","$8,588.81",1,Fiber Optic,1,0,16,$46.74,Chino,California,United States,Bank Withdrawal
5606-AMZBO,Stayed,0,26,,,3,3403,23,Female,0,10,Month-to-Month,$78.15,$765.15,"$1,145.45",1,Fiber Optic,1,1,42,$38.03,Rosamond,California,United States,Credit Card
8735-DCXNF,Stayed,0,26,,,3,3519,34,Male,0,10,Month-to-Month,$54.95,$568.85,$787.35,1,DSL,1,1,9,$21.85,Pilot Hill,California,United States,Credit Card
7632-MNYOY,Churned,1,93,Attitude,Attitude of service provider,3,4389,69,Male,1,66,One Year,$110.90,"$7,432.05","$8,085.45",1,Fiber Optic,1,1,25,$9.90,Tahoe Vista,California,United States,Credit Card
2897-DOVND,Joined,0,26,,,3,3527,31,Male,0,2,Month-to-Month,$69.80,$146.65,$179.03,1,Fiber Optic,1,0,14,$11.19,Winterhaven,California,United States,Bank Withdrawal
3845-FXCYS,Joined,0,26,,,5,4841,55,Male,0,2,Month-to-Month,$19.65,$31.20,$46.80,0,,1,0,0,$7.80,Long Barn,California,United States,Bank Withdrawal
6817-WTYHE,Joined,0,26,,,4,4370,56,Male,0,2,Month-to-Month,$44.90,$111.05,$121.21,1,DSL,1,1,17,$5.08,Happy Camp,California,United States,Bank Withdrawal
2388-LAESQ,Stayed,0,26,,,3,4796,74,Female,1,72,Two Year,$114.85,"$8,317.95","$10,385.79",1,Fiber Optic,1,1,25,$28.72,Manchester,California,United States,Bank Withdrawal
5850-BDWCY,Stayed,0,26,,,5,5029,64,Female,0,6,Month-to-Month,$20.20,$123.65,$382.73,0,,1,0,0,$43.18,Los Angeles,California,United States,Credit Card
2911-IJORQ,Stayed,0,26,,,4,2546,42,Male,0,37,One Year,$90.60,"$3,358.65","$4,996.93",1,DSL,1,1,6,$44.52,Stirling City,California,United States,Bank Withdrawal
2896-TBNBE,Stayed,0,26,,,3,3387,46,Male,0,40,One Year,$80.80,"$3,132.75","$3,651.55",1,Fiber Optic,1,1,24,$12.97,Guadalupe,California,United States,Bank Withdrawal
8198-RKSZG,Stayed,0,26,,,3,5772,43,Female,0,14,Month-to-Month,$80.45,"$1,137.05","$1,273.83",1,DSL,1,1,21,$9.77,El Cerrito,California,United States,Credit Card
4797-AXPXK,Churned,1,93,Attitude,Attitude of service provider,1,4531,64,Female,0,1,Month-to-Month,$60.00,$60.00,$113.48,1,DSL,1,0,16,$43.48,Lompoc,California,United States,Bank Withdrawal
5524-KHNJP,Stayed,0,26,,,3,5344,35,Male,0,33,One Year,$74.75,"$2,453.30","$4,065.35",1,Cable,1,1,30,$48.85,Glendale,California,United States,Credit Card
4391-RESHN,Churned,1,93,Competitor,Competitor had better devices,1,5963,49,Male,0,23,Month-to-Month,$104.05,"$2,470.10","$2,844.54",1,Fiber Optic,1,1,2,$16.28,Lemon Cove,California,United States,Credit Card
1728-BQDMA,Joined,0,26,,,3,5694,22,Female,0,2,Month-to-Month,$44.45,$82.70,$120.10,1,DSL,1,1,59,$18.70,Penryn,California,United States,Bank Withdrawal
7176-WRTNX,Stayed,0,26,,,3,4511,51,Male,0,70,Two Year,$114.95,"$7,711.25","$8,735.35",1,Fiber Optic,1,1,30,$14.63,Ventura,California,United States,Bank Withdrawal
9958-MEKUC,Stayed,0,26,,,3,4495,26,Male,0,72,Two Year,$103.95,"$7,517.70","$10,824.66",1,Fiber Optic,1,1,30,$45.93,Pacifica,California,United States,Credit Card
2739-CACDQ,Stayed,0,26,,,4,3754,79,Female,1,17,One Year,$82.65,"$1,470.05","$1,488.07",1,Fiber Optic,1,1,25,$1.06,La Jolla,California,United States,Credit Card
7520-HQWJU,Stayed,0,26,,,3,4172,22,Female,0,66,Month-to-Month,$67.45,"$4,508.65","$5,998.18",1,DSL,1,1,59,$23.20,Santa Ysabel,California,United States,Bank Withdrawal
9227-YBAXE,Stayed,0,26,,,3,5314,23,Female,0,65,Two Year,$82.50,"$5,215.10","$5,563.85",1,DSL,1,0,69,$4.75,Palm Desert,California,United States,Bank Withdrawal
7765-LWVVH,Stayed,0,25,,,3,5584,39,Female,0,72,Two Year,$95.10,"$6,843.15","$8,192.43",1,Fiber Optic,1,1,19,$18.74,Caspar,California,United States,Bank Withdrawal
3370-HXOPH,Joined,0,25,,,4,2650,50,Female,0,3,Month-to-Month,$76.10,$257.60,$300.65,1,Fiber Optic,1,1,17,$14.35,Mountain View,California,United States,Bank Withdrawal
2181-UAESM,Joined,0,25,,,4,3477,30,Male,0,2,Month-to-Month,$53.45,$119.50,$144.68,1,Cable,1,1,76,$12.59,Angelus Oaks,California,United States,Bank Withdrawal
0562-FGDCR,Stayed,0,25,,,3,4703,61,Female,0,72,Two Year,$74.55,"$5,430.65","$7,003.13",1,DSL,1,1,30,$21.84,Whitmore,California,United States,Credit Card
5196-SGOAK,Churned,1,93,Attitude,Attitude of support person,3,4884,39,Female,0,1,Month-to-Month,$75.70,$75.70,$84.75,1,Fiber Optic,1,1,21,$9.05,Caliente,California,United States,Bank Withdrawal
2984-TBYKU,Stayed,0,25,,,4,6378,38,Male,0,72,Two Year,$104.90,"$7,732.65","$10,052.49",1,Fiber Optic,1,1,25,$32.22,Barstow,California,United States,Credit Card
5294-DMSFH,Stayed,0,25,,,4,4780,32,Female,0,29,Month-to-Month,$87.80,"$2,621.75","$3,596.73",1,Fiber Optic,1,1,13,$33.62,Torrance,California,United States,Credit Card
6088-BXMRG,Stayed,0,25,,,4,3149,59,Female,0,32,Month-to-Month,$98.85,"$3,089.60","$3,858.88",1,Fiber Optic,1,1,22,$24.04,Cabazon,California,United States,Bank Withdrawal
0963-ZBDRN,Churned,1,93,Attitude,Attitude of support person,3,3606,45,Male,0,32,Month-to-Month,$96.20,"$3,183.40","$3,990.12",1,Fiber Optic,1,1,26,$25.21,Claremont,California,United States,Bank Withdrawal
8220-OCUFY,Stayed,0,25,,,4,4870,30,Female,0,21,One Year,$60.25,"$1,258.35","$1,413.96",1,DSL,1,1,51,$7.41,Perris,California,United States,Bank Withdrawal
3707-GNWHM,Churned,1,93,Other,Don't know,1,4750,28,Male,0,1,Month-to-Month,$74.25,$74.25,$96.05,1,Fiber Optic,1,1,42,$21.80,Carmel Valley,California,United States,Mailed Check
6776-TLWOI,Churned,1,93,Price,Price too high,1,2158,29,Male,0,3,Month-to-Month,$19.85,$64.55,$160.58,0,,1,0,0,$32.01,Livingston,California,United States,Mailed Check
4942-VZZOM,Stayed,0,25,,,3,4703,40,Male,0,64,One Year,$66.15,"$4,392.50","$6,789.94",1,DSL,1,1,2,$37.46,Tupman,California,United States,Credit Card
3645-DEYGF,Joined,0,25,,,5,3358,29,Male,0,1,Month-to-Month,$20.75,$20.75,$28.32,0,,1,0,0,$7.57,Northridge,California,United States,Credit Card
2193-SFWQW,Stayed,0,25,,,3,4004,47,Male,0,72,Two Year,$111.95,"$8,033.10","$9,766.86",1,Fiber Optic,1,1,19,$24.08,San Rafael,California,United States,Bank Withdrawal
9066-QRSDU,Stayed,0,25,,,4,5418,23,Female,0,69,One Year,$26.30,"$1,763.55","$3,287.07",0,,1,0,0,$22.08,Marina,California,United States,Bank Withdrawal
6893-ODYYE,Stayed,0,25,,,3,6435,34,Male,0,50,One Year,$90.10,"$4,549.45","$5,317.95",1,Fiber Optic,1,1,22,$15.37,Mokelumne Hill,California,United States,Credit Card
0093-XWZFY,Churned,1,93,Competitor,Competitor had better devices,1,2832,51,Male,0,40,Month-to-Month,$104.50,"$4,036.85","$5,544.45",1,Fiber Optic,1,1,15,$37.69,Desert Hot Springs,California,United States,Credit Card
6188-UXBBR,Stayed,0,25,,,4,4411,47,Female,0,38,One Year,$20.25,$814.75,"$1,215.27",0,,1,0,0,$10.54,Fresno,California,United States,Credit Card
0960-HUWBM,Stayed,0,25,,,4,4024,40,Male,0,65,Two Year,$104.10,"$6,700.05","$9,268.85",1,Fiber Optic,1,1,57,$39.52,Pleasant Grove,California,United States,Bank Withdrawal
9845-PEEKO,Stayed,0,25,,,5,5400,71,Female,1,59,Two Year,$79.20,"$4,590.35","$4,952.02",1,Fiber Optic,1,1,2,$6.13,Brookdale,California,United States,Credit Card
6828-HMKWP,Stayed,0,25,,,4,4843,24,Male,0,12,Two Year,$21.05,$262.05,$858.45,0,,1,0,0,$49.70,Berkeley,California,United States,Bank Withdrawal
5846-NEQVZ,Stayed,0,25,,,4,5328,19,Male,0,71,Two Year,$70.85,"$4,973.40","$5,145.93",1,Cable,1,1,58,$2.43,Mission Viejo,California,United States,Credit Card
7776-QGYJC,Stayed,0,25,,,5,2042,64,Female,0,39,Month-to-Month,$81.50,"$3,107.30","$4,693.82",1,Fiber Optic,1,1,76,$40.68,Shasta Lake,California,United States,Bank Withdrawal
4476-OSWTN,Stayed,0,25,,,3,4887,73,Male,1,69,One Year,$110.55,"$7,610.10","$8,182.80",1,Fiber Optic,1,1,14,$8.30,Witter Springs,California,United States,Mailed Check
8327-LZKAS,Churned,1,93,Dissatisfaction,Service dissatisfaction,2,4423,80,Female,1,43,One Year,$107.55,"$4,533.90","$5,269.02",1,Cable,1,0,18,$13.84,Pomona,California,United States,Bank Withdrawal
5656-MJEFC,Stayed,0,25,,,4,2673,48,Male,0,42,Two Year,$48.15,"$2,032.30","$2,032.30",1,Cable,0,1,8,$0.00,Victorville,California,United States,Credit Card
6994-KERXL,Stayed,0,25,,,3,3545,51,Male,0,4,Month-to-Month,$55.90,$238.50,$309.30,1,DSL,1,1,22,$17.70,Avalon,California,United States,Bank Withdrawal
5924-SNGKP,Stayed,0,25,,,4,3972,39,Female,0,41,One Year,$20.25,$865.00,"$1,089.23",0,,1,0,0,$6.61,Solana Beach,California,United States,Credit Card
8603-IJWDN,Churned,1,93,Competitor,Competitor offered higher download speeds,3,5228,41,Male,0,1,Month-to-Month,$86.60,$86.60,$92.03,1,Fiber Optic,1,1,18,$5.43,Pinole,California,United States,Bank Withdrawal
3108-PCCGG,Stayed,0,25,,,3,5856,75,Male,1,72,Two Year,$84.45,"$5,899.85","$7,103.69",1,Cable,1,1,9,$16.72,Redwood Valley,California,United States,Credit Card
3752-CQSJI,Stayed,0,25,,,3,5417,59,Female,0,13,Month-to-Month,$20.45,$254.50,$467.70,0,,1,0,0,$16.40,San Anselmo,California,United States,Credit Card
6942-LBFDP,Joined,0,25,,,3,5629,30,Female,0,2,Month-to-Month,$20.55,$33.60,$67.00,0,,1,0,0,$16.70,Bakersfield,California,United States,Mailed Check
8775-LHDJH,Churned,1,93,Other,Don't know,2,2905,77,Female,1,1,Month-to-Month,$90.60,$90.60,$103.62,1,Fiber Optic,1,1,30,$13.02,San Jose,California,United States,Bank Withdrawal
5811-IWXYM,Stayed,0,25,,,5,5954,20,Female,0,52,One Year,$101.25,"$5,301.10","$7,630.18",1,Fiber Optic,1,1,52,$44.79,Napa,California,United States,Bank Withdrawal
3096-YXENJ,Stayed,0,25,,,5,4193,25,Female,0,65,Two Year,$107.65,"$7,082.85","$8,882.70",1,Fiber Optic,1,1,52,$27.69,Danville,California,United States,Bank Withdrawal
4115-NZRKS,Stayed,0,25,,,5,2415,72,Female,1,7,One Year,$89.15,$574.35,$688.87,1,Fiber Optic,1,1,28,$16.36,San Diego,California,United States,Bank Withdrawal
6591-QGOYB,Stayed,0,25,,,3,2754,29,Male,0,17,Month-to-Month,$106.65,"$1,672.10","$2,331.36",1,Fiber Optic,1,1,59,$38.78,Surfside,California,United States,Bank Withdrawal
9391-YZEJW,Stayed,0,25,,,3,4778,42,Female,0,62,One Year,$94.00,"$5,757.20","$7,759.18",1,Fiber Optic,1,1,26,$32.29,Mountain View,California,United States,Bank Withdrawal
7956-XQWGU,Stayed,0,25,,,4,5975,43,Male,0,27,Month-to-Month,$19.40,$460.25,$500.59,0,,1,0,0,$2.59,Long Beach,California,United States,Credit Card
1621-YNCJH,Stayed,0,25,,,3,4505,54,Female,0,36,Two Year,$106.05,"$3,834.40","$4,577.04",1,Fiber Optic,1,0,18,$19.24,Sacramento,California,United States,Credit Card
1629-DQQVB,Stayed,0,25,,,3,2331,19,Female,0,14,Month-to-Month,$50.10,$709.50,"$1,216.58",1,Cable,1,1,59,$36.22,Keeler,California,United States,Bank Withdrawal
1090-ESELR,Stayed,0,25,,,3,5534,47,Male,0,72,Two Year,$105.50,"$7,611.55","$9,573.55",1,Fiber Optic,1,1,19,$27.25,Fawnskin,California,United States,Bank Withdrawal
5640-CAXOA,Stayed,0,25,,,4,5455,23,Female,0,30,One Year,$40.35,"$1,187.05","$1,187.05",1,Cable,0,1,42,$0.00,Auberry,California,United States,Credit Card
0430-IHCDJ,Stayed,0,25,,,3,2597,40,Male,0,15,Month-to-Month,$49.00,$749.25,$925.50,1,DSL,1,1,28,$11.75,Highland,California,United States,Bank Withdrawal
8480-PPONV,Stayed,0,25,,,3,6349,56,Male,0,62,Two Year,$115.55,"$7,159.05","$9,679.97",1,Fiber Optic,1,1,21,$40.66,Guerneville,California,United States,Bank Withdrawal
2001-MCUUW,Stayed,0,25,,,4,4210,51,Male,0,46,Two Year,$108.65,"$4,903.20","$6,628.20",1,Fiber Optic,1,1,22,$37.50,Corona,California,United States,Bank Withdrawal
7892-QVYKW,Stayed,0,25,,,3,3513,25,Female,0,23,Month-to-Month,$85.60,"$1,868.40","$2,094.72",1,Fiber Optic,1,1,71,$9.84,El Cajon,California,United States,Bank Withdrawal
7296-PIXQY,Stayed,0,25,,,4,5819,60,Female,0,14,Month-to-Month,$70.20,"$1,046.50","$1,368.50",1,Fiber Optic,1,1,17,$23.00,Bodega,California,United States,Bank Withdrawal
2894-QOJRX,Churned,1,93,Competitor,Competitor had better devices,1,5024,19,Female,0,25,Month-to-Month,$34.00,$853.00,$853.00,1,Cable,0,1,82,$0.00,San Diego,California,United States,Bank Withdrawal
3345-PBBFH,Stayed,0,25,,,5,5922,24,Male,0,8,Month-to-Month,$49.55,$393.45,$412.49,1,DSL,1,1,53,$2.38,Fowler,California,United States,Bank Withdrawal
3398-GCPMU,Stayed,0,25,,,3,4993,74,Female,1,72,Two Year,$89.55,"$6,448.85","$6,864.29",1,DSL,1,1,24,$5.77,Fullerton,California,United States,Credit Card
2706-QZIHY,Stayed,0,25,,,4,4411,35,Female,0,15,Two Year,$25.20,$387.90,"$1,088.10",0,,1,0,0,$46.68,Los Angeles,California,United States,Credit Card
7571-YXDAD,Churned,1,93,Price,Long distance charges,1,2078,37,Female,0,2,Month-to-Month,$74.90,$147.15,$223.71,1,Fiber Optic,1,1,18,$38.28,Davis,California,United States,Credit Card
1231-YNDEK,Stayed,0,25,,,5,6339,49,Male,0,58,Two Year,$19.15,"$1,035.50","$2,706.78",0,,1,0,0,$29.31,Redding,California,United States,Bank Withdrawal
2606-RMDHZ,Churned,1,93,Competitor,Competitor had better devices,1,4667,47,Male,0,6,Month-to-Month,$30.50,$208.70,$208.70,1,DSL,0,1,14,$0.00,Lakewood,California,United States,Credit Card
4676-MQUEA,Stayed,0,25,,,3,4184,80,Male,1,50,One Year,$101.90,"$5,265.50","$5,990.00",1,Fiber Optic,1,1,17,$14.49,Laguna Beach,California,United States,Bank Withdrawal
5402-HTOTQ,Stayed,0,25,,,5,3771,43,Male,0,16,Month-to-Month,$55.30,$875.35,$967.99,1,DSL,1,1,4,$5.79,Macdoel,California,United States,Bank Withdrawal
3629-WEAAM,Stayed,0,25,,,5,2804,19,Female,0,8,Month-to-Month,$64.10,$504.05,$874.37,1,DSL,1,0,73,$45.04,Forbestown,California,United States,Mailed Check
3723-BFBGR,Stayed,0,25,,,5,4330,74,Male,1,24,Two Year,$54.80,"$1,291.30","$1,609.14",1,Cable,1,0,27,$8.66,Borrego Springs,California,United States,Credit Card
5837-LXSDN,Stayed,0,25,,,4,2845,63,Female,0,21,One Year,$58.85,"$1,215.45","$1,965.57",1,Cable,1,1,30,$35.72,Angwin,California,United States,Credit Card
8082-GHXOP,Stayed,0,24,,,3,5611,20,Male,0,13,Month-to-Month,$44.00,$659.35,"$1,005.54",1,DSL,1,1,27,$26.63,Esparto,California,United States,Credit Card
9027-TMATR,Stayed,0,24,,,4,3972,42,Female,0,43,Two Year,$78.80,"$3,460.30","$5,092.19",1,DSL,1,1,27,$38.53,Warner Springs,California,United States,Bank Withdrawal
7471-WNSUF,Stayed,0,24,,,3,4501,23,Male,0,60,One Year,$24.15,"$1,505.90","$2,491.10",0,,1,0,0,$16.42,San Francisco,California,United States,Bank Withdrawal
2085-JVGAD,Stayed,0,24,,,4,3078,56,Male,0,37,Month-to-Month,$20.35,$697.65,$732.13,0,,1,0,0,$2.15,Ivanhoe,California,United States,Bank Withdrawal
0519-XUZJU,Churned,1,93,Dissatisfaction,Service dissatisfaction,2,3963,56,Female,0,1,Month-to-Month,$70.75,$70.75,$96.75,1,Fiber Optic,1,1,8,$26.00,Felton,California,United States,Mailed Check
4690-LLKUA,Churned,1,93,Competitor,Competitor made better offer,1,3797,68,Male,1,17,Month-to-Month,$45.05,$770.60,"$1,466.41",1,DSL,1,1,2,$40.93,San Diego,California,United States,Bank Withdrawal
3059-NGMXB,Stayed,0,24,,,3,2871,52,Male,0,14,Month-to-Month,$69.20,$944.65,$986.09,1,DSL,1,1,76,$2.96,San Jose,California,United States,Credit Card
1100-DDVRV,Stayed,0,24,,,5,5575,27,Male,0,17,Month-to-Month,$49.80,$836.35,$836.35,1,DSL,0,1,52,$0.00,Twain Harte,California,United States,Credit Card
9752-ZNQUT,Joined,0,24,,,5,3704,51,Female,0,1,Month-to-Month,$48.60,$48.60,$56.59,1,Cable,1,1,11,$7.99,Visalia,California,United States,Bank Withdrawal
7176-WIONM,Stayed,0,24,,,3,2873,24,Female,0,12,Month-to-Month,$49.85,$617.15,$617.15,1,Cable,0,1,82,$0.00,Bishop,California,United States,Bank Withdrawal
2335-GSODA,Stayed,0,24,,,4,2327,36,Male,0,23,Two Year,$40.10,$857.75,$857.75,1,DSL,0,1,26,$0.00,Camino,California,United States,Credit Card
5896-NPFWW,Churned,1,93,Competitor,Competitor made better offer,1,3273,23,Male,0,3,Month-to-Month,$50.15,$168.15,$208.77,1,Cable,1,1,51,$13.54,San Diego,California,United States,Bank Withdrawal
2719-BDAQO,Churned,1,93,Price,Price too high,1,4940,36,Male,0,17,Month-to-Month,$93.85,"$1,625.65","$1,702.32",1,Fiber Optic,1,1,13,$4.51,Sunnyvale,California,United States,Bank Withdrawal
9361-YNQWJ,Stayed,0,24,,,5,5887,36,Female,0,64,One Year,$24.40,"$1,601.20","$2,620.72",0,,1,0,0,$15.93,Oakland,California,United States,Bank Withdrawal
3633-CDBUW,Stayed,0,24,,,5,3913,25,Male,0,17,One Year,$80.85,"$1,445.95","$2,276.59",1,DSL,1,0,73,$45.92,Midpines,California,United States,Bank Withdrawal
5442-PPTJY,Stayed,0,24,,,4,5104,44,Male,0,12,Two Year,$19.70,$258.35,$314.87,0,,1,0,0,$4.71,Arcadia,California,United States,Credit Card
6641-XRPSU,Churned,1,93,Competitor,Competitor offered more data,2,2318,61,Female,0,34,Month-to-Month,$70.00,"$2,416.10","$2,563.54",1,Fiber Optic,1,1,21,$4.66,San Lorenzo,California,United States,Credit Card
1384-RCUXW,Stayed,0,24,,,4,5183,58,Male,0,16,Month-to-Month,$80.55,"$1,248.90","$1,795.78",1,Fiber Optic,1,1,8,$34.18,French Gulch,California,United States,Credit Card
1223-UNPKS,Stayed,0,24,,,4,4328,55,Male,0,20,Two Year,$20.05,$400.00,$477.40,0,,1,0,0,$3.87,Wendel,California,United States,Credit Card
8510-TMWYB,Stayed,0,24,,,5,5898,61,Female,0,54,Two Year,$59.80,"$3,246.45","$4,489.53",1,Cable,1,1,21,$23.02,Sacramento,California,United States,Bank Withdrawal
2720-WGKHP,Churned,1,93,Other,Don't know,1,5569,65,Male,1,2,Month-to-Month,$94.00,$181.70,$223.68,1,Fiber Optic,1,1,22,$20.99,Sloughhouse,California,United States,Bank Withdrawal
6599-CEBNN,Churned,1,94,Competitor,Competitor made better offer,3,5795,63,Female,0,34,Month-to-Month,$73.95,"$2,524.45","$2,577.15",1,Fiber Optic,1,1,14,$1.55,San Diego,California,United States,Credit Card
5356-CSVSQ,Joined,0,24,,,5,5277,20,Female,0,3,Month-to-Month,$64.60,$174.20,$297.17,1,Cable,1,1,48,$40.99,La Verne,California,United States,Bank Withdrawal
9107-UKCKY,Stayed,0,24,,,5,6432,36,Male,0,61,One Year,$79.80,"$4,914.80","$6,685.48",1,DSL,1,0,5,$27.88,Carpinteria,California,United States,Bank Withdrawal
2458-EOMRE,Stayed,0,24,,,4,4171,19,Female,0,11,Month-to-Month,$64.05,$733.95,"$1,274.51",1,DSL,1,0,52,$40.96,Mc Farland,California,United States,Bank Withdrawal
9137-NOQKA,Joined,0,24,,,5,4577,80,Male,1,2,Two Year,$19.20,$37.20,$51.26,0,,1,0,0,$7.03,South San Francisco,California,United States,Bank Withdrawal
0357-NVCRI,Stayed,0,24,,,5,2192,41,Female,0,25,Month-to-Month,$20.05,$471.70,$793.45,0,,1,0,0,$12.87,El Cajon,California,United States,Credit Card
3874-EQOEP,Churned,1,94,Competitor,Competitor had better devices,1,2786,32,Male,0,7,Month-to-Month,$95.00,$655.50,$772.54,1,Cable,1,0,28,$20.52,Long Beach,California,United States,Credit Card
0969-RGKCU,Stayed,0,24,,,4,5137,31,Male,0,37,One Year,$19.80,$677.05,"$2,264.00",0,,1,0,0,$43.68,Woodland Hills,California,United States,Credit Card
7233-PAHHL,Stayed,0,24,,,4,5825,57,Male,0,66,Two Year,$84.00,"$5,714.25","$6,124.77",1,DSL,1,1,26,$6.22,South Gate,California,United States,Credit Card
6890-PFRQX,Stayed,0,24,,,3,4466,56,Male,0,18,Month-to-Month,$69.50,"$1,199.40","$1,419.18",1,DSL,1,1,8,$12.21,Sacramento,California,United States,Mailed Check
9522-ZSINC,Stayed,0,24,,,3,2252,34,Male,0,13,One Year,$19.95,$253.80,$349.09,0,,1,0,0,$7.33,Santa Rosa,California,United States,Bank Withdrawal
7056-IMHCC,Churned,1,94,Price,Price too high,1,5884,69,Male,1,53,Month-to-Month,$101.90,"$5,549.40","$5,970.22",1,Fiber Optic,1,1,6,$7.94,Torrance,California,United States,Bank Withdrawal
9026-LHEVG,Stayed,0,24,,,4,2973,45,Female,0,9,Month-to-Month,$40.75,$359.40,$379.40,1,DSL,0,0,21,$0.00,Boulevard,California,United States,Bank Withdrawal
5345-BMKWB,Stayed,0,24,,,4,4964,29,Male,0,8,Month-to-Month,$20.25,$158.35,$198.19,0,,1,0,0,$4.98,San Francisco,California,United States,Credit Card
8812-ZRHFP,Stayed,0,24,,,3,2923,53,Female,0,30,One Year,$86.45,"$2,538.05","$3,990.95",1,Fiber Optic,1,1,58,$48.43,San Francisco,California,United States,Bank Withdrawal
1814-DKOLC,Stayed,0,24,,,3,4855,63,Female,0,5,Month-to-Month,$25.45,$134.75,$161.80,0,,1,0,0,$5.41,Loma Linda,California,United States,Credit Card
4713-LZDRV,Churned,1,94,Price,Long distance charges,3,4322,80,Female,1,2,Month-to-Month,$79.60,$195.05,$258.87,1,Cable,1,1,30,$31.91,Malibu,California,United States,Bank Withdrawal
1024-GUALD,Churned,1,94,Dissatisfaction,Product dissatisfaction,1,4851,29,Female,0,1,Month-to-Month,$24.80,$24.80,$24.80,1,DSL,0,1,29,$0.00,Glendale,California,United States,Bank Withdrawal
9036-CSKBW,Stayed,0,24,,,3,5446,62,Female,0,51,One Year,$107.45,"$5,680.90","$6,050.68",1,Fiber Optic,1,1,6,$7.54,Los Gatos,California,United States,Bank Withdrawal
6705-LXORM,Stayed,0,24,,,4,2064,79,Female,1,5,One Year,$70.05,$302.60,$329.70,1,Fiber Optic,1,1,23,$5.42,Perris,California,United States,Bank Withdrawal
4439-YRNVD,Stayed,0,24,,,3,4571,33,Female,0,10,Month-to-Month,$36.25,$374.00,$374.00,1,DSL,0,1,23,$0.00,Selma,California,United States,Bank Withdrawal
5414-OFQCB,Stayed,0,24,,,5,5076,34,Male,0,57,Two Year,$90.45,"$5,229.80","$7,053.69",1,Fiber Optic,1,0,10,$30.77,Hanford,California,United States,Credit Card
0723-DRCLG,Churned,1,94,Other,Don't know,2,2394,73,Female,1,1,Month-to-Month,$74.45,$74.45,$115.72,1,Fiber Optic,1,0,11,$31.27,Fallbrook,California,United States,Bank Withdrawal
8097-OMULG,Stayed,0,24,,,4,5918,63,Male,0,59,One Year,$76.75,"$4,541.90","$5,482.36",1,DSL,1,1,19,$15.94,San Jose,California,United States,Credit Card
4632-XJMEX,Stayed,0,24,,,4,6281,20,Male,0,53,One Year,$62.85,"$3,419.50","$5,953.43",1,Cable,1,1,59,$47.81,Fresno,California,United States,Credit Card
6029-CSMJE,Stayed,0,24,,,3,3090,63,Male,0,17,Month-to-Month,$25.65,$440.20,$440.20,1,Cable,0,1,11,$0.00,Forest Ranch,California,United States,Mailed Check
5793-YOLJN,Stayed,0,24,,,3,5046,53,Female,0,55,Two Year,$21.00,"$1,210.30","$3,328.35",0,,1,0,0,$38.51,Oro Grande,California,United States,Credit Card
1730-ZMAME,Stayed,0,24,,,4,3041,74,Female,1,32,Two Year,$79.50,"$2,665.00","$4,220.84",1,Fiber Optic,1,1,12,$48.62,Ontario,California,United States,Bank Withdrawal
9971-ZWPBF,Stayed,0,24,,,3,5151,70,Male,1,34,Month-to-Month,$108.90,"$3,625.20","$4,054.36",1,Fiber Optic,1,0,12,$11.74,Orinda,California,United States,Bank Withdrawal
8543-MSDMF,Joined,0,24,,,4,5528,36,Male,0,3,Month-to-Month,$77.40,$206.15,$339.41,1,Cable,1,1,6,$44.42,Coachella,California,United States,Bank Withdrawal
9306-CPCBC,Churned,1,94,Competitor,Competitor made better offer,3,3207,44,Female,0,3,Month-to-Month,$74.25,$210.30,$316.92,1,Fiber Optic,1,1,27,$35.54,Moreno Valley,California,United States,Bank Withdrawal
7929-SKFGK,Stayed,0,24,,,4,4280,23,Male,0,70,Two Year,$114.30,"$8,244.30","$9,761.90",1,Fiber Optic,1,1,30,$21.68,Mentone,California,United States,Credit Card
8166-ZZTFS,Churned,1,94,Attitude,Attitude of support person,3,4400,74,Female,1,66,Two Year,$80.55,"$5,265.10","$6,697.30",1,Cable,1,1,3,$21.70,Roseville,California,United States,Bank Withdrawal
8757-TFHHJ,Joined,0,24,,,3,2978,55,Male,0,1,Month-to-Month,$49.80,$49.80,$88.01,1,Cable,1,1,13,$38.21,San Jose,California,United States,Credit Card
0133-BMFZO,Churned,1,94,Competitor,Competitor offered higher download speeds,2,3529,40,Female,0,2,Month-to-Month,$86.25,$181.65,$255.27,1,Fiber Optic,1,1,16,$36.81,Alhambra,California,United States,Bank Withdrawal
5296-BFCYD,Stayed,0,24,,,5,3392,35,Male,0,46,Two Year,$20.10,$936.85,"$1,622.71",0,,1,0,0,$14.91,San Fernando,California,United States,Mailed Check
4079-WWQQQ,Stayed,0,24,,,4,4266,45,Male,0,72,Two Year,$65.55,"$4,807.45","$4,807.45",1,Cable,0,1,10,$0.00,San Francisco,California,United States,Bank Withdrawal
4900-MSOMT,Stayed,0,24,,,4,6087,39,Female,0,72,Two Year,$80.20,"$5,714.20","$9,250.84",1,DSL,1,1,23,$49.12,Carnelian Bay,California,United States,Bank Withdrawal
1324-NLTJE,Churned,1,94,Other,Don't know,1,3167,73,Female,1,15,Month-to-Month,$55.00,$757.10,"$1,014.95",1,DSL,1,1,19,$17.19,Emeryville,California,United States,Credit Card
9586-JGQKH,Stayed,0,24,,,3,4512,61,Female,0,64,Two Year,$105.40,"$6,794.75","$9,915.15",1,Fiber Optic,1,1,18,$49.26,Cathedral City,California,United States,Bank Withdrawal
2162-FRZAA,Stayed,0,24,,,5,5374,45,Male,0,63,Two Year,$39.35,"$2,395.05","$2,395.05",1,DSL,0,1,16,$0.00,Fort Irwin,California,United States,Bank Withdrawal
1335-NTIUC,Stayed,0,24,,,5,5473,61,Male,0,9,Month-to-Month,$24.95,$190.25,$190.25,1,DSL,0,1,7,$0.00,Pacoima,California,United States,Bank Withdrawal
9577-WJVCQ,Stayed,0,24,,,3,5310,24,Female,0,68,Month-to-Month,$54.45,"$3,687.75","$4,048.15",1,DSL,1,1,59,$5.30,West Covina,California,United States,Mailed Check
8409-WQJUX,Stayed,0,24,,,3,4458,37,Female,0,25,One Year,$54.20,"$1,423.15","$1,423.15",1,Cable,0,1,29,$0.00,Arcata,California,United States,Bank Withdrawal
6598-RFFVI,Churned,1,94,Price,Long distance charges,3,2279,56,Male,0,2,One Year,$19.30,$28.30,$59.88,0,,1,0,0,$15.79,San Bernardino,California,United States,Credit Card
0875-CABNR,Churned,1,94,Attitude,Attitude of support person,3,3320,70,Female,1,10,Month-to-Month,$84.60,$865.55,"$1,034.05",1,Fiber Optic,1,1,30,$16.85,San Luis Obispo,California,United States,Credit Card
8000-REIQB,Churned,1,94,Competitor,Competitor made better offer,2,3208,73,Female,1,1,Month-to-Month,$69.95,$69.95,$102.45,1,Fiber Optic,1,0,27,$22.50,San Diego,California,United States,Bank Withdrawal
4827-USJHP,Stayed,0,24,,,4,2764,45,Male,0,20,Month-to-Month,$51.80,"$1,023.85","$1,102.65",1,DSL,1,1,18,$3.94,Glendale,California,United States,Credit Card
1548-ARAGG,Stayed,0,23,,,3,5605,28,Female,0,4,Month-to-Month,$58.50,$224.85,$365.65,1,DSL,1,1,52,$35.20,Cedar Glen,California,United States,Credit Card
9821-POOTN,Churned,1,94,Price,Price too high,2,4639,48,Male,0,35,Month-to-Month,$75.20,"$2,576.20","$4,272.65",1,Fiber Optic,1,1,12,$48.47,San Dimas,California,United States,Bank Withdrawal
3523-QRQLL,Churned,1,94,Competitor,Competitor offered more data,2,5922,22,Female,0,22,One Year,$69.50,"$1,498.20","$2,219.51",1,DSL,1,1,76,$35.04,Bieber,California,United States,Bank Withdrawal
3569-VLDHH,Stayed,0,23,,,4,6123,59,Male,0,66,One Year,$75.10,"$5,013.00","$6,960.00",1,DSL,1,1,76,$29.50,Sacramento,California,United States,Bank Withdrawal
2480-EJWYP,Stayed,0,23,,,3,6019,66,Female,1,58,One Year,$97.80,"$5,458.80","$8,090.26",1,Fiber Optic,1,1,28,$45.37,Roseville,California,United States,Bank Withdrawal
8515-OCTJS,Churned,1,94,Competitor,Competitor made better offer,3,4931,61,Female,0,25,Two Year,$24.75,$692.10,"$1,185.85",0,,1,0,0,$19.75,Lemoore,California,United States,Credit Card
7668-XCFYV,Stayed,0,23,,,3,3689,77,Female,1,17,Month-to-Month,$92.55,"$1,614.70","$1,679.81",1,Fiber Optic,1,1,20,$3.83,Glendora,California,United States,Bank Withdrawal
2848-YXSMW,Stayed,0,23,,,5,5234,38,Male,0,72,Two Year,$19.40,"$1,363.25","$4,927.25",0,,1,0,0,$49.50,Torrance,California,United States,Credit Card
1025-FALIX,Stayed,0,23,,,3,5379,49,Female,0,26,Month-to-Month,$69.05,"$1,815.65","$2,790.91",1,Fiber Optic,1,1,30,$37.51,Nicolaus,California,United States,Credit Card
1393-IMKZG,Joined,0,23,,,4,3270,50,Female,0,1,Month-to-Month,$95.85,$95.85,$98.55,1,Fiber Optic,1,1,14,$2.70,Fullerton,California,United States,Bank Withdrawal
8058-DMYRU,Stayed,0,23,,,5,5232,69,Male,1,54,Two Year,$90.05,"$4,931.80","$5,935.12",1,Fiber Optic,1,1,14,$18.58,Glendale,California,United States,Bank Withdrawal
7446-YPODE,Stayed,0,23,,,3,5296,75,Male,1,11,Two Year,$60.25,$662.95,"$1,314.58",1,DSL,1,0,17,$48.33,Bridgeport,California,United States,Bank Withdrawal
8205-VSLRB,Stayed,0,23,,,3,6252,22,Male,0,70,Two Year,$77.30,"$5,498.20","$5,807.33",1,Cable,1,1,41,$4.80,Greenview,California,United States,Credit Card
6924-TDGMT,Stayed,0,23,,,5,3971,34,Male,0,11,One Year,$20.55,$184.95,$472.16,0,,1,0,0,$26.11,Platina,California,United States,Credit Card
1098-KFQEC,Stayed,0,23,,,5,5366,24,Female,0,55,Two Year,$19.40,"$1,083.00","$2,609.25",0,,1,0,0,$27.75,Encino,California,United States,Credit Card
5389-FFVKB,Churned,1,94,Dissatisfaction,Service dissatisfaction,1,5365,71,Male,1,32,Month-to-Month,$80.30,"$2,483.05","$2,549.61",1,Fiber Optic,1,1,25,$2.08,Thousand Oaks,California,United States,Credit Card
2483-XSSMZ,Stayed,0,23,,,3,5531,22,Female,0,39,One Year,$47.85,"$1,886.40","$2,944.27",1,DSL,1,0,82,$25.33,Orinda,California,United States,Bank Withdrawal
6874-SGLHU,Stayed,0,23,,,5,4126,44,Male,0,30,One Year,$97.00,"$3,021.30","$3,386.40",1,Fiber Optic,1,1,16,$12.17,San Jose,California,United States,Bank Withdrawal
5198-EFNBM,Stayed,0,23,,,4,5636,66,Male,1,57,One Year,$90.65,"$5,199.80","$7,857.14",1,Fiber Optic,1,1,4,$46.62,Kingsburg,California,United States,Bank Withdrawal
8421-WZOOW,Stayed,0,23,,,3,4912,75,Female,1,57,Month-to-Month,$95.30,"$5,567.45","$7,177.70",1,Fiber Optic,1,1,15,$28.25,Rio Vista,California,United States,Credit Card
3398-FSHON,Churned,1,94,Competitor,Competitor made better offer,2,4703,79,Female,1,12,Month-to-Month,$91.30,"$1,094.50","$1,502.62",1,Fiber Optic,1,1,18,$34.01,San Diego,California,United States,Bank Withdrawal
6922-NCEDI,Stayed,0,23,,,4,6473,38,Male,0,56,One Year,$21.20,"$1,238.65","$3,961.93",0,,1,0,0,$48.63,Costa Mesa,California,United States,Mailed Check
4616-ULAOA,Stayed,0,23,,,3,6332,33,Female,0,65,Two Year,$110.80,"$7,245.90","$10,184.55",1,Fiber Optic,1,1,19,$45.21,Escondido,California,United States,Credit Card
4939-KYYPY,Stayed,0,23,,,4,4818,55,Male,0,27,Month-to-Month,$59.45,"$1,611.65","$2,528.03",1,Cable,1,1,25,$33.94,Coleville,California,United States,Bank Withdrawal
8780-RSYYU,Stayed,0,23,,,4,2159,42,Female,0,25,Month-to-Month,$19.20,$532.10,$682.10,0,,1,0,0,$6.00,Dixon,California,United States,Credit Card
8461-EFQYM,Stayed,0,23,,,3,2997,36,Female,0,38,One Year,$24.25,$914.40,"$2,633.63",0,,1,0,0,$46.18,San Jose,California,United States,Bank Withdrawal
3714-JTVOV,Churned,1,94,Attitude,Attitude of support person,1,2322,76,Female,1,42,Month-to-Month,$74.15,"$3,229.40","$3,351.20",1,Fiber Optic,1,1,21,$2.90,Crows Landing,California,United States,Credit Card
8838-GPHZP,Stayed,0,23,,,5,6469,25,Female,0,63,Two Year,$20.60,"$1,298.70","$2,342.61",0,,1,0,0,$16.57,Orange,California,United States,Credit Card
5057-LCOUI,Churned,1,94,Attitude,Attitude of support person,3,4119,35,Female,0,39,Month-to-Month,$50.75,"$2,011.40","$2,011.40",1,DSL,0,1,4,$0.00,Nipomo,California,United States,Bank Withdrawal
4785-FCIFB,Stayed,0,23,,,5,4900,20,Female,0,61,Two Year,$24.40,"$1,417.90","$2,643.39",0,,1,0,0,$20.09,Forest Falls,California,United States,Mailed Check
3726-TBHQT,Stayed,0,23,,,4,5600,25,Male,0,71,Two Year,$114.00,"$8,175.90","$9,982.85",1,Fiber Optic,1,1,59,$25.45,Catheys Valley,California,United States,Bank Withdrawal
8563-OYMQY,Stayed,0,23,,,5,5687,49,Male,0,17,Month-to-Month,$90.95,"$1,612.20","$2,206.86",1,Fiber Optic,1,1,21,$34.98,Covina,California,United States,Credit Card
1960-UYCNN,Stayed,0,23,,,3,4810,35,Male,0,10,Month-to-Month,$95.25,"$1,021.55","$1,285.85",1,Fiber Optic,1,1,13,$26.43,Julian,California,United States,Bank Withdrawal
4324-AHJKS,Stayed,0,23,,,4,5104,42,Female,0,5,Month-to-Month,$55.80,$300.40,$424.55,1,DSL,1,1,26,$24.83,Buttonwillow,California,United States,Credit Card
5590-YRFJT,Churned,1,94,Other,Don't know,3,3298,44,Female,0,20,Month-to-Month,$24.45,$482.80,$482.80,1,DSL,0,1,10,$0.00,Lompoc,California,United States,Bank Withdrawal
9555-SAHUZ,Stayed,0,23,,,3,5499,30,Female,0,38,Month-to-Month,$54.50,"$2,076.05","$3,834.31",1,Cable,1,1,30,$46.27,Kernville,California,United States,Bank Withdrawal
4237-RLAQD,Churned,1,94,Attitude,Attitude of support person,2,5930,58,Male,0,1,Month-to-Month,$45.85,$45.85,$90.60,1,Cable,1,1,12,$44.75,Callahan,California,United States,Credit Card
3179-GBRWV,Stayed,0,23,,,4,4604,79,Male,1,21,One Year,$64.95,"$1,339.80","$2,241.75",1,DSL,1,1,30,$42.95,San Gabriel,California,United States,Bank Withdrawal
7957-RYHQD,Churned,1,94,Price,Price too high,1,3207,65,Female,1,40,Month-to-Month,$79.20,"$3,233.85","$5,028.25",1,Fiber Optic,1,1,4,$44.86,Bellflower,California,United States,Credit Card
8929-KSWIH,Stayed,0,23,,,4,3847,21,Male,0,25,Two Year,$99.30,"$2,513.50","$2,637.00",1,Fiber Optic,1,1,51,$4.94,San Jose,California,United States,Bank Withdrawal
7663-CUXZB,Stayed,0,23,,,3,6251,34,Male,0,59,Two Year,$113.75,"$6,561.25","$7,445.07",1,Fiber Optic,1,1,19,$14.98,Fields Landing,California,United States,Bank Withdrawal
9651-GTSAQ,Churned,1,94,Attitude,Attitude of support person,3,4471,44,Female,0,53,One Year,$106.10,"$5,769.75","$7,364.52",1,Fiber Optic,1,1,11,$30.09,Corning,California,United States,Bank Withdrawal
9606-PBKBQ,Churned,1,94,Attitude,Attitude of support person,1,4584,69,Male,1,32,Month-to-Month,$85.00,"$2,642.05","$2,784.16",1,Fiber Optic,1,1,23,$5.99,Long Beach,California,United States,Bank Withdrawal
7754-IXRMC,Joined,0,23,,,4,3980,39,Female,0,1,Month-to-Month,$45.35,$45.35,$57.81,1,DSL,1,1,14,$12.46,Atascadero,California,United States,Credit Card
7398-HPYZQ,Stayed,0,23,,,4,5007,30,Male,0,71,Two Year,$90.55,"$6,404.00","$8,433.18",1,Cable,1,1,30,$28.58,Beaumont,California,United States,Bank Withdrawal
2277-BKJKN,Stayed,0,23,,,4,4951,70,Female,1,71,Two Year,$99.20,"$7,213.75","$8,775.75",1,Fiber Optic,1,1,27,$22.00,Camptonville,California,United States,Bank Withdrawal
8566-YPRGL,Joined,0,23,,,4,5279,57,Female,0,1,Month-to-Month,$19.50,$19.50,$52.52,0,,1,0,0,$33.02,Long Beach,California,United States,Credit Card
6859-QNXIQ,Stayed,0,23,,,3,5308,43,Female,0,72,Two Year,$113.10,"$8,248.50","$10,143.54",1,Fiber Optic,1,1,53,$26.32,Costa Mesa,California,United States,Bank Withdrawal
2472-OVKUP,Churned,1,94,Dissatisfaction,Service dissatisfaction,2,2283,39,Male,0,6,Month-to-Month,$91.00,$531.00,$783.48,1,Fiber Optic,1,1,29,$42.08,Canoga Park,California,United States,Bank Withdrawal
0929-HYQEW,Joined,0,23,,,3,2085,20,Male,0,3,Month-to-Month,$50.15,$160.85,$213.11,1,DSL,1,1,59,$17.42,Oakland,California,United States,Credit Card
1585-MQSSU,Churned,1,94,Dissatisfaction,Lack of self-service on Website,1,5659,36,Male,0,17,Month-to-Month,$51.50,$900.50,"$1,657.36",1,Cable,1,1,2,$46.60,Santa Rosa,California,United States,Mailed Check
0320-DWVTU,Stayed,0,23,,,3,4754,46,Female,0,53,Two Year,$99.50,"$5,424.25","$7,733.46",1,Fiber Optic,1,1,13,$43.57,Riverdale,California,United States,Credit Card
7094-MSZAO,Stayed,0,23,,,4,2049,55,Male,0,10,Month-to-Month,$20.05,$218.50,$356.80,0,,1,0,0,$13.83,Oakland,California,United States,Credit Card
7594-RQHXR,Churned,1,94,Other,Deceased,2,3108,20,Female,0,1,Month-to-Month,$79.60,$79.60,$101.32,1,Fiber Optic,1,1,52,$21.72,Covina,California,United States,Bank Withdrawal
4948-WBBKL,Stayed,0,23,,,3,5041,80,Female,1,36,Two Year,$74.90,"$2,659.45","$4,155.97",1,Fiber Optic,1,1,10,$41.57,Dunnigan,California,United States,Bank Withdrawal
6402-ZFPPI,Churned,1,94,Price,Price too high,1,4969,75,Female,1,25,Month-to-Month,$102.80,"$2,660.20","$3,572.70",1,Fiber Optic,1,1,30,$36.50,Fair Oaks,California,United States,Credit Card
2961-VNFKL,Stayed,0,23,,,5,5072,42,Female,0,71,Two Year,$25.95,"$1,801.90","$3,556.31",0,,1,0,0,$24.71,Mountain View,California,United States,Credit Card
4254-QPEDE,Stayed,0,23,,,4,4275,22,Female,0,52,Two Year,$66.25,"$3,330.10","$3,330.10",1,DSL,0,1,52,$0.00,Banning,California,United States,Credit Card
8985-OOPOS,Joined,0,23,,,5,2900,54,Female,0,1,One Year,$74.10,$74.10,$110.15,1,DSL,1,1,30,$36.05,Occidental,California,United States,Credit Card
0869-PAPRP,Stayed,0,23,,,3,3935,68,Female,1,26,Two Year,$85.70,"$2,067.00","$3,269.24",1,Fiber Optic,1,1,4,$46.24,Pixley,California,United States,Credit Card
8901-HJXTF,Churned,1,94,Competitor,Competitor made better offer,1,3747,46,Female,0,12,Month-to-Month,$29.20,$309.10,$309.10,1,DSL,0,1,27,$0.00,San Diego,California,United States,Mailed Check
6261-LHRTG,Stayed,0,23,,,4,4020,27,Female,0,26,Month-to-Month,$54.75,"$1,406.90","$2,442.74",1,Cable,1,1,42,$39.84,Upland,California,United States,Credit Card
9572-WUKSB,Joined,0,23,,,3,4416,22,Male,0,3,Month-to-Month,$29.90,$92.25,$92.25,1,DSL,0,1,41,$0.00,South Pasadena,California,United States,Bank Withdrawal
0325-XBFAC,Churned,1,94,Competitor,Competitor offered more data,1,5811,44,Male,0,8,Month-to-Month,$94.70,$740.30,$976.22,1,Fiber Optic,1,0,10,$19.49,Hoopa,California,United States,Bank Withdrawal
1925-GMVBW,Stayed,0,23,,,3,5967,49,Female,0,5,Month-to-Month,$20.55,$96.10,$218.75,0,,1,0,0,$24.53,Oroville,California,United States,Credit Card
3976-BWUCK,Churned,1,94,Competitor,Competitor made better offer,3,5255,63,Female,0,30,Month-to-Month,$94.10,"$2,804.45","$3,014.75",1,Fiber Optic,1,1,24,$7.01,San Diego,California,United States,Credit Card
1143-NMNQJ,Churned,1,95,Attitude,Attitude of service provider,2,2187,39,Female,0,2,Month-to-Month,$85.70,$169.80,$197.94,1,Fiber Optic,1,1,6,$14.07,Boulder Creek,California,United States,Bank Withdrawal
2507-QZPQS,Stayed,0,23,,,5,4999,24,Male,0,15,Month-to-Month,$95.70,"$1,451.10","$1,600.65",1,Fiber Optic,1,1,47,$9.97,La Mirada,California,United States,Bank Withdrawal
7100-FQPRV,Stayed,0,23,,,3,4106,24,Male,0,43,One Year,$71.90,"$3,173.35","$5,241.65",1,DSL,1,1,51,$48.10,Canoga Park,California,United States,Credit Card
4250-FDVOU,Churned,1,95,Attitude,Attitude of support person,1,4110,44,Female,0,6,Month-to-Month,$56.25,$389.10,$492.18,1,DSL,1,1,22,$17.18,Woodland,California,United States,Bank Withdrawal
7820-ZYGNY,Stayed,0,23,,,3,4616,33,Male,0,63,One Year,$90.45,"$5,825.50","$6,505.73",1,Fiber Optic,1,0,28,$9.21,La Puente,California,United States,Credit Card
9426-SXNHE,Joined,0,23,,,4,5355,23,Female,0,2,Month-to-Month,$18.75,$53.15,$62.99,0,,1,0,0,$4.92,Orleans,California,United States,Bank Withdrawal
8668-KNZTI,Stayed,0,23,,,3,5957,42,Male,0,52,One Year,$53.75,"$2,790.65","$5,238.33",1,DSL,1,1,3,$47.90,Sacramento,California,United States,Bank Withdrawal
6394-HHHZM,Joined,0,23,,,4,2011,27,Male,0,3,Month-to-Month,$20.70,$57.50,$172.73,0,,1,0,0,$38.41,Little River,California,United States,Credit Card
0811-GSDTP,Stayed,0,22,,,5,3540,50,Female,0,13,Month-to-Month,$30.15,$382.20,$392.20,1,Cable,0,0,19,$0.00,Alameda,California,United States,Bank Withdrawal
4374-YMUSQ,Stayed,0,22,,,3,4022,64,Male,0,34,One Year,$116.25,"$3,899.05","$4,660.99",1,Fiber Optic,1,1,13,$22.41,Lake Elsinore,California,United States,Credit Card
5982-FPVQN,Stayed,0,22,,,3,3407,40,Female,0,37,Month-to-Month,$95.15,"$3,532.85","$5,050.96",1,Fiber Optic,1,1,15,$41.03,Camarillo,California,United States,Bank Withdrawal
6496-JDSSB,Stayed,0,22,,,4,2165,24,Female,0,8,Month-to-Month,$80.00,$624.60,$943.96,1,Fiber Optic,1,1,73,$39.92,Oak Park,California,United States,Bank Withdrawal
9286-BHDQG,Stayed,0,22,,,4,5041,46,Male,0,72,Two Year,$45.25,"$3,139.80","$3,139.80",1,DSL,0,1,17,$0.00,Thousand Oaks,California,United States,Credit Card
1866-OBPNR,Joined,0,22,,,5,5494,28,Male,0,1,Month-to-Month,$74.60,$74.60,$117.59,1,Fiber Optic,1,1,59,$42.99,Sacramento,California,United States,Credit Card
1094-BKOSX,Stayed,0,22,,,4,4534,52,Female,0,45,One Year,$51.00,"$2,264.50","$2,264.50",1,Cable,0,1,19,$0.00,Coleville,California,United States,Bank Withdrawal
0756-MPZRL,Stayed,0,22,,,3,3007,35,Male,0,46,One Year,$33.70,"$1,537.85","$1,537.85",1,DSL,0,1,18,$0.00,Pauma Valley,California,United States,Credit Card
1722-LDZJS,Stayed,0,22,,,4,6050,38,Male,0,53,One Year,$20.20,"$1,068.15","$2,151.47",0,,1,0,0,$20.44,Sanger,California,United States,Credit Card
8992-VONJD,Stayed,0,22,,,3,5156,63,Female,0,13,Month-to-Month,$56.00,$764.55,"$1,116.07",1,DSL,1,1,10,$27.04,Long Beach,California,United States,Bank Withdrawal
7982-VCELR,Stayed,0,22,,,4,2807,20,Female,0,36,Month-to-Month,$94.80,"$3,565.65","$4,242.43",1,Fiber Optic,1,1,71,$19.64,Ramona,California,United States,Credit Card
9099-FTUHS,Stayed,0,22,,,3,2989,40,Female,0,23,Month-to-Month,$54.40,"$1,249.25","$2,367.74",1,Cable,1,1,11,$48.63,Grass Valley,California,United States,Bank Withdrawal
7542-CYDDM,Stayed,0,22,,,3,4204,61,Male,0,18,Month-to-Month,$20.05,$358.50,$771.96,0,,1,0,0,$22.97,Turlock,California,United States,Credit Card
8823-RLPWL,Stayed,0,22,,,4,4259,24,Female,0,72,Two Year,$110.65,"$8,065.65","$11,032.77",1,Fiber Optic,1,1,73,$41.21,Rosamond,California,United States,Credit Card
9058-CBREO,Churned,1,95,Dissatisfaction,Product dissatisfaction,1,3357,69,Female,1,1,Month-to-Month,$50.55,$50.55,$73.11,1,Cable,1,1,2,$22.56,Winton,California,United States,Credit Card
9714-EDSUC,Stayed,0,22,,,4,3094,25,Male,0,4,Month-to-Month,$94.90,$360.55,$406.55,1,Fiber Optic,1,1,41,$11.50,Alviso,California,United States,Credit Card
5597-GLBUC,Churned,1,95,Price,Lack of affordable download/upload speed,2,4931,48,Female,0,1,Month-to-Month,$85.45,$85.45,$108.42,1,Fiber Optic,1,1,23,$22.97,Squaw Valley,California,United States,Bank Withdrawal
6383-ZTSIW,Stayed,0,22,,,3,4599,77,Female,1,39,One Year,$99.10,"$3,877.95","$4,234.02",1,Fiber Optic,1,1,18,$9.13,Gustine,California,United States,Mailed Check
0689-DSXGL,Stayed,0,22,,,3,5494,61,Female,0,52,Month-to-Month,$85.80,"$4,433.30","$5,310.54",1,Fiber Optic,1,1,24,$16.87,Yreka,California,United States,Bank Withdrawal
4872-JCVCA,Stayed,0,22,,,3,4795,44,Female,0,71,Two Year,$47.60,"$3,377.80","$3,377.80",1,DSL,0,1,16,$0.00,Desert Hot Springs,California,United States,Bank Withdrawal
5569-KGJHX,Churned,1,95,Dissatisfaction,Service dissatisfaction,3,2445,63,Female,0,9,Month-to-Month,$85.35,$754.65,$932.54,1,Fiber Optic,1,0,5,$14.21,Canoga Park,California,United States,Bank Withdrawal
7929-DMBCV,Stayed,0,22,,,3,4741,45,Female,0,20,Month-to-Month,$81.00,"$1,683.70","$1,911.50",1,Fiber Optic,1,1,21,$11.39,Arroyo Grande,California,United States,Mailed Check
7073-QETQY,Stayed,0,22,,,5,4845,59,Male,0,66,One Year,$20.35,"$1,359.50","$4,331.48",0,,1,0,0,$45.03,Capay,California,United States,Bank Withdrawal
1866-NXPSP,Stayed,0,22,,,4,3235,48,Female,0,36,One Year,$75.55,"$2,680.15","$3,932.15",1,Cable,1,0,23,$32.00,Arcata,California,United States,Credit Card
5945-AZYHT,Stayed,0,22,,,3,4564,53,Male,0,71,One Year,$109.60,"$7,854.15","$11,355.87",1,Fiber Optic,1,1,9,$49.32,Antioch,California,United States,Bank Withdrawal
3585-ISXZP,Churned,1,95,Attitude,Attitude of support person,3,5335,53,Female,0,8,Month-to-Month,$95.65,$778.10,"$1,015.38",1,Fiber Optic,1,1,12,$29.66,Indio,California,United States,Bank Withdrawal
0067-DKWBL,Churned,1,95,Competitor,Competitor made better offer,2,3475,69,Male,1,2,Month-to-Month,$49.25,$91.10,$179.08,1,DSL,1,1,27,$43.99,San Diego,California,United States,Bank Withdrawal
3071-VBYPO,Joined,0,22,,,3,4648,38,Male,0,3,Month-to-Month,$89.85,$248.40,$348.30,1,Fiber Optic,1,1,12,$33.30,Whittier,California,United States,Bank Withdrawal
9715-SBVSU,Stayed,0,22,,,4,3186,20,Male,0,14,Two Year,$61.40,$815.55,$985.91,1,DSL,1,0,59,$10.74,Loma Linda,California,United States,Bank Withdrawal
4231-LZUYM,Stayed,0,22,,,5,5613,37,Female,0,72,Two Year,$25.65,"$1,887.00","$2,792.76",0,,1,0,0,$12.58,Larkspur,California,United States,Bank Withdrawal
7989-CHGTL,Churned,1,95,Competitor,Competitor made better offer,1,3448,52,Male,0,1,Month-to-Month,$19.60,$19.60,$33.77,0,,1,0,0,$14.17,San Diego,California,United States,Credit Card
6861-OKBCE,Churned,1,95,Attitude,Attitude of support person,2,4500,62,Female,0,11,Month-to-Month,$20.10,$221.35,$585.01,0,,1,0,0,$33.06,Seal Beach,California,United States,Credit Card
4188-FRABG,Stayed,0,22,,,4,5586,36,Male,0,57,Month-to-Month,$103.05,"$5,925.75","$7,737.78",1,Fiber Optic,1,1,13,$31.79,Sunland,California,United States,Bank Withdrawal
7916-VCCPB,Stayed,0,22,,,3,3624,58,Female,0,16,Month-to-Month,$73.25,"$1,195.75","$1,836.23",1,Fiber Optic,1,1,20,$40.03,Parker Dam,California,United States,Bank Withdrawal
8562-GHPPI,Joined,0,22,,,5,3129,50,Female,0,1,Month-to-Month,$19.80,$19.80,$31.76,0,,1,0,0,$11.96,San Leandro,California,United States,Credit Card
8161-QYMTT,Stayed,0,22,,,5,5259,55,Male,0,7,Month-to-Month,$94.10,$701.30,$752.89,1,Fiber Optic,1,1,6,$7.37,Santa Maria,California,United States,Bank Withdrawal
9696-RMYBA,Stayed,0,22,,,3,5225,56,Male,0,5,Month-to-Month,$80.10,$398.55,$460.30,1,Fiber Optic,1,1,13,$12.35,Los Angeles,California,United States,Credit Card
7672-VFMXZ,Stayed,0,22,,,3,4607,31,Male,0,57,Month-to-Month,$55.70,"$3,171.60","$4,019.37",1,Cable,1,1,15,$15.48,Long Beach,California,United States,Bank Withdrawal
4412-YLTKF,Churned,1,95,Competitor,Competitor had better devices,1,4638,72,Female,1,27,Month-to-Month,$78.05,"$2,135.50","$2,235.41",1,Fiber Optic,1,0,18,$3.33,Pico Rivera,California,United States,Bank Withdrawal
8708-XPXHZ,Churned,1,95,Competitor,Competitor had better devices,1,5458,25,Female,0,42,Month-to-Month,$94.20,"$4,186.30","$4,473.58",1,Fiber Optic,1,1,27,$6.84,Castella,California,United States,Bank Withdrawal
3106-ULWFW,Churned,1,95,Competitor,Competitor had better devices,1,2887,32,Female,0,8,Month-to-Month,$85.20,$627.40,$838.68,1,Fiber Optic,1,1,16,$26.41,Fontana,California,United States,Credit Card
5578-NKCXI,Stayed,0,22,,,3,4098,20,Female,0,58,One Year,$99.25,"$5,846.65","$8,111.55",1,Fiber Optic,1,1,76,$39.05,South Gate,California,United States,Credit Card
5294-CDGWY,Churned,1,95,Other,Don't know,1,5633,51,Male,0,51,One Year,$59.30,"$3,014.65","$3,014.65",1,DSL,0,1,2,$0.00,Long Beach,California,United States,Bank Withdrawal
6176-YJWAS,Stayed,0,22,,,4,4256,43,Male,0,72,Two Year,$97.95,"$7,114.25","$9,871.85",1,Fiber Optic,1,1,3,$38.30,Potter Valley,California,United States,Credit Card
1222-LRYKO,Stayed,0,22,,,3,2189,21,Male,0,6,Month-to-Month,$26.35,$184.05,$413.73,0,,1,0,0,$38.28,Posey,California,United States,Credit Card
9378-FXTIZ,Churned,1,95,Dissatisfaction,Network reliability,3,4596,50,Female,0,54,One Year,$70.15,"$3,715.65","$5,989.05",1,DSL,1,1,12,$42.10,San Diego,California,United States,Credit Card
7164-BPTUT,Stayed,0,22,,,4,4260,55,Male,0,57,Two Year,$89.55,"$5,012.35","$5,515.42",1,Cable,1,1,20,$9.36,Banning,California,United States,Mailed Check
2900-PHPLN,Stayed,0,22,,,3,5209,73,Female,1,70,Two Year,$19.55,"$1,462.05","$2,575.05",0,,1,0,0,$15.90,Vista,California,United States,Credit Card
8017-LXHFA,Churned,1,95,Competitor,Competitor made better offer,2,2740,77,Female,1,23,Month-to-Month,$94.75,"$2,293.60","$3,010.51",1,Fiber Optic,1,1,23,$31.17,San Diego,California,United States,Bank Withdrawal
7634-WSWDB,Stayed,0,22,,,3,4194,22,Female,0,8,Month-to-Month,$38.50,$330.80,$330.80,1,DSL,0,1,51,$0.00,Terra Bella,California,United States,Bank Withdrawal
2252-JHJGE,Stayed,0,22,,,3,4344,24,Male,0,61,One Year,$104.00,"$6,363.45","$9,150.54",1,Fiber Optic,1,1,48,$45.69,Sun Valley,California,United States,Bank Withdrawal
3913-RDSJZ,Stayed,0,22,,,4,4312,40,Female,0,64,Two Year,$25.55,"$1,714.95","$4,875.91",0,,1,0,0,$49.39,Los Angeles,California,United States,Credit Card
8695-ARGXZ,Stayed,0,22,,,5,5381,66,Male,1,34,Month-to-Month,$75.55,"$2,425.40","$2,495.78",1,Fiber Optic,1,1,16,$2.07,Fresno,California,United States,Bank Withdrawal
9248-OJYKK,Churned,1,95,Competitor,Competitor made better offer,3,3763,74,Male,1,1,Month-to-Month,$76.45,$76.45,$90.29,1,Fiber Optic,1,0,13,$3.84,San Diego,California,United States,Bank Withdrawal
8626-PTQGE,Stayed,0,22,,,3,5388,62,Male,0,69,Two Year,$60.05,"$4,176.70","$4,135.49",1,Cable,0,1,18,$0.00,Escondido,California,United States,Bank Withdrawal
3806-DXQOM,Churned,1,95,Attitude,Attitude of service provider,2,2563,47,Female,0,4,Month-to-Month,$33.65,$137.85,$137.85,1,DSL,0,1,4,$0.00,Baker,California,United States,Bank Withdrawal
8217-QYOHV,Stayed,0,22,,,4,4545,27,Male,0,5,Month-to-Month,$55.75,$266.95,$421.55,1,Cable,1,1,41,$30.92,Burbank,California,United States,Credit Card
0643-OKLRP,Churned,1,95,Dissatisfaction,Network reliability,1,5915,73,Female,1,47,Month-to-Month,$80.35,"$3,825.85","$5,716.42",1,Fiber Optic,1,0,7,$38.31,Azusa,California,United States,Bank Withdrawal
6038-GCYEC,Churned,1,95,Competitor,Competitor had better devices,1,5153,25,Female,0,24,Month-to-Month,$54.15,"$1,240.25","$1,240.25",1,DSL,0,1,52,$0.00,Palm Desert,California,United States,Credit Card
6317-YPKDH,Churned,1,95,Competitor,Competitor had better devices,1,4534,54,Female,0,1,Month-to-Month,$29.95,$29.95,$29.95,1,DSL,0,1,27,$0.00,Glendale,California,United States,Bank Withdrawal
1172-VIYBP,Stayed,0,22,,,3,4975,54,Male,0,53,Two Year,$69.70,"$3,686.05","$5,166.34",1,DSL,1,1,57,$27.93,Cathedral City,California,United States,Bank Withdrawal
6275-YDUVO,Churned,1,95,Attitude,Attitude of service provider,3,2969,62,Female,0,2,Month-to-Month,$86.20,$178.70,$226.80,1,Fiber Optic,1,1,27,$24.05,Orosi,California,United States,Mailed Check
7159-FVYPK,Joined,0,22,,,3,2301,23,Female,0,3,Month-to-Month,$69.15,$235.00,$307.84,1,DSL,1,0,73,$24.28,Beaumont,California,United States,Bank Withdrawal
3312-ZWLGF,Stayed,0,21,,,5,3172,69,Male,1,29,Month-to-Month,$79.30,"$2,414.55","$2,720.50",1,Fiber Optic,1,1,2,$10.55,Acton,California,United States,Bank Withdrawal
2220-IAHLS,Joined,0,21,,,3,5566,49,Female,0,1,Month-to-Month,$19.40,$19.40,$22.25,0,,1,0,0,$2.85,Modesto,California,United States,Credit Card
8710-YGLWG,Joined,0,21,,,3,2451,44,Male,0,1,Month-to-Month,$44.90,$44.90,$60.66,1,DSL,1,1,13,$15.76,North Hills,California,United States,Credit Card
5906-BFOZT,Joined,0,21,,,5,3753,54,Male,0,1,Month-to-Month,$19.50,$19.50,$27.52,0,,1,0,0,$8.02,Loleta,California,United States,Credit Card
3721-WKIIL,Stayed,0,21,,,5,2896,62,Female,0,27,Two Year,$19.60,$561.15,$964.15,0,,1,0,0,$15.41,Smartville,California,United States,Mailed Check
9067-YGSCA,Stayed,0,21,,,5,4467,35,Female,0,70,One Year,$26.05,"$1,856.40","$4,049.50",0,,1,0,0,$31.33,Salinas,California,United States,Credit Card
7777-UNYHB,Stayed,0,21,,,3,2360,43,Female,0,12,Month-to-Month,$20.10,$232.40,$528.20,0,,1,0,0,$24.65,Traver,California,United States,Credit Card
3763-GCZHZ,Churned,1,95,Competitor,Competitor offered more data,2,5504,23,Male,0,66,One Year,$104.05,"$6,890.00","$8,214.62",1,Fiber Optic,1,1,85,$20.07,Hathaway Pines,California,United States,Bank Withdrawal
5196-WPYOW,Stayed,0,21,,,4,6148,43,Male,0,67,One Year,$60.05,"$3,994.05","$4,431.56",1,Cable,1,1,19,$6.53,Paso Robles,California,United States,Credit Card
7270-BDIOA,Churned,1,95,Dissatisfaction,Limited range of services,2,4739,60,Female,0,22,Month-to-Month,$90.00,"$1,993.80","$2,261.98",1,Fiber Optic,1,1,23,$12.19,Maxwell,California,United States,Bank Withdrawal
1498-NHTLT,Stayed,0,21,,,3,5020,21,Male,0,59,Two Year,$86.75,"$5,186.00","$7,835.83",1,Cable,1,0,73,$42.37,Citrus Heights,California,United States,Bank Withdrawal
5481-NTDOH,Stayed,0,21,,,3,4126,67,Female,1,67,One Year,$107.05,"$7,142.50","$9,719.99",1,Fiber Optic,1,1,20,$38.47,Whittier,California,United States,Credit Card
5844-QVTAT,Stayed,0,21,,,4,4276,24,Female,0,33,One Year,$58.45,"$1,955.40","$2,245.47",1,Cable,1,1,27,$8.79,Irvine,California,United States,Credit Card
8166-ORCHU,Stayed,0,21,,,4,4414,73,Male,1,33,One Year,$93.55,"$3,055.50","$4,525.32",1,Fiber Optic,1,1,18,$44.54,Oakland,California,United States,Bank Withdrawal
5882-CMAZQ,Stayed,0,21,,,5,5100,52,Female,0,5,Month-to-Month,$34.25,$163.55,$163.55,1,DSL,0,1,19,$0.00,National City,California,United States,Bank Withdrawal
2782-LFZVW,Stayed,0,21,,,4,3880,52,Female,0,11,Month-to-Month,$58.95,$601.60,$941.87,1,Cable,1,0,10,$24.57,Costa Mesa,California,United States,Credit Card
7560-QRBXH,Stayed,0,21,,,3,3396,32,Female,0,48,One Year,$19.95,$936.70,"$1,377.82",0,,1,0,0,$9.19,Woodland,California,United States,Mailed Check
2632-TACXW,Stayed,0,21,,,4,4671,49,Female,0,62,Two Year,$23.65,"$1,416.75","$1,969.17",0,,1,0,0,$8.91,Richmond,California,United States,Bank Withdrawal
4531-AUZNK,Stayed,0,21,,,3,6492,21,Female,0,51,One Year,$95.15,"$5,000.05","$5,939.47",1,Fiber Optic,1,1,47,$18.42,Oakland,California,United States,Mailed Check
3272-VUHPV,Stayed,0,21,,,5,3135,24,Female,0,8,Month-to-Month,$56.30,$401.50,$686.38,1,Cable,1,0,59,$31.86,Whittier,California,United States,Bank Withdrawal
4818-QIUFN,Churned,1,95,Attitude,Attitude of support person,1,4997,69,Female,1,20,Month-to-Month,$79.15,"$1,520.90","$1,757.30",1,Fiber Optic,1,1,5,$11.82,Desert Hot Springs,California,United States,Bank Withdrawal
4385-ZKVNW,Stayed,0,21,,,4,4412,58,Male,0,44,Month-to-Month,$54.90,"$2,549.10","$4,726.86",1,DSL,1,0,52,$46.54,San Francisco,California,United States,Bank Withdrawal
4132-KALRO,Stayed,0,21,,,4,5354,31,Female,0,4,Month-to-Month,$100.85,$399.25,$441.01,1,Fiber Optic,1,0,3,$7.94,Davis Creek,California,United States,Credit Card
2081-KJSQF,Joined,0,21,,,5,4769,25,Male,0,1,Month-to-Month,$20.25,$20.25,$63.21,0,,1,0,0,$42.96,Isleton,California,United States,Credit Card
8755-IWJHN,Stayed,0,21,,,3,6132,73,Male,1,69,Two Year,$95.35,"$6,382.00","$9,825.79",1,Fiber Optic,1,1,13,$49.91,Honeydew,California,United States,Bank Withdrawal
5248-YGIJN,Stayed,0,21,,,3,5974,36,Male,0,72,Two Year,$90.25,"$6,369.45","$7,155.69",1,DSL,1,1,28,$10.92,Los Angeles,California,United States,Credit Card
0234-TEVTT,Stayed,0,21,,,3,5269,43,Female,0,48,One Year,$45.00,"$2,196.30","$2,196.30",1,DSL,0,1,22,$0.00,Tulare,California,United States,Credit Card
2800-VEQXM,Joined,0,21,,,3,3319,48,Female,0,3,Month-to-Month,$74.75,$238.10,$236.76,1,Fiber Optic,1,1,4,$12.50,Lebec,California,United States,Mailed Check
6538-POCHL,Stayed,0,21,,,3,4396,59,Male,0,33,Month-to-Month,$79.00,"$2,576.80","$3,158.59",1,Fiber Optic,1,1,19,$17.63,Mountain Center,California,United States,Credit Card
4826-XTSOH,Churned,1,96,Competitor,Competitor had better devices,1,4843,66,Male,1,1,Month-to-Month,$86.05,$86.05,$124.83,1,Fiber Optic,1,1,23,$38.78,Moss Landing,California,United States,Bank Withdrawal
8699-ASUFO,Churned,1,96,Attitude,Attitude of service provider,3,4969,72,Male,1,7,Month-to-Month,$74.40,$527.90,$557.88,1,Fiber Optic,1,1,17,$8.92,Nuevo,California,United States,Credit Card
0237-YFUTL,Stayed,0,21,,,3,4676,62,Female,0,50,Month-to-Month,$109.65,"$5,405.80","$7,134.30",1,Fiber Optic,1,1,13,$34.57,Midway City,California,United States,Bank Withdrawal
5762-TJXGK,Stayed,0,21,,,4,5122,40,Female,0,52,Two Year,$58.75,"$3,038.55","$3,038.55",1,DSL,0,1,19,$0.00,Wheatland,California,United States,Bank Withdrawal
9840-DVNDC,Churned,1,96,Attitude,Attitude of support person,2,2181,45,Male,0,6,Month-to-Month,$80.50,$463.05,$511.45,1,Fiber Optic,1,0,26,$6.40,Lancaster,California,United States,Credit Card
1696-MZVAU,Stayed,0,21,,,3,4259,27,Male,0,39,One Year,$25.25,$947.75,$947.75,1,DSL,0,1,48,$0.00,Los Angeles,California,United States,Credit Card
1452-UZOSF,Stayed,0,21,,,3,4890,31,Male,0,72,Two Year,$106.10,"$7,548.60","$8,040.73",1,Fiber Optic,1,1,24,$7.16,Guerneville,California,United States,Credit Card
8375-DKEBR,Churned,1,96,Competitor,Competitor had better devices,1,3438,72,Female,1,1,Month-to-Month,$69.60,$69.60,$104.11,1,Fiber Optic,1,1,15,$34.51,Hermosa Beach,California,United States,Bank Withdrawal
0348-SDKOL,Churned,1,96,Competitor,Competitor made better offer,2,4415,33,Female,0,58,Month-to-Month,$102.10,"$5,885.40","$6,188.98",1,Fiber Optic,1,0,28,$3.51,San Diego,California,United States,Credit Card
7740-KKCXF,Stayed,0,21,,,4,5045,61,Male,0,51,Month-to-Month,$30.05,"$1,529.45","$1,529.45",1,DSL,0,1,6,$0.00,Los Angeles,California,United States,Credit Card
6859-RKMZJ,Stayed,0,21,,,3,2762,38,Male,0,11,Month-to-Month,$55.05,$608.15,"$1,094.35",1,DSL,1,1,15,$44.20,Vallejo,California,United States,Bank Withdrawal
3030-ZKIWL,Joined,0,21,,,5,2798,23,Male,0,1,Month-to-Month,$20.05,$20.05,$38.20,0,,1,0,0,$18.15,Lake Isabella,California,United States,Credit Card
2189-WWOEW,Churned,1,96,Other,Don't know,3,3579,37,Female,0,15,Month-to-Month,$85.90,"$1,269.55","$1,639.00",1,Fiber Optic,1,1,13,$24.63,Keene,California,United States,Bank Withdrawal
1236-WFCDV,Churned,1,96,Competitor,Competitor offered more data,3,4777,74,Male,1,14,Month-to-Month,$90.45,"$1,266.10","$1,424.44",1,Fiber Optic,1,1,24,$11.31,Greenbrae,California,United States,Credit Card
3370-GQEAL,Stayed,0,21,,,3,3409,63,Male,0,30,Month-to-Month,$85.45,"$2,509.95","$3,258.42",1,Fiber Optic,1,0,19,$21.72,Indio,California,United States,Bank Withdrawal
6286-SUUWT,Joined,0,21,,,4,5916,44,Male,0,1,Month-to-Month,$19.95,$19.95,$47.03,0,,1,0,0,$27.08,Arnold,California,United States,Credit Card
4018-PPNDW,Stayed,0,21,,,4,5970,23,Female,0,61,Two Year,$24.10,"$1,551.60","$2,365.95",0,,1,0,0,$13.35,California City,California,United States,Credit Card
3932-IJWDZ,Stayed,0,21,,,5,2183,51,Male,0,45,Month-to-Month,$103.65,"$4,747.85","$5,861.60",1,Fiber Optic,1,1,13,$24.75,Willits,California,United States,Bank Withdrawal
7488-MXJIV,Churned,1,96,Competitor,Competitor had better devices,1,3223,63,Female,0,4,Month-to-Month,$85.65,$321.65,$504.93,1,Fiber Optic,1,0,20,$43.32,Armona,California,United States,Bank Withdrawal
3118-UHVVQ,Stayed,0,21,,,4,4747,41,Female,0,68,Two Year,$25.80,"$1,911.50","$3,075.66",0,,1,0,0,$17.12,Calpine,California,United States,Credit Card
0971-QIFJK,Stayed,0,21,,,3,4884,57,Female,0,69,Two Year,$24.25,"$1,641.80","$4,340.87",0,,1,0,0,$39.78,Soquel,California,United States,Bank Withdrawal
9770-LXDBK,Joined,0,21,,,4,5695,42,Female,0,3,Month-to-Month,$20.40,$63.15,$107.52,0,,1,0,0,$14.79,Los Angeles,California,United States,Credit Card
5996-EBTKM,Stayed,0,21,,,3,6079,46,Female,0,67,Two Year,$69.90,"$4,615.90","$5,609.51",1,DSL,1,1,24,$14.83,Lakeside,California,United States,Bank Withdrawal
2267-FPIMA,Stayed,0,21,,,4,5548,27,Male,0,50,Month-to-Month,$94.40,"$4,914.90","$5,793.90",1,Fiber Optic,1,1,47,$17.58,San Carlos,California,United States,Credit Card
4712-AUQZO,Stayed,0,21,,,4,5388,53,Male,0,18,Month-to-Month,$33.60,$550.35,$550.35,1,DSL,0,1,30,$0.00,Pinole,California,United States,Credit Card
5172-RKOCB,Stayed,0,21,,,4,5758,28,Male,0,72,Two Year,$108.95,"$7,875.00","$9,405.72",1,Fiber Optic,1,1,53,$21.26,Piercy,California,United States,Credit Card
2550-AEVRU,Stayed,0,21,,,3,5660,33,Female,0,57,One Year,$53.45,"$3,053.00","$4,022.57",1,DSL,1,1,11,$17.01,Woodland Hills,California,United States,Bank Withdrawal
6599-SFQVE,Stayed,0,21,,,5,2629,27,Female,0,6,Month-to-Month,$55.00,$340.40,$565.82,1,Cable,1,1,58,$37.57,Santa Clara,California,United States,Bank Withdrawal
2673-CXQEU,Stayed,0,21,,,4,4463,73,Female,1,56,One Year,$110.50,"$6,139.50","$8,778.78",1,Fiber Optic,1,1,29,$47.13,Gardena,California,United States,Bank Withdrawal
9233-PSYHO,Stayed,0,21,,,4,2636,68,Female,1,45,One Year,$100.15,"$4,459.80","$4,770.30",1,Fiber Optic,1,1,20,$6.90,Ontario,California,United States,Bank Withdrawal
4979-HPRFL,Stayed,0,21,,,4,5137,54,Male,0,56,Two Year,$24.15,"$1,402.25","$3,482.36",0,,1,0,0,$37.67,Garden Grove,California,United States,Bank Withdrawal
2675-DHUTR,Stayed,0,21,,,3,4993,80,Male,1,58,Two Year,$98.90,"$5,780.70","$7,585.08",1,Fiber Optic,1,1,4,$31.11,Big Pine,California,United States,Bank Withdrawal
2682-KEVRP,Stayed,0,21,,,3,4327,65,Female,1,22,One Year,$20.05,$417.00,"$1,173.58",0,,1,0,0,$34.39,Woodlake,California,United States,Credit Card
8532-UEFWH,Stayed,0,21,,,3,4676,61,Male,0,52,Two Year,$25.75,"$1,345.85","$3,920.37",0,,1,0,0,$49.51,Huntington Beach,California,United States,Mailed Check
2452-MRMZF,Stayed,0,21,,,3,5079,70,Female,1,72,Two Year,$25.70,"$1,937.40","$2,547.96",0,,1,0,0,$8.48,Inglewood,California,United States,Credit Card
5286-YHCVC,Stayed,0,21,,,4,4165,58,Male,0,72,Two Year,$104.80,"$7,470.10","$10,385.38",1,Fiber Optic,1,1,15,$40.49,Laton,California,United States,Bank Withdrawal
3865-ZFZIB,Stayed,0,21,,,5,5596,25,Male,0,19,Two Year,$19.65,$358.15,"$1,017.07",0,,1,0,0,$34.68,Los Angeles,California,United States,Credit Card
1254-IZEYF,Churned,1,96,Competitor,Competitor made better offer,3,5362,74,Female,1,31,Month-to-Month,$99.95,"$3,186.65","$4,406.81",1,Fiber Optic,1,1,4,$39.36,Cutler,California,United States,Bank Withdrawal
9928-BZVLZ,Stayed,0,20,,,3,3100,58,Female,0,12,Two Year,$49.85,$552.10,$552.10,1,DSL,0,1,7,$0.00,Sunset Beach,California,United States,Credit Card
2750-BJLSB,Stayed,0,20,,,4,4543,32,Female,0,47,One Year,$103.70,"$4,730.60","$4,845.75",1,Fiber Optic,1,1,13,$2.45,Rancho Santa Fe,California,United States,Bank Withdrawal
3251-YMVWZ,Stayed,0,20,,,3,4865,34,Male,0,53,One Year,$24.05,"$1,301.90","$3,388.51",0,,1,0,0,$39.37,San Andreas,California,United States,Bank Withdrawal
0913-XWSCN,Stayed,0,20,,,4,6411,29,Male,0,55,Month-to-Month,$85.50,"$4,713.40","$7,017.35",1,Fiber Optic,1,1,52,$41.89,Sun City,California,United States,Bank Withdrawal
0637-YLETY,Churned,1,96,Attitude,Attitude of service provider,1,5915,39,Female,0,16,Month-to-Month,$95.60,"$1,555.65","$1,859.49",1,Fiber Optic,1,1,30,$18.99,Douglas City,California,United States,Credit Card
5567-GZKQY,Stayed,0,20,,,4,4335,58,Male,0,58,Two Year,$20.30,"$1,131.50","$2,828.00",0,,1,0,0,$29.25,Porterville,California,United States,Credit Card
9402-CXWPL,Stayed,0,20,,,5,5980,25,Female,0,70,One Year,$98.90,"$6,838.60","$7,425.90",1,Fiber Optic,1,1,59,$8.39,Birds Landing,California,United States,Bank Withdrawal
9158-VCTQB,Churned,1,96,Price,Extra data charges,1,4963,41,Female,0,41,Month-to-Month,$113.60,"$4,594.95","$4,800.36",1,Fiber Optic,1,1,10,$5.01,Los Angeles,California,United States,Bank Withdrawal
8734-FNWVH,Stayed,0,20,,,5,2425,21,Male,0,31,Month-to-Month,$59.70,"$1,825.50","$2,776.27",1,DSL,1,1,59,$30.67,West Covina,California,United States,Bank Withdrawal
2754-XBHTB,Churned,1,96,Competitor,Competitor made better offer,2,3847,40,Female,0,9,Month-to-Month,$77.65,$714.15,$920.07,1,Fiber Optic,1,1,23,$22.88,Amador City,California,United States,Bank Withdrawal
8660-BUETV,Joined,0,20,,,5,3422,37,Female,0,3,Month-to-Month,$44.75,$148.05,$262.72,1,Cable,1,0,13,$34.89,Riverside,California,United States,Credit Card
3963-RYFNS,Stayed,0,20,,,4,5567,25,Female,0,72,Two Year,$116.45,"$8,013.55","$11,596.99",1,Fiber Optic,1,0,51,$48.52,Venice,California,United States,Bank Withdrawal
2027-WKXMW,Stayed,0,20,,,5,4582,49,Female,0,63,Month-to-Month,$108.75,"$6,871.70","$8,155.01",1,Fiber Optic,1,1,26,$20.37,Montara,California,United States,Bank Withdrawal
8456-QDAVC,Stayed,0,20,,,3,2464,57,Male,0,19,Month-to-Month,$78.70,"$1,495.10","$2,029.71",1,Fiber Optic,1,1,13,$29.55,Winterhaven,California,United States,Bank Withdrawal
0529-ONKER,Churned,1,96,Attitude,Attitude of support person,3,2099,70,Male,1,15,Month-to-Month,$75.65,"$1,146.65","$1,842.35",1,Fiber Optic,1,1,19,$46.38,Forest Ranch,California,United States,Bank Withdrawal
3957-HHLMR,Stayed,0,20,,,3,6316,50,Female,0,70,One Year,$65.20,"$4,543.15","$6,623.55",1,DSL,1,1,12,$29.72,Aguanga,California,United States,Bank Withdrawal
5565-FILXA,Churned,1,96,Other,Don't know,2,5913,76,Female,1,16,Month-to-Month,$96.15,"$1,529.20","$2,149.20",1,Fiber Optic,1,1,16,$38.75,Escondido,California,United States,Bank Withdrawal
7629-WFGLW,Stayed,0,20,,,3,6335,80,Female,1,56,One Year,$95.65,"$5,471.75","$6,096.84",1,Fiber Optic,1,1,27,$11.55,Palo Alto,California,United States,Bank Withdrawal
7041-TXQJH,Stayed,0,20,,,5,5924,64,Female,0,37,Month-to-Month,$40.20,"$1,478.85","$1,478.85",1,Cable,0,1,6,$0.00,Goodyears Bar,California,United States,Credit Card
1016-DJTSV,Stayed,0,20,,,4,5242,66,Male,1,8,Two Year,$69.70,$572.85,$907.65,1,Fiber Optic,1,1,5,$41.85,Santee,California,United States,Bank Withdrawal
6344-SFJVH,Stayed,0,20,,,5,5942,41,Female,0,20,Month-to-Month,$24.90,$505.95,$505.95,1,DSL,0,1,21,$0.00,Shasta Lake,California,United States,Credit Card
3776-EKTKM,Churned,1,96,Dissatisfaction,Service dissatisfaction,3,5303,79,Female,1,1,Month-to-Month,$36.45,$36.45,$36.45,1,Cable,0,1,26,$0.00,Burbank,California,United States,Bank Withdrawal
7601-GNDYK,Stayed,0,20,,,4,3764,52,Male,0,35,Two Year,$19.60,$686.95,"$1,416.70",0,,1,0,0,$20.85,Wildomar,California,United States,Credit Card
8189-HBVRW,Stayed,0,20,,,3,5249,50,Female,0,53,Month-to-Month,$90.80,"$4,921.20","$5,114.23",1,Fiber Optic,1,0,19,$2.51,Los Angeles,California,United States,Bank Withdrawal
3062-ICYZQ,Stayed,0,20,,,3,5457,41,Female,0,51,Month-to-Month,$93.80,"$4,539.35","$5,928.08",1,Fiber Optic,1,1,75,$27.23,Oak Park,California,United States,Bank Withdrawal
6015-VVHHE,Churned,1,96,Dissatisfaction,Service dissatisfaction,3,2516,68,Female,1,5,Month-to-Month,$83.15,$446.05,$655.20,1,Fiber Optic,1,1,25,$41.83,Los Angeles,California,United States,Credit Card
7244-KXYZN,Stayed,0,20,,,4,4690,25,Female,0,24,One Year,$20.45,$527.35,$670.87,0,,1,0,0,$5.98,Modesto,California,United States,Credit Card
3415-TAILE,Churned,1,96,Competitor,Competitor had better devices,1,4265,21,Female,0,2,Month-to-Month,$65.70,$134.35,$188.89,1,DSL,1,1,51,$27.27,Johannesburg,California,United States,Credit Card
9764-REAFF,Stayed,0,20,,,4,4375,60,Female,0,59,Two Year,$18.40,"$1,057.85","$2,650.26",0,,1,0,0,$26.99,Stonyford,California,United States,Bank Withdrawal
8111-SLLHI,Churned,1,96,Attitude,Attitude of support person,3,4687,65,Male,1,39,Month-to-Month,$105.65,"$4,284.80","$5,581.55",1,Fiber Optic,1,1,26,$33.25,San Jose,California,United States,Bank Withdrawal
2233-FAGXV,Stayed,0,20,,,5,3181,41,Female,0,5,Month-to-Month,$24.30,$132.25,$165.75,0,,1,0,0,$6.70,Salton City,California,United States,Credit Card
8857-CUPFQ,Stayed,0,20,,,3,4538,57,Male,0,63,Two Year,$19.25,"$1,237.65","$2,332.59",0,,1,0,0,$17.38,Wallace,California,United States,Credit Card
4647-MUZON,Stayed,0,20,,,3,5009,56,Female,0,18,Month-to-Month,$95.95,"$1,745.50","$2,271.58",1,Fiber Optic,1,1,7,$29.60,Port Hueneme,California,United States,Credit Card
5028-GZLDO,Churned,1,96,Dissatisfaction,Service dissatisfaction,1,5317,21,Male,0,2,Month-to-Month,$70.70,$140.70,$212.82,1,Fiber Optic,1,1,85,$36.06,Moraga,California,United States,Credit Card
5781-BKHOP,Stayed,0,20,,,3,6380,48,Female,0,72,Two Year,$100.65,"$7,334.05","$10,335.01",1,Fiber Optic,1,1,28,$41.68,Richmond,California,United States,Bank Withdrawal
3927-NLNRY,Churned,1,96,Other,Moved,3,5414,48,Male,0,53,One Year,$94.25,"$4,867.95","$5,703.76",1,Fiber Optic,1,1,9,$15.77,Long Barn,California,United States,Bank Withdrawal
9776-CLUJA,Churned,1,96,Competitor,Competitor offered more data,1,5748,69,Female,1,51,Month-to-Month,$77.50,"$3,807.35","$4,718.72",1,Fiber Optic,1,1,9,$17.87,Sacramento,California,United States,Bank Withdrawal
2685-SREOM,Churned,1,96,Competitor,Competitor had better devices,1,4793,36,Female,0,25,Month-to-Month,$89.10,"$2,368.40","$2,949.40",1,Fiber Optic,1,1,25,$23.24,Rancho Cucamonga,California,United States,Bank Withdrawal
1251-STYSZ,Stayed,0,20,,,4,3828,66,Female,1,4,One Year,$80.25,$303.70,$368.70,1,Fiber Optic,1,0,4,$8.75,Glenhaven,California,United States,Bank Withdrawal
3208-YPIOE,Churned,1,96,Competitor,Competitor made better offer,3,4696,64,Male,0,39,Month-to-Month,$75.25,"$3,017.65","$4,428.28",1,Fiber Optic,1,1,5,$36.17,La Mesa,California,United States,Bank Withdrawal
1895-QTKDO,Joined,0,20,,,5,5684,38,Female,0,1,Month-to-Month,$43.95,$43.95,$89.54,1,DSL,1,1,5,$45.59,San Jacinto,California,United States,Credit Card
4102-HLENU,Stayed,0,20,,,3,5441,51,Female,0,67,Two Year,$65.65,"$4,322.85","$5,852.46",1,Cable,1,1,22,$22.83,Auburn,California,United States,Credit Card
4729-XKASR,Churned,1,96,Competitor,Competitor had better devices,1,3001,56,Male,0,1,Month-to-Month,$24.75,$24.75,$24.75,1,DSL,0,1,57,$0.00,San Jose,California,United States,Bank Withdrawal
0129-KPTWJ,Stayed,0,20,,,3,5943,39,Male,0,72,Month-to-Month,$94.65,"$6,747.35","$9,139.19",1,Fiber Optic,1,1,23,$33.22,North Highlands,California,United States,Bank Withdrawal
0685-MLYYM,Churned,1,96,Price,Long distance charges,2,4407,74,Female,1,2,Month-to-Month,$70.75,$154.85,$174.57,1,Fiber Optic,1,1,21,$9.86,Buena Park,California,United States,Bank Withdrawal
7251-LJBQN,Stayed,0,20,,,3,3568,74,Female,1,40,One Year,$103.75,"$4,188.40","$5,330.00",1,Fiber Optic,1,1,24,$28.54,Strathmore,California,United States,Credit Card
8734-DKSTZ,Stayed,0,20,,,3,4922,20,Female,0,10,Month-to-Month,$85.95,$858.60,$923.60,1,Fiber Optic,1,1,76,$6.50,Winterhaven,California,United States,Bank Withdrawal
4782-OSFXZ,Stayed,0,20,,,3,5089,72,Female,1,71,Two Year,$82.70,"$5,831.20","$8,495.83",1,DSL,1,1,24,$37.53,Lodi,California,United States,Bank Withdrawal
3170-NMYVV,Stayed,0,20,,,4,5849,37,Female,0,50,Two Year,$20.15,$930.90,"$2,278.40",0,,1,0,0,$26.95,Compton,California,United States,Bank Withdrawal
5018-GWURO,Stayed,0,20,,,4,6483,25,Female,0,56,Month-to-Month,$85.60,"$4,902.80","$7,300.16",1,Fiber Optic,1,1,51,$42.81,Novato,California,United States,Bank Withdrawal
2430-RRYUW,Stayed,0,20,,,4,4621,32,Male,0,66,One Year,$54.80,"$3,465.70","$4,228.66",1,DSL,1,1,30,$11.56,Tecate,California,United States,Mailed Check
1306-RPWXZ,Stayed,0,20,,,4,4784,60,Female,0,49,Two Year,$20.45,"$1,024.65","$2,577.95",0,,1,0,0,$31.70,Mc Farland,California,United States,Credit Card
9894-QMIMJ,Stayed,0,20,,,3,2499,55,Female,0,23,One Year,$55.80,"$1,327.85","$1,535.77",1,DSL,1,1,8,$9.04,North Hollywood,California,United States,Bank Withdrawal
9770-KXGQU,Stayed,0,20,,,3,4635,52,Female,0,53,One Year,$98.60,"$5,311.85","$6,869.52",1,Fiber Optic,1,1,12,$29.39,Moreno Valley,California,United States,Credit Card
0504-HHAPI,Churned,1,96,Other,Don't know,3,2420,72,Female,1,27,Month-to-Month,$88.30,"$2,467.75","$2,925.13",1,Fiber Optic,1,1,11,$16.94,Guinda,California,United States,Credit Card
7602-DBTOU,Stayed,0,20,,,4,4890,46,Female,0,71,Two Year,$19.60,"$1,416.50","$4,102.43",0,,1,0,0,$37.83,San Francisco,California,United States,Credit Card
2333-KWEWW,Stayed,0,20,,,3,2782,64,Male,0,18,Two Year,$20.05,$388.60,$861.28,0,,1,0,0,$26.26,Fresno,California,United States,Credit Card
5271-DBYSJ,Stayed,0,20,,,5,3355,80,Male,1,11,Month-to-Month,$79.15,$827.70,"$1,262.94",1,Fiber Optic,1,0,15,$26.84,Berkeley,California,United States,Credit Card
7580-UGXNC,Churned,1,96,Price,Extra data charges,1,3016,73,Female,1,2,Month-to-Month,$54.85,$104.20,$155.68,1,DSL,1,1,6,$25.74,Culver City,California,United States,Credit Card
1855-CFULU,Stayed,0,20,,,5,3460,65,Female,1,4,Two Year,$20.05,$91.45,$259.37,0,,1,0,0,$41.98,Oakland,California,United States,Credit Card
7435-ZNUYY,Stayed,0,20,,,3,4439,24,Male,0,6,One Year,$20.60,$116.60,$189.62,0,,1,0,0,$12.17,Loleta,California,United States,Credit Card
0786-IVLAW,Stayed,0,20,,,3,4722,72,Female,1,66,One Year,$108.10,"$7,238.60","$7,474.22",1,Fiber Optic,1,1,28,$3.57,Valley Village,California,United States,Bank Withdrawal
0301-KOBTQ,Stayed,0,20,,,5,3398,50,Male,0,32,Two Year,$20.05,$614.45,"$1,081.84",0,,1,0,0,$14.91,Capitola,California,United States,Bank Withdrawal
0727-BNRLG,Stayed,0,20,,,3,5709,41,Male,0,69,Two Year,$97.65,"$6,743.55","$10,148.70",1,Fiber Optic,1,1,30,$49.35,Los Angeles,California,United States,Credit Card
0048-PIHNL,Stayed,0,20,,,3,6061,48,Female,0,49,One Year,$20.45,$900.90,"$3,330.32",0,,1,0,0,$49.58,Los Angeles,California,United States,Bank Withdrawal
1057-FOGLZ,Stayed,0,20,,,3,4333,44,Female,0,18,Month-to-Month,$19.65,$391.70,$719.30,0,,1,0,0,$18.20,Calimesa,California,United States,Credit Card
4891-NLUBA,Stayed,0,20,,,3,5063,46,Female,0,61,Two Year,$61.45,"$3,751.15","$3,751.15",1,DSL,0,1,26,$0.00,Paynes Creek,California,United States,Bank Withdrawal
2805-AUFQN,Stayed,0,20,,,3,3875,42,Female,0,25,Two Year,$19.80,$475.20,$823.45,0,,1,0,0,$13.93,Traver,California,United States,Credit Card
6917-FIJHC,Stayed,0,20,,,4,5374,60,Female,0,72,Two Year,$26.00,"$1,776.00","$3,718.56",0,,1,0,0,$26.98,Livingston,California,United States,Credit Card
2270-CHBFN,Stayed,0,20,,,3,2221,46,Female,0,44,Month-to-Month,$95.10,"$4,060.55","$5,500.23",1,Fiber Optic,1,1,6,$32.72,Ventura,California,United States,Credit Card
4767-HZZHQ,Stayed,0,9,,,3,5036,32,Male,0,30,Month-to-Month,$82.05,"$2,570.20","$2,875.90",1,Fiber Optic,1,0,21,$6.19,Redondo Beach,California,United States,Bank Withdrawal
3146-MSEGF,Stayed,0,8,,,3,6102,71,Female,1,72,Two Year,$88.05,"$6,425.65","$7,900.21",1,DSL,1,1,6,$20.48,Paramount,California,United States,Credit Card
9058-HRZSV,Stayed,0,7,,,4,5348,77,Female,1,65,One Year,$94.40,"$6,126.15","$8,616.95",1,Fiber Optic,1,1,25,$38.32,Baldwin Park,California,United States,Bank Withdrawal
7156-MXBJE,Stayed,0,5,,,3,2319,29,Female,0,43,One Year,$85.10,"$3,662.25","$3,799.32",1,DSL,1,0,53,$2.49,San Diego,California,United States,Credit Card
